queue_position,video_id,upload_date,final_caption,original_caption,was_translated,views,duration_s,sort_ts
1,6808297904776826118,2020-03-25,"I’m Lucas Fink and I love #skimboarding , nice to met you TikTok #Skimboard","#Skimboard essa é minha arte, muito prazer Lucas Fink // I’m Lucas Fink and I love #skimboarding , nice to met you TikTok",1,3410,22,1585180384
2,6808302096157347077,2020-03-26,Still figuring out how #720 shuvs and #TikTok works,Ainda entendendo como esse tal de #TikTok funciona // Still figuring out how #720 shuvs and #TikTok works,1,4761,7,1585181360
3,6808311672931994885,2020-03-26,Just having fun with @redbull Brazil 🇧🇷 team 🚀🔥 Saudades equipe!,Just having fun with @redbull Brazil 🇧🇷 team 🚀🔥 Saudades equipe!,0,5225,8,1585183590
4,6808313956566961413,2020-03-26,Golden hour 🍯✨ No photos videos only 📹🔥,Golden hour 🍯✨ No photos videos only 📹🔥,0,4064,9,1585184122
5,6808319688410418438,2020-03-26,RJ lifestyle 🇧🇷🍇,RJ lifestyle 🇧🇷🍇,0,6488,11,1585185456
6,6808513996795202821,2020-03-26,#Skimboarding at the #WavePool in #Bristol 🔥🤯 #skim #skimboard #skimming #surf #surfing #travisscott #wave #trick #viral #viralvideo #barrel #skate,#Skimboarding at the #WavePool in #Bristol 🔥🤯 #skim #skimboard #skimming #surf #surfing #travisscott #wave #trick #viral #viralvideo #barrel #skate,0,3839,24,1585230697
7,6809262897705864453,2020-03-28,#Selfie game strong 😂💥 #ocean #wave #kook #gopro #wipeout #viral #viralvideo,#Selfie game strong 😂💥 #ocean #wave #kook #gopro #wipeout #viral #viralvideo,0,2095,5,1585405064
8,6809265310084943110,2020-03-28,#GoPro #Skimboarding @ Rio de Janeiro 🇧🇷 #skim #skimming #surf #surfing #barrel #wave #ocean #viral #viralvideo #awesome,#GoPro #Skimboarding @ Rio de Janeiro 🇧🇷 #skim #skimming #surf #surfing #barrel #wave #ocean #viral #viralvideo #awesome,1,2398,12,1585405626
9,6809268399890255109,2020-03-28,"Run, Drop, Slide, Alley Oop 🚀 #skim #skimboarding #skimboard #surf #surfing #waves #air #ocean #viralvideo #viral #skate #trick","Run, Drop, Slide, Alley Oop 🚀 #skim #skimboarding #skimboard #surf #surfing #waves #air #ocean #viralvideo #viral #skate #trick",0,2963,10,1585406345
10,6809269853673884934,2020-03-28,Another sick #iphone follow cam to #skimboarding air 🚀 #skimboard #skim #brazil #wedge #wave #trick #viral #viralvideo #surfing #surf,Another sick #iphone follow cam to #skimboarding air 🚀 #skimboard #skim #brazil #wedge #wave #trick #viral #viralvideo #surfing #surf,0,2697,10,1585406684
11,6809271913832140038,2020-03-28,Displacing water 💦 #skim #skimboard #skimboarding #skimming #wave #turn #carve #surf #surfing #viral #viralvideo,Displacing water 💦 #skim #skimboard #skimboarding #skimming #wave #turn #carve #surf #surfing #viral #viralvideo,0,2876,10,1585407164
12,6811229129237662981,2020-04-02,#StayInside #skimboarding #barrel #wedge #wipeout #fyp #foryou #foryoupage #surf,#StayInside #skimboarding #barrel #wedge #wipeout #fyp #foryou #foryoupage #surf,0,2801,4,1585862863
13,6813316318465395973,2020-04-08,How I drink my #RedBull during #Quaraintine 😂🚀 Como beber RedBull na #Quarenenta 😂🚀#ballancechallenge #indoboard #riodejaneiro #brasil #tiktokbr,How I drink my #RedBull during #Quaraintine 😂🚀 Como beber RedBull na #Quarenenta 😂🚀#ballancechallenge #indoboard #riodejaneiro #brasil #tiktokbr,0,4644,12,1586348825
14,6813317430274788614,2020-04-08,How #skimboarding feels // Como é andar de #skimboard 🧐 #360 #viral #viralvideo #viralclip #vr #virtualreality #fyp #foryou #foryoupage #brasil,How #skimboarding feels // Como é andar de #skimboard 🧐 #360 #viral #viralvideo #viralclip #vr #virtualreality #fyp #foryou #foryoupage #brasil,0,3564,15,1586349084
15,6813319334463655174,2020-04-08,MOVE GET OUT THE WAY 😂💥 Watch the little kid get smashed! #foryou #viral #viralvideo #fyp #wipeout #fail #funny #viralclip #skimboarding #beach,MOVE GET OUT THE WAY 😂💥 Watch the little kid get smashed! #foryou #viral #viralvideo #fyp #wipeout #fail #funny #viralclip #skimboarding #beach,0,5329,11,1586349527
16,6813458603144531206,2020-04-08,#Skimboarding combo trick 💥 #sports #surf #actionsports #skimming #viral #viraliralvideo #fyp #insane,#Skimboarding combo trick 💥 #sports #surf #actionsports #skimming #viral #viraliralvideo #fyp #insane,0,3467,7,1586381956
17,6813461060683582726,2020-04-08,Most powerful turn ever?! Que tiro foi esse?! 💥🔥 #power #turn #fyp #viralvideo #motor #viralclip #oneturn #skim #surf #skimboarding #skimming #fyp,Most powerful turn ever?! Que tiro foi esse?! 💥🔥 #power #turn #fyp #viralvideo #motor #viralclip #oneturn #skim #surf #skimboarding #skimming #fyp,0,2937,12,1586382528
18,6813874376459554054,2020-04-10,#Carnaval #Carioca e suas loucuras 😂☠️ Just having #fun during #carnival in #Brazil ￼🤣😳 #fyp #viral #viralclip #fail #wipeout #viralvideo #rio,#Carnaval #Carioca e suas loucuras 😂☠️ Just having #fun during #carnival in #Brazil ￼🤣😳 #fyp #viral #viralclip #fail #wipeout #viralvideo #rio,0,4761,27,1586478758
19,6815692211884281094,2020-04-14,Just having #fun with the boys 🙌🏼🤪🤣😂 #barrel #fyp #tube #epic #gopro,Just having #fun with the boys 🙌🏼🤪🤣😂 #barrel #fyp #tube #epic #gopro,0,3445,36,1586902008
20,6815693694159555845,2020-04-14,Of course something was going wrong 🤪🤣😱🤯 #fail #wipeout #waves #fun #epic #fyp,Of course something was going wrong 🤪🤣😱🤯 #fail #wipeout #waves #fun #epic #fyp,0,3775,39,1586902351
21,6815694598094982406,2020-04-14,#Skateboarding on #Water ?! 🤯 #fyp #skimboarding #epic #awesome #surfing,#Skateboarding on #Water ?! 🤯 #fyp #skimboarding #epic #awesome #surfing,0,6008,10,1586902561
22,6816012530599693574,2020-04-15,Finless #barrel on a #skimboard 🔥🙌🏼 Kissed by god ✨ #boredathome #fyp #viralvideo #skimboarding #surfing #tube #wave #epic #surf,Finless #barrel on a #skimboard 🔥🙌🏼 Kissed by god ✨ #boredathome #fyp #viralvideo #skimboarding #surfing #tube #wave #epic #surf,0,3531,11,1586976588
23,6816054870987066630,2020-04-15,#Skimboarding @ #RioDeJaneiro 🍇 #tiktokbr #rj #brasil #brazil #mpb #foryou,#Skimboarding @ #RioDeJaneiro 🍇 #tiktokbr #rj #brasil #brazil #mpb #foryou,0,2988,13,1586986444
24,6816055725870075142,2020-04-15,All eyez on me 📹🔥😎 #skimboarding #skimboard #trick #skate #riodejaneiro #rj #tiktokbrasil,All eyez on me 📹🔥😎 #skimboarding #skimboard #trick #skate #riodejaneiro #rj #tiktokbrasil,0,3601,10,1586986643
25,6818162996162907398,2020-04-21,SEVENtine 🔥 720 #shuvit on a #skimboard #fyp #viralvideo #tiktokbr #insane,SEVENtine 🔥 720 #shuvit on a #skimboard #fyp #viralvideo #tiktokbr #insane,0,3322,12,1587477280
26,6818164498512366854,2020-04-21,Birds eye view of me #paddling on a #skimboard in #RioDeJaneiro,Birds eye view of me #paddling on a #skimboard in #RioDeJaneiro,0,3361,15,1587477630
27,6819028009924726022,2020-04-23,Not today my friend 😂😂 #losecontrolchallenge #fail #viral #fyp,Not today my friend 😂😂 #losecontrolchallenge #fail #viral #fyp,0,3472,6,1587678681
28,6819029323639540997,2020-04-23,#BoredInTheHouse missing my #skimboarding routine 😭 #tiktok #waves #ocean,#BoredInTheHouse missing my #skimboarding routine 😭 #tiktok #waves #ocean,0,3331,10,1587678987
29,6819067086850067718,2020-04-24,Getting #jiggy with my #skimboard in #RiodeJaneiro 🔥🏡 #surf #skate #tiktokbr,Getting #jiggy with my #skimboard in #RiodeJaneiro 🔥🏡 #surf #skate #tiktokbr,0,5745,7,1587687780
30,6819313371611991301,2020-04-24,"#Run , #Drop and #Slide = #Skimboarding 🔥 #fyp #actionsports #waves #air","#Run , #Drop and #Slide = #Skimboarding 🔥 #fyp #actionsports #waves #air",0,5697,15,1587745122
31,6819397409433586949,2020-04-24,Hope i make it back to shore #fyp #waves #ocean #insane #travisscott #carioca #skimboard #surfing,Hope i make it back to shore #fyp #waves #ocean #insane #travisscott #carioca #skimboard #surfing,0,208600,14,1587764689
32,6819405831012896005,2020-04-24,#Golden dayz in #RioDeJaneiro ✨🔥 #fyp #brazil #views #epic #skimboarding #waves,#Golden dayz in #RioDeJaneiro ✨🔥 #fyp #brazil #views #epic #skimboarding #waves,0,5015,12,1587766650
33,6820083903106125061,2020-04-26,The skinny crew￼ in the #OutWestChallenge 😂@gustavocamara97 #outwest #travisscott #riodejaneiro,Tropa dos magreen￼ no #OutWestChallenge 😂@gustavocamara97 #outwest #travisscott #riodejaneiro,1,9540,9,1587924527
34,6820088054502509829,2020-04-26,When the sun is still coming up and you're already scoring big waves 🙌🏼🍇 #skimboarding #fyp #foryourpage #barrel #beach #sunrise #brazil,Quando ainda tá amanhecendo e você já ta pegando altas ondas 🙌🏼🍇 #skimboarding #fyp #foryourpage #barrel #beach #sunrise #brazil,1,7236,12,1587925492
35,6820106554423905542,2020-04-26,Went out there and came right back 🤷🏼‍♂️ #skimboard #role #tiktokbr #surf #wave #brasil #fyp,Fui ali e voltei 🤷🏼‍♂️ #skimboard #role #tiktokbr #surf #wave #brasil #fyp,1,5290,10,1587929799
36,6820166489375640838,2020-04-26,#Skateboarding on #water somewhere in #Brazil 🇧🇷🌴 #fyp #skimboarding #travisscott #trick #tiktokbr,#Skateboarding on #water somewhere in #Brazil 🇧🇷🌴 #fyp #skimboarding #travisscott #trick #tiktokbr,0,15500,14,1587943754
37,6820190551342681349,2020-04-27,When there’s no #waves 😂 When there's no #onda we improvise #fyp #skate #surf #skimboard #riodejaneiro #tiktokbr #brasil,When there’s no #waves 😂 Quando não tem #onda a gente improvisa #fyp #skate #surf #skimboard #riodejaneiro #tiktokbr #brasil,1,8560,9,1587949357
38,6820191683494300933,2020-04-27,Wait till the end for the #Fail 😂 It doesn't always work out ☠️ #fyp #wipeout #sefudeu #brasil #riodejaneiro #viral #funny,Wait till the end for the #Fail 😂 Nem sempre dá certo ☠️ #fyp #wipeout #sefudeu #brasil #riodejaneiro #viral #funny,1,7738,7,1587949620
39,6820436677111155973,2020-04-27,Come get #barreled with me 🤪🤩 Vem pegar um #tubo de #skimboard comigo 😱 #fyp #skimboarding #surfing #viral #gopro #selfie #relationship,Come get #barreled with me 🤪🤩 Vem pegar um #tubo de #skimboard comigo 😱 #fyp #skimboarding #surfing #viral #gopro #selfie #relationship,0,5253,15,1588006662
40,6820459463628147973,2020-04-27,How many spins?! // How many spins on that trick?! 🧐 #fyp #skimboarding #carioca #rj #tiktokbr #foryourpage,How many spins?! // Quantos giros nessa manobrs?! 🧐 #fyp #skimboarding #carioca #rj #tiktokbr #foryourpage,1,5779,8,1588011968
41,6820460789464337669,2020-04-27,What goes around... Comes around 🤷🏼‍♂️♻️ #fyp #foryou #skimboarding #wave #viralvideo,What goes around... Comes around 🤷🏼‍♂️♻️ #fyp #foryou #skimboarding #wave #viralvideo,0,8034,8,1588012276
42,6820464738535804165,2020-04-27,"Lotta #crazy stuff going on in one video, watch till the end😂 #fyp #slam #wipeout #fail #epic #funny #surfing #skimboarding #viralvideo","Lotta #crazy stuff going on in one video, watch till the end😂 #fyp #slam #wipeout #fail #epic #funny #surfing #skimboarding #viralvideo",0,6220,35,1588013196
43,6820471001554488581,2020-04-27,Slippin around 💦 in #Brazil 🇧🇷 #slippery #migos #tiktokbr #skimboarding #fyp #waves #trick #slide,Slippin around 💦 in #Brazil 🇧🇷 #slippery #migos #tiktokbr #skimboarding #fyp #waves #trick #slide,0,6484,9,1588014654
44,6820504110467501318,2020-04-27,#Sunrise shootings with @redbullbr 🚀🔥📸 #fyp #shooting #alleyezonme #skimboarding #summer,#Sunrise shootings with @redbullbr 🚀🔥📸 #fyp #shooting #alleyezonme #skimboarding #summer,0,5959,6,1588022363
45,6820506489636080901,2020-04-27,Small waves can get #savage 😱☠️ #fail #slam #balls #dead #fyp #skimboarding,Small waves can get #savage 😱☠️ #fail #slam #balls #dead #fyp #skimboarding,0,5740,6,1588022917
46,6820886902191787269,2020-04-28,Full #SICKOMODE on this turn 🔥🚀 #fyp #skimboarding #savage #foryou #viralvideo #travisscott #drake,Full #SICKOMODE on this turn 🔥🚀 #fyp #skimboarding #savage #foryou #viralvideo #travisscott #drake,0,7540,8,1588111488
47,6820887953552821510,2020-04-28,Name this #trick ?! 🧐 #fyp #skimboarding #viral #skate #skateboarding #wave #ocean #beach,Name this #trick ?! 🧐 #fyp #skimboarding #viral #skate #skateboarding #wave #ocean #beach,0,6499,7,1588111733
48,6821165541403790597,2020-04-29,Casual #skimboarding ride // Casual session in #RJ 🍇 #fyp #foryourpage #skimboard #riodejaneiro #carioca #gorillaz #feelgood,Casual #skimboarding ride // Rolé casual no #RJ 🍇 #fyp #foryourpage #skimboard #riodejaneiro #carioca #gorillaz #feelgood,1,7332,11,1588176364
49,6821639640530078981,2020-04-30,This was the best #wave of my life 🙌🏼🔥 Melhor #onda da vida! #fyp #skimboarding #surfing #surfranch #wavepool #barrel #beforeandafter,This was the best #wave of my life 🙌🏼🔥 Melhor #onda da vida! #fyp #skimboarding #surfing #surfranch #wavepool #barrel #beforeandafter,0,8034,21,1588286749
50,6821678124124654853,2020-05-01,This ond felt good #fyp #satisfaction #wings #barrel #skimboarding #surfing,This ond felt good #fyp #satisfaction #wings #barrel #skimboarding #surfing,0,6760,9,1588295709
51,6822047825405201670,2020-05-02,The weather was definitely sweet 🍯🍇 #fyp #skimboarding #waves #rainbow #paradise #brazil #riodejaneiro,The weather was definitely sweet 🍯🍇 #fyp #skimboarding #waves #rainbow #paradise #brazil #riodejaneiro,0,6592,15,1588381787
52,6824128142010060038,2020-05-07,#Skimboarding is like lucid dreaming for me ❤️✨🍀 #fyp #travisscott #wakeup #wakeupchallege #surfing #wave,#Skimboarding is like lucid dreaming for me ❤️✨🍀 #fyp #travisscott #wakeup #wakeupchallege #surfing #wave,0,9228,8,1588866149
53,6824232769002999045,2020-05-07,Flying right past your timeline 😎 #fyp #pravoce #tiktokbr #carioca #travisscott #butterflyeffect #skimboarding #likeaboss,Passando voado pela sua timeline 😎 #fyp #pravoce #tiktokbr #carioca #travisscott #butterflyeffect #skimboarding #likeaboss,1,7680,8,1588890509
54,6824234006935080197,2020-05-07,Can you belive I made this one?! 😱 #fyp #competition #contest #beastmode #insane #skimboarding #surfing,Can you belive I made this one?! 😱 #fyp #competition #contest #beastmode #insane #skimboarding #surfing,0,7674,20,1588890797
55,6826323476316458246,2020-05-13,The dream slide 🥶 #fyp #tossieslide #tossieslidechallenge #surfing #wavepool,The dream slide 🥶 #fyp #tossieslide #tossieslidechallenge #surfing #wavepool,0,13100,14,1589377290
56,6826324236215323910,2020-05-13,Flippin the switch on the #skimboard 🔥 #fyp #skimboarding #surfing #air #trick #tiktok #fliptheswitch,Flippin the switch on the #skimboard 🔥 #fyp #skimboarding #surfing #air #trick #tiktok #fliptheswitch,0,9452,13,1589377470
57,6826326380884544774,2020-05-13,Stylish exit // Stylish exit 😎 #fyp #skimboarding #surfing #travisscott #astroworld,Stylish exit // Saída estilosa 😎 #fyp #skimboarding #surfing #travisscott #astroworld,1,9560,15,1589377966
58,6826489484243193094,2020-05-14,Is this a new #WorldRecord for spins ?! 😱🤯 #fyp #viral #foryou #insane #challenge,Is this a new #WorldRecord for spins ?! 😱🤯 #fyp #viral #foryou #insane #challenge,0,12900,30,1589415942
59,6826748449069829381,2020-05-14,#TudoNoSigilo lolololol 😂 #quarentena #dancinhasdotiktok #fyp @nicolestank #carioca #rj #quarentena,#TudoNoSigilo rsrsrsrs 😂 #quarentena #dancinhasdotiktok #fyp @nicolestank #carioca #rj #quarentena,1,21800,15,1589476236
60,6826756261187554566,2020-05-14,Think we nailed it 😂😂 The #quarenteners crew jumping on the #tiktok #dancinhas 😁😁 #fyp #tiktokbr #rj @nicolestank @carolinastankevic,Sepa foi 😂😂 Tropa dos #quarenteners aderindo as #dancinhas do #tiktok 😁😁 #fyp #tiktokbr #rj @nicolestank @carolinastankevic,1,23100,12,1589478055
61,6826794257110650117,2020-05-14,Which way? Dat way? #fyp #migos #datway #skimboarding #surfing,Which way? Dat way? #fyp #migos #datway #skimboarding #surfing,0,13900,10,1589486902
62,6827988820550487301,2020-05-18,Cruising into your dm’s like 😂🚀 @redbull @redbullbr #GivesMeWings #fyp #skimboarding #tiktok #viral,Cruising into your dm’s like 😂🚀 @redbull @redbullbr #GivesMeWings #fyp #skimboarding #tiktok #viral,0,11500,6,1589765033
63,6828323656582565126,2020-05-18,Vou ali e já volto 🤙🏼 Be right back! #fyp #viralvideo #skimboarding #surfing #epic #tiktokbr,Vou ali e já volto 🤙🏼 Be right back! #fyp #viralvideo #skimboarding #surfing #epic #tiktokbr,0,276600,13,1589842993
64,6828324392066452741,2020-05-18,Baller frontside reverse air 🔥🚀 #fyp #ocean #beach #skimboarding #surfing #waves #goviral #roddyrich,Baller frontside reverse air 🔥🚀 #fyp #ocean #beach #skimboarding #surfing #waves #goviral #roddyrich,0,14100,5,1589843164
65,6828690497574325510,2020-05-19,"Beach, shade, cool water and a few little waves 🙌🏼💙 #fyp #tiktokbr #praia #beach #ondas #skimboarding","Praia, sombra, água fresca e umas ondinhas 🙌🏼💙 #fyp #tiktokbr #praia #beach #ondas #skimboarding",1,20400,13,1589928405
66,6830544354818477318,2020-05-24,changing directions on a #finless turn 🔥 #fyp #skimboarding #skimming #surfing #wave #ocean #gunna,Invertendo a direção // changing directions on a #finless turn 🔥 #fyp #skimboarding #skimming #surfing #wave #ocean #gunna,1,14800,8,1590360040
67,6830896193304907014,2020-05-25,Hometown session 🍇 #fyp #skimboarding #tiktokbr #riodejaneiro #praia #surf #ondas #viralvideo,Rolé de cria 🍇 #fyp #skimboarding #tiktokbr #riodejaneiro #praia #surf #ondas #viralvideo,1,25700,9,1590441958
68,6832681814335704326,2020-05-30,My best #wipeitdown impression 😂💦 #fyp #wipeitdownchallenge #skimboarding #surfing #beach #ocean,My best #wipeitdown impression 😂💦 #fyp #wipeitdownchallenge #skimboarding #surfing #beach #ocean,0,14900,9,1590857705
69,6832682565216800005,2020-05-30,Making everyone's day 😂😂 #skimboarding #surfing #surf #surfe #fyp #praia #riodejaneiro #tiktokbr,Fazendo a alegria da galera 😂😂 #skimboarding #surfing #surf #surfe #fyp #praia #riodejaneiro #tiktokbr,1,19700,11,1590857882
70,6833107685278240006,2020-05-31,#PewPewPewChallenge messing around with the boys #fyp #buzios #riodejaneiro #pewpewpew,#PewPewPewChallenge zuanu cozamigos #fyp #buzios #riodejaneiro #pewpewpew,1,15900,15,1590956861
71,6833519537720216838,2020-06-01,Making something out of nothing 🤯🔥 #fyp #surfing #waves #ocean #bananadrop #banana #bananachallenge #skimboarding,Making something out of nothing 🤯🔥 #fyp #surfing #waves #ocean #bananadrop #banana #bananachallenge #skimboarding,0,19300,7,1591052753
72,6834239546855591173,2020-06-03,#Skimboarding like a #Rockstar 🔥🚀 #fyp #surfing #rockstarchallenge #waves #ocean #beach #melhoresjogadas,#Skimboarding like a #Rockstar 🔥🚀 #fyp #surfing #rockstarchallenge #waves #ocean #beach #melhoresjogadas,0,17700,23,1591220394
73,6835050828986928389,2020-06-06,Ever seen anyone catch an #onda like this? 🤯🔥 #fyp #viralbrasil #surfe #surfing #skimboarding #tiktokbr,Já tinha visto alguém pegando #onda desse jeito? 🤯🔥 #fyp #viralbrasil #surfe #surfing #skimboarding #tiktokbr,1,24200,30,1591409285
74,6835064709570514181,2020-06-06,Definitely loosing control on that one 💣🔥😂 #fyp #bigwavesurfing #surfing #loosecontrol #loosehairchallenge,Definitely loosing control on that one 💣🔥😂 #fyp #bigwavesurfing #surfing #loosecontrol #loosehairchallenge,0,116300,11,1591412517
75,6835993080278093061,2020-06-08,Doing what I love 😍 #fyp #jj #outerbanks #skimboarding #surfing #waves #tricks #praia,Fazendo o que amo 😍 #fyp #jj #outerbanks #skimboarding #surfing #waves #tricks #praia,1,97200,15,1591628670
76,6837454748019395845,2020-06-12,Hitting the beach now that #quarentena is over 😂 Going to the beach after #covid19 is over! #fyp #quarantine #viral #surfing,Indo pra praia depois que a #quarentena acabou 😂 Going to the beach after #covid19 is over! #fyp #quarantine #viral #surfing,1,99400,10,1591968992
77,6837587060652510469,2020-06-12,How to enjoy #diadosnamorados and still score big waves ❤️🤝 #fyp #viralvideo #tikoktokbr #pravoce #surfe,Como curtir o #diadosnamorados e ainda pegar altas ondas ❤️🤝 #fyp #viralvideo #tikoktokbr #pravoce #surfe,1,51800,16,1591999799
78,6838196479065115910,2020-06-14,THROW IT AND THROW IT #podejogar #kevinochris #funk #carioca #fyp #surfe,JOGA Y JOGA #podejogar #kevinochris #funk #carioca #fyp #surfe,1,127700,8,1592141691
79,6838752366494354694,2020-06-16,All calculated 😂😂 #fyp #viralvideo #fail #crazy #whatspoppin #surfing,Tudo calculado 😂😂 #fyp #viralvideo #fail #crazy #whatspoppin #surfing,1,111500,11,1592271119
80,6840574809500372230,2020-06-20,Bet you can't watch this just once without getting dizzy 🤯🧐🤨 #fyp #theboatbeat #surfing #surfe #praia #brasilviral #riodejaneiro,Duvido você não ficar tonto e só assistir uma vez 🤯🧐🤨 #fyp #theboatbeat #surfing #surfe #praia #brasilviral #riodejaneiro,1,1600000,12,1592695439
81,6841564592070495494,2020-06-23,Anyone know the name of this trick?? #tiktokadrenalina #fyp #viralbrasil #praia #surfe #skimboarding #rj,Alguém sabe o nome dessa manobra?? #tiktokadrenalina #fyp #viralbrasil #praia #surfe #skimboarding #rj,1,654600,10,1592925890
82,6841670509399117062,2020-06-23,Stuck in a dream ✨🔥 #fyp #sunset #brazil #riodejaneiro #surfing #beach #dreamy,Stuck in a dream ✨🔥 #fyp #sunset #brazil #riodejaneiro #surfing #beach #dreamy,0,36400,17,1592950550
83,6841720992008588550,2020-06-24,Ya ya ya ya 🔥 #fyp #tiktokadrenalina #skimboard #skimboarding #surfe #skate,Ya ya ya ya 🔥 #fyp #tiktokadrenalina #skimboard #skimboarding #surfe #skate,0,312600,7,1592962305
84,6842769640960183557,2020-06-26,Always got an ace up my sleeve 😉 #fyp #viralbrasil #tiktokadrenalina #praia #rapbr #surfe,Sempre com uma carta na manga 😉 #fyp #viralbrasil #tiktokadrenalina #praia #rapbr #surfe,1,118000,12,1593206462
85,6842778672731114758,2020-06-26,Hit it and quit it 😘 #fyp #surfing #epic #viralvideo #skimboarding #roddyrich,Hit it and quit it 😘 #fyp #surfing #epic #viralvideo #skimboarding #roddyrich,0,350600,6,1593208565
86,6842780723779325190,2020-06-26,"Cool, calm and collected 😎 #fyp #tiktokbrasil #likeaboss #trick",Tranquilo e calmo 😎 #fyp #tiktokbrasil #likeaboss #trick,1,114200,9,1593209043
87,6842787367028264197,2020-06-26,When you find that sick one during your heat 🙌🏼🔥 #fyp #surfing #skimboarding #contest #california #lagunabeach #thescotts,When you find that sick one during your heat 🙌🏼🔥 #fyp #surfing #skimboarding #contest #california #lagunabeach #thescotts,0,8000000,13,1593210590
88,6843128090185567494,2020-06-27,Which way was sicker ➡️⬅️ ?! #fyp #viralbrasil #surfe #surfing #waves #skimboarding,Pra qual lado foi mais irado ➡️⬅️ ?! #fyp #viralbrasil #surfe #surfing #waves #skimboarding,1,118100,10,1593289925
89,6844638172257848582,2020-07-01,You will go crazy when the beat drops 🤯 Voando por ai com meu #skimboard 🚀 #fyp #tiktokadrenalina #surf #air #flying #surfing #waves #epicshit,You will go crazy when the beat drops 🤯 Voando por ai com meu #skimboard 🚀 #fyp #tiktokadrenalina #surf #air #flying #surfing #waves #epicshit,0,51800,15,1593641514
90,6850496937045626118,2020-07-17,Funky airdrop 😂 Almost broke my back at the end 🤯 #fyp #viral #almostfail #surfe #rj #carioca,Funky airdrop 😂 Quase quebrei as costas no final 🤯 #fyp #viral #almostfail #surfe #rj #carioca,1,2100000,9,1595005613
91,6850564780290362630,2020-07-17,"When there's no time to catch waves in the daylight, we go at night 😂🤯 #stargazing #night #travisscott #surf #surfing #skimboarding #fyp #riodejaneiro","Quando não dá tempo de pegar onda de dia, vamos a noite mesmo 😂🤯 #stargazing #night #travisscott #surf #surfing #skimboarding #fyp #riodejaneiro",1,139000,11,1595021409
92,6850806509983534341,2020-07-18,Speed it up but slow it down at the right times ✌🏼 #fyp #viralvideo #skimboarding #surf #surfing #brazil #gunna #speeditup,Speed it up but slow it down at the right times ✌🏼 #fyp #viralvideo #skimboarding #surf #surfing #brazil #gunna #speeditup,0,32900,17,1595077692
93,6851006787282275589,2020-07-19,How to get from one spot to another on the #praia 🚀 #audiooriginal #tiktokbrasil #riodejaneiro #carioca #skimboard #surf,Como se mover de um lugar para o outro na #praia 🚀 #audiooriginal #tiktokbrasil #riodejaneiro #carioca #skimboard #surf,1,110000,13,1595124323
94,6851010683748896006,2020-07-19,Sigo na sombra // Skimming in the shades 🖤 #fyp #skimboarding #surfe #beach #gangstasparadise #rap,Sigo na sombra // Skimming in the shades 🖤 #fyp #skimboarding #surfe #beach #gangstasparadise #rap,0,52000,11,1595125230
95,6851017879417113861,2020-07-19,"It's not a #TikTok effect, just an iPhone camera glitch 😂 #tiktokbrasil #brasilviral #skimboard #skimboarding #surfe #praia #rj","Não é efeito do #TikTok , foi só um bug da camera do iPhone 😂 #tiktokbrasil #brasilviral #skimboard #skimboarding #surfe #praia #rj",1,35400,8,1595126906
96,6851019998664658182,2020-07-19,Just GO! #fyp #viral #sendit #fullsend #gogogo #skimboarding #surfing #gopro,Just GO! #fyp #viral #sendit #fullsend #gogogo #skimboarding #surfing #gopro,0,86300,17,1595127400
97,6851373768099499269,2020-07-20,Money trick 🚀🔥💸 #fyp #surfing #skimboarding #lottery #lotterychallenge #beach #watersports,Money trick 🚀🔥💸 #fyp #surfing #skimboarding #lottery #lotterychallenge #beach #watersports,0,116200,8,1595209767
98,6852414046453468422,2020-07-22,Doiderinha de hoje 😂 #Sketchy one from today 🤯 #fyp #skimboarding #almostfail #surfing #skimboard #skimming,Doiderinha de hoje 😂 #Sketchy one from today 🤯 #fyp #skimboarding #almostfail #surfing #skimboard #skimming,0,271300,7,1595451975
99,6852414953383562502,2020-07-22,Exploring #praias out in the Região dos Lagos 🍇 #fyp #tiktokbr #carioca #riodejaneiro #skimboarding #surfe #aereo #trick,Desbravando #praias na Região dos Lagos 🍇 #fyp #tiktokbr #carioca #riodejaneiro #skimboarding #surfe #aereo #trick,1,39400,8,1595452186
100,6852416262195186949,2020-07-22,"Like a night #skate session, except on the #praia 😂 Nightime #skimboarding 🤯 #beach #epic #fyp #skate #skatebrasil","Tipo um rolé de #skate noturno, só que na #praia 😂 Nightime #skimboarding 🤯 #beach #epic #fyp #skate #skatebrasil",1,118200,13,1595452491
101,6852473852887403781,2020-07-23,"Go ahead, say itttt #fyp #mensagem #tiktokbr #viralbrasil #skimboarding #surfe #praia #rj #carioca",Pode falarrrr #fyp #mensagem #tiktokbr #viralbrasil #skimboarding #surfe #praia #rj #carioca,1,2500000,10,1595465901
102,6853777838303153414,2020-07-26,#Manobras novas que aprendi 🤯🔥🚀 New #tricks I’ve learned! #fyp #air #surfing #waves #drake #popstar #skimboarding #skate,#Manobras novas que aprendi 🤯🔥🚀 New #tricks I’ve learned! #fyp #air #surfing #waves #drake #popstar #skimboarding #skate,0,283100,7,1595769509
103,6853785035959438597,2020-07-26,Dance mode on 🕺 💃 #fyp #tiktokbrasil #viralbrasil #dietodaychallenge #dietoday #youngthug #rj @nicolestank,Piamo dançante 🕺 💃 #fyp #tiktokbrasil #viralbrasil #dietodaychallenge #dietoday #youngthug #rj @nicolestank,1,29400,15,1595771184
104,6853789716098108678,2020-07-26,"How many spins? I love tricks like this 🚀 I love landing #manobras like this, anyone want to guess the name?! #fyp #viral #skateboarding #skate #skimboard","How many spins? I love tricks like this 🚀 Eu amo mandar #manobras assim, alguém arrisca o nome dessa?! #fyp #viral #skateboarding #skate #skimboard",1,121600,7,1595772274
105,6854143678823320837,2020-07-27,That #onda that kicks you right off the #praia 😂 Watch till the end #viral #fail #wipeout #fyp #skimboarding #surfe #surfing #rj,Aquela #onda que te expulsa pra fora da #praia 😂 Assista até o final #viral #fail #wipeout #fyp #skimboarding #surfe #surfing #rj,1,523400,16,1595854688
106,6854266241796852998,2020-07-27,Jumping off the #jetski and #surfando on a #skimboard #prancha 🤯🤩 #fyp #surfing #surfe #riodejaneiro,Pulando do #jetski e #surfando com uma #prancha de #skimboard 🤯🤩 #fyp #surfing #surfe #riodejaneiro,1,43500,15,1595883223
107,6854268374642330885,2020-07-27,Brincando no meu #playground 🤪 Full #beastmode on this airdrop 🚀 #fyp #viralvideo #desceproplay #skimboarding #surfing,Brincando no meu #playground 🤪 Full #beastmode on this airdrop 🚀 #fyp #viralvideo #desceproplay #skimboarding #surfing,0,101500,9,1595883719
108,6854277631693573381,2020-07-27,The turn was sweet but the best part was the smack the wave gave me right after 😂🤪 #surfe #skimboard #skimboarding #riodejaneiro #rj #praia #fun,A rasgada até foi legal mas o bom mesmo foi o tapão que a onda me deu depois 😂🤪 #surfe #skimboard #skimboarding #riodejaneiro #rj #praia #fun,1,39200,7,1595885875
109,6854330584395779334,2020-07-28,Getting into some bigger #waves with my #skimboard 💣 #fyp #surfing #bigwave #itacoatiara #surfe #niteroi,Getting into some bigger #waves with my #skimboard 💣 #fyp #surfing #bigwave #itacoatiara #surfe #niteroi,0,115300,14,1595898205
110,6856441962229288197,2020-08-02,🚨LIVE ALERT on @redbullbr's #TikTok 🚀 Aug 4th at 4:30pm me and @felipelimamil 🤩 will be live hanging out and talking with you! Let's gooo,🚨ALERTA LIVE no #TikTok da @redbullbr 🚀 Dia 04/08 as 16:30 eu e o @felipelimamil 🤩 vamos estar ao Vivo trocando uma idéia com vocês! Vamo nessaaaa,1,34700,14,1596389800
111,6856547533074844934,2020-08-03,Indo e voltando com estilo 😎 I’ll brb baby 😉 #fyp #viralvideo #skimboarding #skimming #surfing #waves #beach #riodejaneiro #trick,Indo e voltando com estilo 😎 I’ll brb baby 😉 #fyp #viralvideo #skimboarding #skimming #surfing #waves #beach #riodejaneiro #trick,0,111200,10,1596414382
112,6856789092051602694,2020-08-03,Out running wild 🍇🍯 #fyp #skimboarding #skateboarding #surfing #lilwayne #whatspoppin #riodejaneiro,Solto na vala 🍇🍯 #fyp #skimboarding #skateboarding #surfing #lilwayne #whatspoppin #riodejaneiro,1,126900,8,1596470624
113,6856789918358703366,2020-08-03,Commentator slightly hyped 😂 #Barrel or Not? 😅 #fyp #surfing #skimboarding #skimboard #tiktokbr #carioca #ondas,Narrador levemente emocionado 😂 #Barrel or Not? 😅 #fyp #surfing #skimboarding #skimboard #tiktokbr #carioca #ondas,1,184000,13,1596470816
114,6856898287534968069,2020-08-03,Night sessions count too! 😎🙌🏼 #fyp #nightime #surfing #fullmoon #skimboarding #riodejaneiro #brazil,De noite também pode! 😎🙌🏼 #fyp #nightime #surfing #fullmoon #skimboarding #riodejaneiro #brazil,1,2400000,9,1596496049
115,6857611898477661446,2020-08-05,"Pulled this one off today 🤪 So, ever seen anyone do this?! 🤯 Have you ever seen this #sport ?! #fyp #viralvideo #esportes #insane #epic #skimboarding","Aprontei essa hoje 🤪 E aí, já viu alguém fazer isso?! 🤯 Have you ever seen this #sport ?! #fyp #viralvideo #esportes #insane #epic #skimboarding",1,1600000,8,1596662198
116,6857613922745240837,2020-08-05,É tipo #skate só que na praia 🤯 It’s like #skateboarding on the #beach 🤩 #fyp #skimboarding #surfing #skater,É tipo #skate só que na praia 🤯 It’s like #skateboarding on the #beach 🤩 #fyp #skimboarding #surfing #skater,0,66500,7,1596662670
117,6857967106491763973,2020-08-06,Drop a comment if you caught the #arcoiris after that turn 🌈💦 Comment if you saw the #rainbow ! #fyp #skimboarding #surfing #beach #nature #natural,Comenta aí quem viu o #arcoiris depois da rasgada 🌈💦 Comment if you saw the #rainbow ! #fyp #skimboarding #surfing #beach #nature #natural,1,182800,9,1596744901
118,6859716928261475589,2020-08-11,"O #mood que eu gosto // My mood don’t swings, I’m always having a blast #skimboarding 😂🚀 #MoodSwings #PopSmoke #rippopsmoke #liltjay #surfing #beach","O #mood que eu gosto // My mood don’t swings, I’m always having a blast #skimboarding 😂🚀 #MoodSwings #PopSmoke #rippopsmoke #liltjay #surfing #beach",0,572600,12,1597152315
119,6859718205003304197,2020-08-11,U know how that sh¥t goes 🔥🚀 Name this￼ #skimboarding #trick #fyp #viralvideo #skateboarding #skate,U know how that sh¥t goes 🔥🚀 Name this￼ #skimboarding #trick #fyp #viralvideo #skateboarding #skate,0,32200,5,1597152612
120,6859718781778791686,2020-08-11,Everyone walking by on the #praia ends up stopping to watch my #skimboard #manobras 😂😎 #fyp #beach #riodejaneiro #rj #carioca,Todo mundo que passa caminhando na #praia acaba parando pra ver minhas #manobras de #skimboard 😂😎 #fyp #beach #riodejaneiro #rj #carioca,1,414400,9,1597152745
121,6859720042376957189,2020-08-11,"If I can't roll up like this, I'm not even going on the #rolé 😂😎🚀 #ipanema #leblon #likeaboss #praia #beach #style #lifestyle #sunset #fyp","Se não for pra brotar assim, eu nem vou pro #rolé 😂😎🚀 #ipanema #leblon #likeaboss #praia #beach #style #lifestyle #sunset #fyp",1,545900,11,1597153039
122,6859720947302239493,2020-08-11,#RioDeJaneiro views only I know about 🍇🙌🏼✨ #fyp #rj #carioca #zonasul #leblon #ipanema #lagoa,Vistas do #RioDeJaneiro que só eu conheço 🍇🙌🏼✨ #fyp #rj #carioca #zonasul #leblon #ipanema #lagoa,1,19300,9,1597153250
123,6860080538762464517,2020-08-12,Just dropping in to wish you a #BomDia ❤️✨🙌🏼 #secuida #fyp #goodvibes #lifestyle #letsgo #positivity,Passando aqui só pra te desejar um #BomDia ❤️✨🙌🏼 #secuida #fyp #goodvibes #lifestyle #letsgo #positivity,1,40900,10,1597236977
124,6860081342625926405,2020-08-12,"#PosteUmaLembrança check out this sick #tubo I got, and I filmed it #selfie style 😂🤯 #fyp #barrel #surfing #wave #ocean",#PosteUmaLembrança se liga ness #tubo foda que eu peguei e ainda filmei de #selfie 😂🤯 #fyp #barrel #surfing #wave #ocean,1,39000,14,1597237163
125,6860081855824284934,2020-08-12,"Casually took the cap off to catch the #onda, rode with the shades on, took them off for the #manobra and put them back on after! SO MUCH STYLE 😎 #fyp #viralvideo","Tirou o boné espontaneamente pra pegar a #onda, foi de óculos, tirou na hora da #manobra e depois vestiu de novo! QUANTO ESTILO 😎 #fyp #viralvideo",1,109700,12,1597237282
126,6861173404289010950,2020-08-15,"I think it works, right? #skimboard + #funk 😂 #fyp #tiktokbrasil #surfista #carioca",Acho que combinou ein #skimboard + #funk 😂 #fyp #tiktokbrasil #surfista #carioca,1,91900,15,1597491429
127,6861174781069364486,2020-08-15,Catching an #onda with this view is a PRIVILEGE ❤️🍇 Thank you #RioDeJaneiro for staying beautiful forever 🙌🏼 #rj #carioca #gilbertogil #mpb #ipanema,Pegar #onda com esse visual é um PRIVILÉGIO ❤️🍇 Obrigado #RioDeJaneiro por continuar lindo pra sempre 🙌🏼 #rj #carioca #gilbertogil #mpb #ipanema,1,105400,6,1597491748
128,6863037575960087813,2020-08-20,Can you believe this #onda got me a bunch of stitches in my foot?! 🤯😷 Can you believe this #wave got me a couple #stitches on my feet 🧐🤯 #fyp,Dá pra acreditar que essa #onda me fez tomar vários pontos no pé?! 🤯😷 Can you believe this #wave got me a couple #stitches on my feet 🧐🤯 #fyp,1,72500,15,1597925467
129,6863038943269571846,2020-08-20,Comment if you were still looking for me after that wave! 😂🤯 The wave wasn't big but it gave me a solid #caldo hehe #fyp #ondas #fail #praia #surfe #skimboard,Comenta aí quem ficou me procurando depois da onda! 😂🤯 A onda não era grande mas deu um #caldo bom hehe #fyp #ondas #fail #praia #surfe #skimboard,1,52200,8,1597925782
130,6863041681378249989,2020-08-20,Looks like just another #surfista video but there's a message in it too ❤️ Looks like another #skimboarding video but there’s a cool message! #surfing #fyp,Parece só mais um vídeo de #surfista mas também tem uma mensagem ❤️ Looks like another #skimboarding video but there’s a cool message! #surfing #fyp,1,38700,15,1597926421
131,6863101655408233734,2020-08-20,One of those tricks that hits straight to the vein ⚡️🔥 Had to celebrate at the end 😂 #skimboarding #fyp #surfing #waves #beach #trick #epic #riodejaneiro,Daquelas manobras que pega na veia ⚡️🔥 Tive até que comemorar no final 😂 #skimboarding #fyp #surfing #waves #beach #trick #epic #riodejaneiro,1,2300000,9,1597940383
132,6863408164474506501,2020-08-21,Beautiful tricks and beautiful views 🍇✨ Beautiful tricks & beautiful views #fyp #skimboarding #surfing #riodejaneiro #tiktokbrasil #surfe #praia #ipanema,Belas manobras e belos visuais 🍇✨ Beautiful tricks & beautiful views #fyp #skimboarding #surfing #riodejaneiro #tiktokbrasil #surfe #praia #ipanema,1,30900,7,1598011749
133,6866106307124956422,2020-08-28,DID YOU KNOW I HAVE A YOUTUBE CHANNEL? Go check out my YouTube channel 🤩 #fyp #surfing #skimboarding #drone #viralvideo,VOCÊ SABIA QUE EU TENHO UM CANAL NO YOUTUBE? Go check out my YouTube channel 🤩 #fyp #surfing #skimboarding #drone #viralvideo,1,80800,15,1598639957
134,6866107807444389125,2020-08-28,Looks like I'm about to eat it every single second of this video 😂 but right at the end I saved it big time 🤪 #fyp #surfe #surfing #skimboarding #niteroi #praia,Parece que eu vou cair em todos os momentos do vídeo 😂 mas no finalzinho eu salvei demais 🤪 #fyp #surfe #surfing #skimboarding #niteroi #praia,1,189700,8,1598640309
135,6866416118727183622,2020-08-29,#LaughNow #CryLater 🔥🚀 #fyp #skimboarding #surfing #drake #riodejaneiro #tiktokbr,#LaughNow #CryLater 🔥🚀 #fyp #skimboarding #surfing #drake #riodejaneiro #tiktokbr,0,84100,60,1598712093
136,6866487616364236038,2020-08-29,My life be like ✨🔥 #DoWhatYouLove #fy #fyp #skimboarding #surfing #riodejaneiro,My life be like ✨🔥 #DoWhatYouLove #fy #fyp #skimboarding #surfing #riodejaneiro,0,21400,37,1598728739
137,6868743963843513602,2020-09-04,A picture is worth a thousand words 🍇❤️ Riding my #skimboard in #ondasgigantes #fyp #surfing #drone #viralvideo,Uma imagem vale mais que mil palavras 🍇❤️ Usando meu #skimboard em #ondasgigantes #fyp #surfing #drone #viralvideo,1,195000,8,1599254085
138,6868964921342823682,2020-09-05,"The same #onda filmed from 3 different angles! Comment which one looked best. Drone 🚁, from the beach 🏝 or from the water🌊?! #fyp #viralvideo #surfing #surf","A mesma #onda filmada por 3 ângulos diferentes! Comenta aí qual ficou mais lega. Drone 🚁, da praia 🏝 ou da água🌊?! #fyp #viralvideo #surfing #surf",1,111100,15,1599305528
139,6868965711587429633,2020-09-05,When the air lands straight to the vein 🔥🚀 #fyp #trick #air #surfing #skimboarding #leblon #ipanema #riodejaneiro #praia #tiktokbr,Quando o aéreo pega na veia 🔥🚀 #fyp #trick #air #surfing #skimboarding #leblon #ipanema #riodejaneiro #praia #tiktokbr,1,164600,8,1599305712
140,6869548203675487490,2020-09-07,Know #Skimboard ?! Come with me and I'll show you ;) #fyp #fy #pravoce #surfe #praia #sport #tiktokbr #surfing #beach #watersports,Conhece #Skimboard ?! Vem cmg que eu te mostro ;) #fyp #fy #pravoce #surfe #praia #sport #tiktokbr #surfing #beach #watersports,1,21000,15,1599441335
141,6869914329831968002,2020-09-08,"This song fits the video so well, don't you think ?! #fyp #dicebeat #fy #viralvideo #surfing #skimboarding #skimboard","Essa música encaixou muito com esse vídeo, não acham ?! #fyp #dicebeat #fy #viralvideo #surfing #skimboarding #skimboard",1,121700,15,1599526582
142,6870459539724995841,2020-09-09,😂🤪 #fyp #pitbullderaça #maisprafrente #funk #rj #carioca #surfe #skimboard,😂🤪 #fyp #pitbullderaça #maisprafrente #funk #rj #carioca #surfe #skimboard,0,100700,15,1599653521
143,6871308413620555009,2020-09-11,Just messing around 🤪😂 #ohjuliana #juliana #funk #tiktokbr #praia #surfista #surfe #skimboard,Só de caôzada 🤪😂 #ohjuliana #juliana #funk #tiktokbr #praia #surfista #surfe #skimboard,1,100400,15,1599851164
144,6871309022675438850,2020-09-11,So good when I make a #tiktok and the #música lines up perfectly with the #manobras 🤩🤩 #fyp #skimboarding #surfing,Bom demais quando venho fazer um #tiktok e a #música combina perfeitamente com as #manobras 🤩🤩 #fyp #skimboarding #surfing,1,103400,15,1599851305
145,6872299389478571266,2020-09-14,No idea why but I love #drone footage 🚁🛸🚀🔥 #fy #fyp #surfing #surfe #tubo #rasgada,Sei lá porque mas eu amo as filmagens de #drone 🚁🛸🚀🔥 #fy #fyp #surfing #surfe #tubo #rasgada,1,17500,8,1600081893
146,6872300038744313089,2020-09-14,Just like a #videogame // Tipo videogame 😂🤪 #fyp #fy #surfing #skimboarding #barrel #tubo #jetski,Just like a #videogame // Tipo videogame 😂🤪 #fyp #fy #surfing #skimboarding #barrel #tubo #jetski,0,7843,17,1600082045
147,6872422377909685506,2020-09-14,Just learned this new game 🤩 #fy #fyp #surfing #kite #kitesurf #windsurf #wind #cabofrio,Aprendi essa brincadeira nova 🤩 #fy #fyp #surfing #kite #kitesurf #windsurf #wind #cabofrio,1,8541,21,1600110530
148,6872484770442497281,2020-09-14,Talk about a CLEAN #manobra 🧼 #fyp #fy #surfing #skate #shoveit #sk8 #skateboarding,Pensa numa #manobra CLEAN 🧼 #fyp #fy #surfing #skate #shoveit #sk8 #skateboarding,1,7846,4,1600125059
149,6872485824135580929,2020-09-14,I'm posting the whole session here. Hope you like it :) What's the name of this trick?! #fy #fyp #bigspin #skate #skateboardingisfun #skateboard,Vou postar a session inteira aqui. Espero que gostem :) Qual o nome dessa manobra?! #fy #fyp #bigspin #skate #skateboardingisfun #skateboard,1,9649,4,1600125305
150,6872486377406139649,2020-09-14,Making something out of nothing 🤪 Three 3 shuvs #fy #fyp #skimboarding #skate #tricks #riodejaneiro,Making something out of nothing 🤪 Three 3 shuvs #fy #fyp #skimboarding #skate #tricks #riodejaneiro,0,11700,8,1600125433
151,6872487224307453185,2020-09-14,"When the shot ends on a view like this, so goooood 🍇🍇 #rj #riodejaneiro #leblon #ipanema #gifted #blessed",Quando a imagem termina nesse visual é bom demaiss 🍇🍇 #rj #riodejaneiro #leblon #ipanema #gifted #blessed,1,8595,6,1600125631
152,6872487761673194753,2020-09-14,One of those #manobras combos that hits straight to the vein 🔥🚀 #fy #fyp #skimboarding #surfing #surfe,Daqueles combos de #manobras que pegam na veia 🔥🚀 #fy #fyp #skimboarding #surfing #surfe,1,12700,7,1600125755
153,6872488205455822082,2020-09-14,Just a quick #ShoveIt grab ✊🏻 #fy #fyp #tricks #skateboard #skateboarding #beach #surf #skim,Just a quick #ShoveIt grab ✊🏻 #fy #fyp #tricks #skateboard #skateboarding #beach #surf #skim,0,10300,3,1600125859
154,6872488803957804290,2020-09-14,Spin to win it’s what they say 😂😂 #fyp #skimboarding #skim #skimming #6ix9nine #lockedup,Spin to win it’s what they say 😂😂 #fyp #skimboarding #skim #skimming #6ix9nine #lockedup,0,11600,7,1600125998
155,6872489895072517377,2020-09-14,#TooComfortable at home doing what I love 🏡❤️ #fyp #fy #riodejaneiro #tiktokbrasil #skimboarding #skimboard #sports,#TooComfortable at home doing what I love 🏡❤️ #fyp #fy #riodejaneiro #tiktokbrasil #skimboarding #skimboard #sports,0,14200,5,1600126252
156,6872490713200839937,2020-09-14,I love throwing these airs 🚀 Which of my tricks do you like watching most?! #fyp #skimboarding #bop #dababy #air #trick #fly,Adoro dar esse aéreos 🚀 Qual a minha manobra que você mais gosta de assistir?! #fyp #skimboarding #bop #dababy #air #trick #fly,1,15500,4,1600126443
157,6872491200876694785,2020-09-14,Another trick I took straight from #skate 🙏🏼🙌🏼 Comment what you think of this session #fyp #skimboarding #trick,Mais uma manobra que me inspirei do #skate 🙏🏼🙌🏼 Comenta aí o que tão achando dessa session #fyp #skimboarding #trick,1,10700,4,1600126557
158,6872491834828918017,2020-09-14,"I gotta say, that one was my favorite 🔥🔥 #fyp #drake #laughnowcrylater #skimboarding #skimboard",Vou te falar que essa daí foi minha preferida 🔥🔥 #fyp #drake #laughnowcrylater #skimboarding #skimboard,1,11100,5,1600126704
159,6872492522875145473,2020-09-14,"So, did you like the session? Drop a comment and I'll post more tomorrow ❤️ #fyp #skimboard #skimboarding #surfe #skim #skateboard #skate #sports","E aí, curtiu a session? Deixa ai seu comentário e vou postar mais amanhã ❤️ #fyp #skimboard #skimboarding #surfe #skim #skateboard #skate #sports",1,16600,4,1600126863
160,6872739050927738114,2020-09-15,When your student invites you to a #Skimboard session with his #amigos to celebrate his #aniversário 🤩❤️ #bday #cute #friends #tiktokbr,Quando seu aluno te chama pra fazer uma Session de #Skimboard com os #amigos dele em homenagem ao seu #aniversário 🤩❤️ #bday #cute #friends #tiktokbr,1,27600,12,1600184259
161,6872839714185972994,2020-09-15,"The drone couldn't￼ keep up with me at the start, that's how fast I was going 😂😂 #fy #fyp #drone #surfe #skimboard #aerial",O drone não conseguiu￼ me acompanhar no começo de tão rápido que eu tava 😂😂 #fy #fyp #drone #surfe #skimboard #aerial,1,40600,14,1600207700
162,6872854913844579586,2020-09-15,Drop a comment if you're loving the #drone shots 🚁🛸 #fyp #fy #skimboarding #surfing #aerial #surf #praia #beach #air,Deixa seu comentário se você tá curtindo as imagens de #drone 🚁🛸 #fyp #fy #skimboarding #surfing #aerial #surf #praia #beach #air,1,173000,18,1600211239
163,6873272882227612929,2020-09-17,"First wave of the day, hair still dry 🤩🍇 First time on a #skimboard at this slab in #RJ 💣 #fy #surfe #towin #surfing #slab #bigwavesurfing",Primeira onda do dia ainda de cabelo seco 🤩🍇 Primeira vez de #skimboard nessa laje do #RJ 💣 #fy #surfe #towin #surfing #slab #bigwavesurfing,1,111400,12,1600308554
164,6873274080372526337,2020-09-17,Always in the #mood for #waves 🌊🤩 #fyp #surfing #surf #skimboard #drone #beach #lifestyle,Always in the #mood for #waves 🌊🤩 #fyp #surfing #surf #skimboard #drone #beach #lifestyle,0,139500,12,1600308833
165,6873603294032366850,2020-09-17,Paddling out on a #skimboard 🙏🏼 #fyp #surfing #surfe #riodejaneiro #leblon #tiktokbrasil,Na remada de #skimboard 🙏🏼 #fyp #surfing #surfe #riodejaneiro #leblon #tiktokbrasil,1,17100,9,1600385484
166,6873668184805887234,2020-09-18,How big is this wave?! 💣 #fyp #skimboarding #towin #bigwavesurfing #surfing #saquarema #wsl,Qual o tamanho dessa onda?! 💣 #fyp #skimboarding #towin #bigwavesurfing #surfing #saquarema #wsl,1,14900,15,1600400592
167,6876760914683497730,2020-09-26,#MaisUmDiaNormal throwing down some tricks on my #skimboard 🔥🚀 #PaTiChallenge #surfing #board #beach #summer #sunny,#MaisUmDiaNormal mandando umas manobras com meu #skimboard 🔥🚀 #PaTiChallenge #surfing #board #beach #summer #sunny,1,140600,15,1601120672
168,6876761311393484033,2020-09-26,"One of the craziest, most fun waves of my life 🤯🤩 Splitting a barrel with my boy Pedrinho #epic #surfing #fyp #barrel #viralvideo #tubo #skim",Uma das ondas mais loucas e divertidas da minha vida 🤯🤩 Dividindo um tubo com meu cria Pedrinho #epic #surfing #fyp #barrel #viralvideo #tubo #skim,1,127400,9,1601120764
169,6877249973742750977,2020-09-27,#MeGusta pegar tubo 🔥🔥 #fyp #anitta #cardib #megustachallenge #skimboarding #barrel #tubo #epic #surfing,#MeGusta pegar tubo 🔥🔥 #fyp #anitta #cardib #megustachallenge #skimboarding #barrel #tubo #epic #surfing,0,104600,12,1601234541
170,6877617594459819265,2020-09-28,A really good wave and an even better song 😂🤪 #TikTok is too damn good #fyp #skimboard #surfe #tubo #praia #ubatuba #riodejaneiro #bregafunk,Uma onda muito boa e uma música melhor ainda 😂🤪 #TikTok é bom demais pqp #fyp #skimboard #surfe #tubo #praia #ubatuba #riodejaneiro #bregafunk,1,159400,26,1601320133
171,6877618308581969154,2020-09-28,Morri?! 🤪🤯 #fyp #shorebreak #skimboarding #surfing #quebracoco #praia,Morri?! 🤪🤯 #fyp #shorebreak #skimboarding #surfing #quebracoco #praia,0,113100,7,1601320299
172,6877619968792349953,2020-09-28,One of those videos that's pure #satisfação to watch ☮️ So satisfying to watch 🤤 #fyp #surfing #skimboarding #shorebreak #nature #beachlifestyle,Aqueles vídeos que dão #satisfação de assitir ☮️ So satisfying to watch 🤤 #fyp #surfing #skimboarding #shorebreak #nature #beachlifestyle,1,18400,7,1601320686
173,6877730214395251970,2020-09-29,Saindo com estilo 😎 Extra sauce in the end ✨🍇 #fyp #skimboarding #surfing #steez #surfe #stilldre,Saindo com estilo 😎 Extra sauce in the end ✨🍇 #fyp #skimboarding #surfing #steez #surfe #stilldre,0,2000000,10,1601346355
174,6878785622883044609,2020-10-01,"Looks easy from here, huh 😂😂 #fyp #wholelottachoppas #skimboarding #beach #summer #epicride #viralvideo",Olhando assim parece até fácil 😂😂 #fyp #wholelottachoppas #skimboarding #beach #summer #epicride #viralvideo,1,13300,14,1601592087
175,6878786610737974530,2020-10-01,I really love this kind of wave #fyp #waves #wedge #ondas #skimboarding #surfing #thebox,Gosto muito desse tipo de onda #fyp #waves #wedge #ondas #skimboarding #surfing #thebox,1,89500,9,1601592317
176,6878788274912218370,2020-10-01,Sending it on the #shorebreak 😂🚀 #Skimboard to #bodysurf transfer?? #fyp #sendit #surfing #weirdwaves,Sending it on the #shorebreak 😂🚀 #Skimboard to #bodysurf transfer?? #fyp #sendit #surfing #weirdwaves,0,17800,11,1601592704
177,6879450444364532994,2020-10-03,That one to end the session on a￼ golden note 🔐 #fyp #skimboarding #skateboarding #surfing #trick #epic,Aquela pra fechar a session com￼ chave de ouro 🔐 #fyp #skimboarding #skateboarding #surfing #trick #epic,1,28800,9,1601746876
178,6879461463954590977,2020-10-03,The classic “I died but I’m doing fine” 😂🤯 #fyp #fail #epicfail #surfing #shorebreak #skimboarding,Famoso morri mas passo bem 😂🤯 #fyp #fail #epicfail #surfing #shorebreak #skimboarding,1,33200,12,1601749442
179,6879875129841552642,2020-10-04,🆗 that was 🆒 #fyp #skimboarding #surfing #beach #waves #sendit,🆗 that was 🆒 #fyp #skimboarding #surfing #beach #waves #sendit,0,40300,10,1601845762
180,6879877159826017537,2020-10-04,Drippin too hard ⁉️💧 #fyp #skimboarding #surfing #drip #waves #epicwave #shorebreak,Drippin too hard ⁉️💧 #fyp #skimboarding #surfing #drip #waves #epicwave #shorebreak,0,23500,15,1601846230
181,6881385591242575105,2020-10-08,How to leave the #praia with #estilo 🤪🎉 #fyp #skimboarding #sand #beach #stylish,Como ir embora da #praia com #estilo 🤪🎉 #fyp #skimboarding #sand #beach #stylish,1,129100,8,1602197440
182,6882027059573525761,2020-10-10,What a crazy wave 🤪😆 #fyp #crazy #waves #ondas #praia #riodejaneiro #surf #skimboard,Que onda doida 🤪😆 #fyp #crazy #waves #ondas #praia #riodejaneiro #surf #skimboard,1,105600,8,1602346791
183,6882400707614428418,2020-10-11,What I love doing at the beach #skimboard #fyp #surfe #verao #riodejaneiro #domingo,O que eu gosto de fazer na praia #skimboard #fyp #surfe #verao #riodejaneiro #domingo,1,125100,8,1602433788
184,6882424439930244353,2020-10-11,Got worked by a wave and came back pregnant ?! 😂😂😂 #fyp #funny #wipeout #pregnant #surfing,Tomei um caldo e voltei grávido ?! 😂😂😂 #fyp #funny #wipeout #pregnant #surfing,1,80300,7,1602439314
185,6882425770711469313,2020-10-11,Glorious move #fyp #glorious #surfing #skimboarding #skateboarding #macklemore,Glorious move #fyp #glorious #surfing #skimboarding #skateboarding #macklemore,0,2800000,6,1602439623
186,6883843640070917377,2020-10-15,You'll see this trick landed clean on the feed soon 🙏🏼🙌🏼 #fail #wipeout #almost #720 #skimboarding #surfing #fyp,Em breve vocês verão essa manobra completa aqui no feed 🙏🏼🙌🏼 #fail #wipeout #almost #720 #skimboarding #surfing #fyp,1,33800,5,1602769747
187,6884021376294997249,2020-10-16,Pegando as bombas de #skimboard // #Skimboarding a slab 🇧🇷💣 #fyp #surfing #surfe #tiktokbr,Pegando as bombas de #skimboard // #Skimboarding a slab 🇧🇷💣 #fyp #surfing #surfe #tiktokbr,0,29600,21,1602811131
188,6885491847590857985,2020-10-20,"Surfing on a Skimboard, how is that even possible? And filmed from a JetSki? Insane 🤪 #fyp #surfing #surfe #skimboard #skimboarding #jetski","Surfando com um Skimboard, como é que pode? E filmando do JetSki? Que loucura 🤪 #fyp #surfing #surfe #skimboard #skimboarding #jetski",1,139900,13,1603153502
189,6886133385714994433,2020-10-21,Best pickup line in history?! 😂😂 This is best than any pick up line 😂😂 #fyp #foryou #pravocê #fy #gata #praia #babe #beach,Melhor cantada da história?! 😂😂 This is best than any pick up line 😂😂 #fyp #foryou #pravocê #fy #gata #praia #babe #beach,1,120400,7,1603302870
190,6886492949044022529,2020-10-22,Comment if you spotted the kid wiping out in the middle of the video 😂🧐 #fyp #foryou #pravocê #skimboarding #surfing #waves #beach #trick,Comenta aí quem achou o menino caindo no meio do video 😂🧐 #fyp #foryou #pravocê #skimboarding #surfing #waves #beach #trick,1,28400,10,1603386587
191,6888358188530355458,2020-10-27,Watching babe surfing be like 😂😂 #fyp #fail #epicfail #surfing #wave #babe #surfe,Watching babe surfing be like 😂😂 #fyp #fail #epicfail #surfing #wave #babe #surfe,0,867600,21,1603820872
192,6889201931290545409,2020-10-30,"So, SUNSET or TRICK?! 🧐 Which was better, the sunset🔥 or the trick🚀 ?! #fyp #foryou #viralbrasil #tiktokbr #sunset #beach #air #trick #surfing","So, SUNSET or TRICK?! 🧐 Qual foi melhor o por do sol🔥 ou a manobra🚀 ?! #fyp #foryou #viralbrasil #tiktokbr #sunset #beach #air #trick #surfing",1,261400,9,1604017323
193,6889532584863223042,2020-10-30,No way I saw that wave mutating and swallowing me whole 😱☠️ #fyp #viralbrasil #onda #surfe #fail #tiktokbr,Nem dava pra acreditar que a onda ia ficar mutante e me engolir 😱☠️ #fyp #viralbrasil #onda #surfe #fail #tiktokbr,1,351000,10,1604094308
194,6892198164514737410,2020-11-07,When the brega funk beat drop syncs up with the trick 🤪🤤 #fyp #surfing #bregafunk #viralbrasil #surfe #leblon,Quando a virada do brega funk sincroniza com a manobra 🤪🤤 #fyp #surfing #bregafunk #viralbrasil #surfe #leblon,1,197200,6,1604714938
195,6892198724139994369,2020-11-07,My skatepark is in the water 😱 #fyp #skate #surfe #skimboard #tiktokbrasil,Meu skatepark é na água 😱 #fyp #skate #surfe #skimboard #tiktokbrasil,1,38800,6,1604715068
196,6892422184543849729,2020-11-07,YOU CAN’T MISS WHAT YOU NEVER HAD 😘 #fyp #lemonade #skimboarding #skimboard #surf #beach,YOU CAN’T MISS WHAT YOU NEVER HAD 😘 #fyp #lemonade #skimboarding #skimboard #surf #beach,0,24900,5,1604767095
197,6893549594421120257,2020-11-10,"In case you didn't know, I also teach skimboard lessons in RJ! Just hit me up 😘🎉 #fyp #skimboarding #skimboard #rj #leblon #tiktokbr","Pra quem não sabe, também dou aulas de skimboard no RJ! Só chamar 😘🎉 #fyp #skimboarding #skimboard #rj #leblon #tiktokbr",1,66300,13,1605029591
198,6893553236742130946,2020-11-10,Going wild with @redbullbr surfing the boat wake and throwing down huge tricks! 🎉🚀 Wake + Skim + RedBull #fyp #wakeboard #tiktokbrasil,Doidão de @redbullbr surfando a onda do barco e mandando altas manobras! 🎉🚀 Wake + Skim + RedBull #fyp #wakeboard #tiktokbrasil,1,125500,59,1605030439
199,6893697394265885953,2020-11-11,Everything is under control // Tudo sobre controle 😬😂😳 #surfing #skimboarding #almostfail #skate,Everything is under control // Tudo sobre controle 😬😂😳 #surfing #skimboarding #almostfail #skate,0,114400,30,1605064004
200,6894350980557704449,2020-11-12,Know this sport? Do you know this sport? #tiktokbrasil #goviral #surfing #beach,Conhece esse esporte? Do you know this sport? #tiktokbrasil #goviral #surfing #beach,1,119300,15,1605216179
201,6894352323758361858,2020-11-12,This is how I get around at the beach 😂 This is how I move at the beach 😎 #beach #summer #likeaboss #epic #surfe,Assim que eu me locomovo na praia 😂 This is how I move at the beach 😎 #beach #summer #likeaboss #epic #surfe,1,136300,14,1605216491
202,6895157341117779202,2020-11-15,So much fun 😂😜 #skimboarding #surfe #weirdwaves,So much fun 😂😜 #skimboarding #surfe #weirdwaves,0,136000,11,1605403925
203,6895160301935807745,2020-11-15,SUMMERTIME & THE LEAVING IS EASY 🙏🏼🙌🏼🔥🚀 #surfing #summer #skimboarding #riodejaneiro,SUMMERTIME & THE LEAVING IS EASY 🙏🏼🙌🏼🔥🚀 #surfing #summer #skimboarding #riodejaneiro,0,105600,35,1605404614
204,6895161117513927938,2020-11-15,Still trying to figure out how I pulled that one off 😂 Epic board transfer 🙌🏼 #skimboard #skimboarding #surfing,Até agora tentando como que consegui essa ai 😂 Epic board transfer 🙌🏼 #skimboard #skimboarding #surfing,1,135300,8,1605404804
205,6896526471184076034,2020-11-18,"Eu vou mas eu volto, be right back baby 😘 #viralvideo #actionsports #skimboarding","Eu vou mas eu volto, be right back baby 😘 #viralvideo #actionsports #skimboarding",0,133000,9,1605722699
206,6896620786665245954,2020-11-19,Where is the love? Almost died for this #TikTok 😂😂 #almostfail #epic #surfing #rocks #wipeout,Where is the love? Almost died for this #TikTok 😂😂 #almostfail #epic #surfing #rocks #wipeout,0,127800,10,1605744661
207,6896622084991094017,2020-11-19,Went down for real 😂 #surfing #skate #skimboarding #beach #summer,Went down for real 😂 #surfing #skate #skimboarding #beach #summer,0,130400,8,1605744963
208,6899913989757848834,2020-11-27,I’m in Portugal 🇵🇹 sorry for being MIA on here 🥶 I stay fresh as hell 🔥 #skimboarding #portugal #surfing,Estou em Portugal 🇵🇹 desculpem a ausência por aqui 🥶 I stay fresh as hell 🔥 #skimboarding #portugal #surfing,1,490100,9,1606511418
209,6899916520521043202,2020-11-27,I like it like that 🚀✨ #skimboarding #surfing #portugal #nazare #cardib,I like it like that 🚀✨ #skimboarding #surfing #portugal #nazare #cardib,0,202300,7,1606512007
210,6901833140495600898,2020-12-03,How to properly ride the shorebreak 🤯 // Como pegar ondas no shorebreak 🌊 #skimboarding #surfing #waves #beach #portugal #sesimbra,How to properly ride the shorebreak 🤯 // Como pegar ondas no shorebreak 🌊 #skimboarding #surfing #waves #beach #portugal #sesimbra,0,192300,12,1606958256
211,6901834165319224577,2020-12-03,That wave that surprises you and then gets even better 🤯🌊 Epic backwash assistance #surfing #skimboard #waves #backwash #thebox #roddyrich,Aquela onda que te surpreende e fica melhor ainda 🤯🌊 Epic backwash assistance #surfing #skimboard #waves #backwash #thebox #roddyrich,1,342000,18,1606958494
212,6901834762302803202,2020-12-03,Just let me ride the shorebreak 🌊🤩 #surfe #surfing #praia #beach #manobra #riding,Just let me ride the shorebreak 🌊🤩 #surfe #surfing #praia #beach #manobra #riding,0,96400,13,1606958633
213,6903465575759138050,2020-12-07,I love this trick #skimboarding #surfing #skateboard #surfe #portugal #estoril #cascais,Adoro essa manobra // I love this trick #skimboarding #surfing #skateboard #surfe #portugal #estoril #cascais,1,293100,12,1607338335
214,6903466639824653569,2020-12-07,My head/hair tick after the wave triggered the song (?!) 😂 #music #corvettecorvette #surfing #skimboarding,Meu tick de cabeça/cabelo depois da onda ativou a música (?!) 😂 #music #corvettecorvette #surfing #skimboarding,1,282700,8,1607338583
215,6903467235159919874,2020-12-07,Hit this wave so hard it might even hit your feelings 😂 #skimboarding #skimboard #drake #inmyfeelings,Hit this wave so hard it might even hit your feelings 😂 #skimboarding #skimboard #drake #inmyfeelings,0,188600,8,1607338721
216,6903886060149951745,2020-12-08,"Having lots of fun, doing what I love with this beautiful background #skimboard #sunset #skimboarding #waves #minhaarteimporta","Having lots of fun, doing what I love with this beautiful background #skimboard #sunset #skimboarding #waves #minhaarteimporta",0,270300,6,1607436237
217,6903886880702549249,2020-12-08,"Best hour golden hour ✨ Best time of day, doing what I love most with friends ❤️ #skimboard #sunset #portugal #views #ruffus",Best hour golden hour ✨ Melhor hora do dia e fazendo o que mais gosto com os amigos ❤️ #skimboard #sunset #portugal #views #ruffus,1,74400,21,1607436427
218,6907007342097796357,2020-12-16,Is it skimboard or is it physics? Or both at once? #skimboarding vs #physics 🤯 #surfing #surfe #esporte #fisica,É skimboard ou é física? Ou é os dois junto? #skimboarding vs #physics 🤯 #surfing #surfe #esporte #fisica,1,281500,7,1608162982
219,6907009297142566149,2020-12-17,HAVING FUN 😂🤪 Skimboarding with elephantiasis legs is not easy #fyp #viral #fun #funny #wipeout #surfing,HAVING FUN 😂🤪 Skimboard com elefantiase nas pernas não é fácil #fyp #viral #fun #funny #wipeout #surfing,1,261000,15,1608163437
220,6907547457912048901,2020-12-18,Qual onda foi a melhor?! 🤔 Which was the best wave?! #surfing #skimboarding #beach #waves #summer,Qual onda foi a melhor?! 🤔 Which was the best wave?! #surfing #skimboarding #beach #waves #summer,0,30300,17,1608288883
221,6908047825293135109,2020-12-19,Backflip de skimboard ?! #skimboarding #skimboard #skimming #portugal #steppin #surf,Backflip de skimboard ?! #skimboarding #skimboard #skimming #portugal #steppin #surf,0,259700,7,1608405242
222,6909160286947691781,2020-12-22,"Skimboarding in Nazare, no fins, no straps, no problem 🤯💣 #bigwaves #surfing #bigwavesurfing #skimboarding #nazare","Skimboarding in Nazare, no fins, no straps, no problem 🤯💣 #bigwaves #surfing #bigwavesurfing #skimboarding #nazare",0,42000,16,1608664249
223,6909172890252446982,2020-12-22,Sunset session ✨✨ Ahh if only I'd landed that last trick 🤯🤯 #fyp #sunset #surfing #cottoncandy #surfe #portugal,Sunset session ✨✨ Ahh se eu volto a última manobra 🤯🤯 #fyp #sunset #surfing #cottoncandy #surfe #portugal,1,29700,13,1608667184
224,6909825778947591429,2020-12-24,Party wave 😂😂 #skimboarding #wipeout #fail #ohno #funny,Party wave 😂😂 #skimboarding #wipeout #fail #ohno #funny,0,1500000,11,1608819208
225,6909882926557596933,2020-12-24,THIS IS SKIMBOARDING 🇵🇹❤️ Sick little waves in Portugal! #skimboarding #portugal #skimboard #estoril #lisboa #surfe,THIS IS SKIMBOARDING 🇵🇹❤️ Altas ondinhas em Portugal! #skimboarding #portugal #skimboard #estoril #lisboa #surfe,1,92300,59,1608832503
226,6910261708288249094,2020-12-25,And another wave rolling in right behind 😳 #fyp #surfing #bigwaves #surfe #skimboard #nazare,E a outra onda vindo atrás 😳 #fyp #surfing #bigwaves #surfe #skimboard #nazare,1,284800,13,1608920695
227,6910694498733477125,2020-12-26,My Christmas gift 🎁🎄❤️ Got to the beach and found empty perfect waves #portugal #ericeira #surfe #skimboard #epic,My Christmas gift 🎁🎄❤️ Got to the beach and found empty perfect waves #portugal #ericeira #surfe #skimboard #epic,0,174700,14,1609021462
228,6911463938236501253,2020-12-29,The payoff from the last video ✨🇵🇹🔥 Paddling on a skimboard at COXOS #portugal #surfe #surfing #skimboard #ericeira #perfectwaves,Resultado do vídeo anterior ✨🇵🇹🔥 Paddling on a skimboard at COXOS #portugal #surfe #surfing #skimboard #ericeira #perfectwaves,1,49000,58,1609200612
229,6911466007727049990,2020-12-29,Aquela onda XXXplosiva #sidewash #shorebreak #surfing #skimboarding #pacodarcos,Aquela onda XXXplosiva #sidewash #shorebreak #surfing #skimboarding #pacodarcos,0,97400,9,1609201094
230,6911466975159995653,2020-12-29,That #skimboard cruise 🍇🇵🇹 #skimboarding #tiktok #viral #surfe #wedge,Aquele passeio de #skimboard 🍇🇵🇹 #skimboarding #tiktok #viral #surfe #wedge,1,94300,14,1609201318
231,6912020273998957829,2020-12-30,And legend has it I never stopped sliding again 😂 #snow #snowboard #ski #skimboard #skimming,E reza a lenda que eu nunca mais parei de deslizar 😂 #snow #snowboard #ski #skimboard #skimming,1,42700,22,1609330170
232,6912886516532497669,2021-01-01,First wave of 2021 ❤️🎉 Happy new year!!! Happy new year!! #fyp #2021 #newyear #surfing #skimboard #vibes,Primeira onda de 2021 ❤️🎉 Feliz ano novo!!! Happy new year!! #fyp #2021 #newyear #surfing #skimboard #vibes,1,89300,14,1609531833
233,6915762033250045189,2021-01-09,Skimboarding at Ipanema beach 🏡❤️ Full video on the channel! #surfing #ipanema #skimboard #skimboarding #sunset,Skimboarding at Ipanema beach 🏡❤️ Vídeo completo no canal! #surfing #ipanema #skimboard #skimboarding #sunset,1,41200,14,1610201351
234,6915824309848050950,2021-01-09,My @exileskimboards is my #bestfriend 😂❤️ #skimboard #skimboarding #bestfriendchallenge #dojacat #saweetie,My @exileskimboards is my #bestfriend 😂❤️ #skimboard #skimboarding #bestfriendchallenge #dojacat #saweetie,0,50900,23,1610215840
235,6916445866282781958,2021-01-11,Did I land it or not?! Comment what you thought! 🤯 Comment what you think about this!,Completo ou não?! Commenta aí o que você achou! 🤯 Comment what you think about this!,1,60200,10,1610360576
236,6916446677184318725,2021-01-11,Classic ride deserves #classical music 😂 #fyp #surfing #surfe #skimboarding #skim #riodejaneiro #ipanema,Classic ride deserves #classical music 😂 #fyp #surfing #surfe #skimboarding #skim #riodejaneiro #ipanema,0,171600,10,1610360762
237,6916575858782162182,2021-01-11,One of those videos you keep on eternal loop 😂 #fyp #ipanema #rj #carioca #verao #skimboard,Daqueles vídeos pra ficar no looping eterno 😂 #fyp #ipanema #rj #carioca #verao #skimboard,1,74300,4,1610390820
238,6917000538819218693,2021-01-12,Think this one goes viral ?! #Skimboard in #Ipanema during the #Verão #Carioca 🍇🏡❤️,Será que esse viraliza ?! #Skimboard em #Ipanema no #Verão #Carioca 🍇🏡❤️,1,113400,21,1610489703
239,6917781973037567237,2021-01-15,Full video from the Portugal trip 🇵🇹 on the channel 🤯 Full video from this Portugal trip on my channel #skimboarding #skim #skimming #portugal,Vídeo completo da trip de Portugal 🇵🇹 no canal 🤯 Full video from this Portugal trip on my channel #skimboarding #skim #skimming #portugal,1,74400,34,1610671644
240,6918183205195549958,2021-01-16,OMG what a wave that was 🤩🤯 #mds #mdschallenge #ipanema #riodejaneiro #praia,Mds que onda foi essa 🤩🤯 #mds #mdschallenge #ipanema #riodejaneiro #praia,1,9800000,12,1610765063
241,6918371788904762629,2021-01-16,Catching waves with this view is priceless 🏡❤️ #ipanema #riodejaneiro #carioca #verao #praia,Pegar ondas com esse visual não tem preço 🏡❤️ #ipanema #riodejaneiro #carioca #verao #praia,1,99300,8,1610808977
242,6918676429446204678,2021-01-17,Bussin’ it on my skimboard 🔥🚀 #bussit #bussitchallenge #waves #beach #tiktokbrasil,Bussin’ it on my skimboard 🔥🚀 #bussit #bussitchallenge #waves #beach #tiktokbrasil,0,2000000,9,1610879940
243,6919269968693447941,2021-01-19,"Me going to get my shot after that wave 😂 Born readyy, let's go 💉 #TodosPelasVacinas #covid19 #skimboard #tiktokbrasil","Eu indo tomar vacina depois dessa onda 😂 Nasci prontoo, partiu 💉 #TodosPelasVacinas #covid19 #skimboard #tiktokbrasil",1,310900,11,1611018095
244,6919544883799706885,2021-01-19,"Leaving the beach in that styleee ✨😘 Come on through, I'm on my way #tiktokbr #riodejaneiro #likeaboss #praia #rj #verao #vemsenrando",Indo embora da praia daquele jeitãooo ✨😘 Vem vindo que eu vou indo #tiktokbr #riodejaneiro #likeaboss #praia #rj #verao #vemsenrando,1,953900,8,1611082102
245,6920618558519086342,2021-01-22,"What a sick wave my guyyyy, comment what score you'd give it?! #tiktokbr #viralbrasil #clickclackboom #surfe #praia #onda #verao #carioca #skimboard","Que onda irada meu parceiroooo, comenta ai qual foi a nota?! #tiktokbr #viralbrasil #clickclackboom #surfe #praia #onda #verao #carioca #skimboard",1,100000,14,1611332091
246,6920790937878744325,2021-01-23,"Imagine if skimboarding was in the Olympics 🤤🏆 Until it is, I'm already training 😂 #surfe #PreparaçãoOlímpica #skimboard #surfing #skate",Imagina se tivesse skimboard nas olímpiadas 🤤🏆 Enquanto não tem eu já vou treinando 😂 #surfe #PreparaçãoOlímpica #skimboard #surfing #skate,1,69800,7,1611372227
247,6922482582550531333,2021-01-27,"Baby those tricks I did were for you.... 720 shuv it on the skimboard, that’s a first 🔥🚀 #fyp #tiktokbrasil #tiktokbr #viralbr #ipanema #surfista","Baby essas tricks que eu fiz foi pra tu.... 720 shuv it on the skimboard, that’s a first 🔥🚀 #fyp #tiktokbrasil #tiktokbr #viralbr #ipanema #surfista",1,175100,9,1611766086
248,6923750633451408646,2021-01-31,Aquele “oh no” que virou “oh yes” 😂😂 #tiktokbr #ohno #epic #trick #skimboarding #skate,Aquele “oh no” que virou “oh yes” 😂😂 #tiktokbr #ohno #epic #trick #skimboarding #skate,0,77600,7,1612061331
249,6924084589791087877,2021-02-01,This kid is pure salt 😂😛 #tiktokbrasil #riodejaneiro #skimboard #surfe #ipanema #carioca,Pivete é sal 😂😛 #tiktokbrasil #riodejaneiro #skimboard #surfe #ipanema #carioca,1,53200,9,1612139086
250,6924086357304298758,2021-02-01,We know how to party 😂😂 #partywave #surfing #fun #wipeout #bodyboard #skimboarding,We know how to party 😂😂 #partywave #surfing #fun #wipeout #bodyboard #skimboarding,0,138700,10,1612139496
251,6925114037562838278,2021-02-03,Damn I ran over my buddy duck diving and almost hit the other one surfing 😂😂 #ohnono #tiktokbrasil #fail #wipeout #skimboard #surfe,Carai atropelei o parceiro mergulhando e quase bati no outro surfando 😂😂 #ohnono #tiktokbrasil #fail #wipeout #skimboard #surfe,1,117900,6,1612378769
252,6925115492340436229,2021-02-03,What a crazy wave bro 😂 with this song it hits even harder 🤪 #vroomvroom #skimboard #surfe #praia #carioca #ipanema #verão2020 #crazy,Que onda louca mermão 😂 com essa música combinou mais ainda 🤪 #vroomvroom #skimboard #surfe #praia #carioca #ipanema #verão2020 #crazy,1,781200,8,1612379108
253,6925456916474842374,2021-02-04,This is SKIMBOARDING 🤯 #surfing #waves #viralvideo #tiktokbr #matue #ésal #skimboard,This is SKIMBOARDING 🤯 #surfing #waves #viralvideo #tiktokbr #matue #ésal #skimboard,0,54800,30,1612458603
254,6927063852890754310,2021-02-09,I wonder if this wave is more dangerous than this girl 😂 #fyp #dangerous #skimboarding #slab #surfing #akon,I wonder if this wave is more dangerous than this girl 😂 #fyp #dangerous #skimboarding #slab #surfing #akon,0,158200,12,1612832750
255,6927322393098603782,2021-02-09,This song is straight comedy 😂😂 #paypal #paypalchallenge #tiktokbrasil #trapbr #skimboard #carioca #rj,Essa música é mo comédia 😂😂 #paypal #paypalchallenge #tiktokbrasil #trapbr #skimboard #carioca #rj,1,333800,12,1612892942
256,6927379980078943494,2021-02-09,Comment if you want to learn #skimboard at my little school here in RJ 🍇🍯 #skimboarding #surfe #aulas #praia #leblon #ipanema #barra #niteroi,Comenta ai quem quer aprender #skimboard na minha escolinha aqui no RJ 🍇🍯 #skimboarding #surfe #aulas #praia #leblon #ipanema #barra #niteroi,1,430000,15,1612906351
257,6927793944755555589,2021-02-11,Fui e voltei no pique highlander 😂 #skimboarding #surfing #style #epic #praia #beach #summer,Fui e voltei no pique highlander 😂 #skimboarding #surfing #style #epic #praia #beach #summer,0,56600,10,1613002738
258,6927796117518175494,2021-02-11,Prodigy student from my SKIMBOARD school ! DM @lucasfinkskimcamp on Instagram and come be part of it! #tiktokbr #esportes #praia #skim,Aluno prodígio da minha escolinha de SKIMBOARD ! Manda msg no @lucasfinkskimcamp no Instagram e vem fazer parte! #tiktokbr #esportes #praia #skim,1,61700,28,1613003244
259,6928530621253946630,2021-02-12,Watch till the end!! I'll post more videos from these epic days 🙏🏼🙏🏼 drop a nice commeeent squad 🍇🍇 #skimboard #leblon #praia #riodejaneiro #surfe,Assiste até o final!! Vou postar mais vídeos desses dias épicos 🙏🏼🙏🏼 comenta legaaaaal tropa 🍇🍇 #skimboard #leblon #praia #riodejaneiro #surfe,1,361500,34,1613174259
260,6928531315272797445,2021-02-13,Talk trash about me while I keep riding big waves 😂🤪😘 #FalaMalDeMim #PedroSampaio #surfe #skimboard #carioca #funk #tiktokbr,Fala mal de mim enquanto eu continuo pegando altas ondas 😂🤪😘 #FalaMalDeMim #PedroSampaio #surfe #skimboard #carioca #funk #tiktokbr,1,419400,6,1613174419
261,6930795286033943814,2021-02-19,Comment what you thought! The #skimboard world champion is Brazilian! 🏆🇧🇷 #skimboarding #surfing #skimboarder #mundoskimboard #FestivalCulturalTikTok,Comenta aí o que achou! Campeão mundial de #skimboard é brasileiro! 🏆🇧🇷 #skimboarding #surfing #skimboarder #mundoskimboard #FestivalCulturalTikTok,1,175700,36,1613701544
262,6930797977892130053,2021-02-19,This is #skimboarding thing looks really fun 😎🔥 @italotferreira #skimboard #skimboarding #surfing #surf #skimboarder #surfervibe #surfer,This is #skimboarding thing looks really fun 😎🔥 @italotferreira #skimboard #skimboarding #surfing #surf #skimboarder #surfervibe #surfer,0,146900,14,1613702171
263,6931123016571112710,2021-02-19,Brega funk is life and so is skimboard ❤️🇧🇷 #skimboard #skimboarding #surfing #surf #tiktokbr #praia #carioca #bregafunk #gilbala,Brega funk é vida e skimboard também ❤️🇧🇷 #skimboard #skimboarding #surfing #surf #tiktokbr #praia #carioca #bregafunk #gilbala,1,152400,10,1613777845
264,6931424510948216069,2021-02-20,Is that info legit?! Comment below 🗣😂 #skimboard #surf #surfing #m4 #surfer #skimboarder #tricks #carioca #trapbr,Procede a informação?! Comenta aí 🗣😂 #skimboard #surf #surfing #m4 #surfer #skimboarder #tricks #carioca #trapbr,1,143300,14,1613848038
265,6932260578744356102,2021-02-23,FEB 23 AT 10am there's a #VidaDeAtleta LIVE on the #TikTtok of @redbullbr 🔥🔥 pull up and see a day of my training! #skimboard #surfe #live,DIA 23/02 AS 10am TEM LIVE #VidaDeAtleta no #TikTtok da @redbullbr 🔥🔥 brota pra conhecer um dia dos meus treinos! #skimboard #surfe #live,1,45400,34,1614042707
266,6932261673709391110,2021-02-23,"Brooooo, the waves showed up today 🏡🔥 #skimboard #praia #surfe #shorebreak #tiktokbr #viralbrasil #apagalaluz #funk #carioca","Mermãoooo, hoje deu onda 🏡🔥 #skimboard #praia #surfe #shorebreak #tiktokbr #viralbrasil #apagalaluz #funk #carioca",1,24700,19,1614042963
267,6932910578306403589,2021-02-24,#VidaDeAtleta is exactly this... TRAINING EVERY DAY 😂🚀 #tiktokbr #skimboard #skimboarding #surfing #tricks #shorebreak #beach #yougotit #yougotitchallenge,#VidaDeAtleta é isso aí... TREINO TODO DIA 😂🚀 #tiktokbr #skimboard #skimboarding #surfing #tricks #shorebreak #beach #yougotit #yougotitchallenge,1,314300,10,1614194042
268,6932977747484495110,2021-02-24,Yo throw a backflip 😂 #Backflip yes or no?! #fyp #skimboarding #VidaDeAtleta #surf #surfing #trick #mortal #viral #tiktokbr,Coé manda um mortal ai 😂 #Backflip yes or no?! #fyp #skimboarding #VidaDeAtleta #surf #surfing #trick #mortal #viral #tiktokbr,1,116500,5,1614209685
269,6934126349246336261,2021-02-28,That tasty little barrel for everyone who rides #skimboard 🍇🍯 #VidaDeAtleta #PokerFace #surfe #praia #popmusic #beach #barrel,Aquele tubinho delicioso pra quem anda de #skimboard 🍇🍯 #VidaDeAtleta #PokerFace #surfe #praia #popmusic #beach #barrel,1,558900,12,1614477115
270,6934511081914256645,2021-03-01,Another #OhNo that turned into Oh Yes 😂🤝🏆 #fyp #tiktokbr #viralbrasil #almostfail #skimboard #surfing #rocks #wipeout #vidadeatleta,Mais um #OhNo que virou Oh Yes 😂🤝🏆 #fyp #tiktokbr #viralbrasil #almostfail #skimboard #surfing #rocks #wipeout #vidadeatleta,1,809400,12,1614566697
271,6936326201619401989,2021-03-06,THE BEST WAVE I’VE EVER RIDDEN?! 🤯🔥 BEST WAVE OF MY LIFE?! #skimboard #skimboarding #surfing #surfe #barrel #bussit #bussitchallenge🔥 #shorebreak #fyp,MELHOR ONDA DA MINHA VIDA?! 🤯🔥 BEST WAVE OF MY LIFE?! #skimboard #skimboarding #surfing #surfe #barrel #bussit #bussitchallenge🔥 #shorebreak #fyp,1,26800,24,1614989298
272,6937453038508559621,2021-03-09,STOP everything you're doing. Watch this video. And comment whatever comes to mind 🤝 #apagaluzapagatudo #apagaaluzapagatudo #viralbrasil #tiktokbr,PARA TUDO que você tá fazendo. Assista esse vídeo. E comenta o que vier na sua mente 🤝 #apagaluzapagatudo #apagaaluzapagatudo #viralbrasil #tiktokbr,1,24500,9,1615251661
273,6937455141364747525,2021-03-09,NOW LOOK AT THIS 🤩🤯 #fyp #skimboarding #skimboard #surfing #tricks #shorebreak #skills #skateboard #riodejaneiro,NOW LOOK AT THIS 🤩🤯 #fyp #skimboarding #skimboard #surfing #tricks #shorebreak #skills #skateboard #riodejaneiro,0,63800,6,1615252150
274,6937649251010809093,2021-03-09,Drop a comment if you spotted the mistake 🤯 YEAH GET THAT SWITCH 🔥 #surfing #skimboard #skimboarding #switch #stance #skateboard #tricks #insaneskills #beach,Comenta aí quem descobriu o erro 🤯 YEAH GET THAT SWITCH 🔥 #surfing #skimboard #skimboarding #switch #stance #skateboard #tricks #insaneskills #beach,1,24100,10,1615297346
275,6938556522691562758,2021-03-12,Enjoying Ipanema beach on my @exileskimboards 🔥🚀 #NowLookAtThis #skimboarding #skimboard #surfing #riodejaneiro @redbull #tiktokbr,Enjoying Ipanema beach on my @exileskimboards 🔥🚀 #NowLookAtThis #skimboarding #skimboard #surfing #riodejaneiro @redbull #tiktokbr,0,28300,9,1615508585
276,6938557677014437126,2021-03-12,WATCH TILL THE END!! What happened over there ?! #anotheronebitesthedust #skimboard #surfing #surfe #wipeout #shorebreak #wave @redbull,WATCH TILL THE END!! What happened over there ?! #anotheronebitesthedust #skimboard #surfing #surfe #wipeout #shorebreak #wave @redbull,0,45600,10,1615508854
277,6939291225413520645,2021-03-13,Write a caption for this video 🤷🏼‍♂️ #fyp #tiktokbr #skimboard #skimboarding #surfe #praia #ondas #viralvideo #surfing,Crie uma legenda pra esse vídeo 🤷🏼‍♂️ #fyp #tiktokbr #skimboard #skimboarding #surfe #praia #ondas #viralvideo #surfing,1,26200,14,1615679645
278,6941498699616881925,2021-03-19,Comment if you enjoyed #skimboarding ❤️🙏🏼 #compilation #boardsports #watersports #actionsports￼￼ #viral #skimboard,Comenta ae se você curtiu o #skimboard // Comment if you enjoyed #skimboarding ❤️🙏🏼 #compilation #boardsports #watersports #actionsports￼￼ #viral,1,25500,20,1616193613
279,6941499949578210566,2021-03-19,ONE DAY OF MY LIFE 🤝❤️🏡 #riodejaneiro #skimboarding #skimboard #fun #surfing #lifestyle #beach #actionsports #health #vibes #friends,ONE DAY OF MY LIFE 🤝❤️🏡 #riodejaneiro #skimboarding #skimboard #fun #surfing #lifestyle #beach #actionsports #health #vibes #friends,0,47000,58,1616193904
280,6943248439861939461,2021-03-24,#HoraDoGame de #skimboard 🔥🚀 Nothing like a #skimboarding barrel 😍 #fyp #mds #mdsremix #mdschallenge #surfe,#HoraDoGame de #skimboard 🔥🚀 Nothing like a #skimboarding barrel 😍 #fyp #mds #mdsremix #mdschallenge #surfe,0,1900000,12,1616601007
281,6945152128419728645,2021-03-29,"Reply to @victorpinheiro019 Yes, it's one of the best #skimboard waves in the world! I was there this week ❤️ #skimboarding #surfe #praia #ubatuba","Resposta a @victorpinheiro019 Sim, é uma das melhores ondas pra #skimboard do mundo! Tava lá essa semana ❤️ #skimboarding #surfe #praia #ubatuba",1,39600,16,1617044243
282,6945153778194730245,2021-03-29,Smacking the wave right in the face 😂😜🤯 #skimboard #surf #skimboarding #wave #onda #beach #praia #riodejaneiro #carioca #surfista,Dando na cara da onda 😂😜🤯 #skimboard #surf #skimboarding #wave #onda #beach #praia #riodejaneiro #carioca #surfista,1,26400,7,1617044627
283,6945155308020845830,2021-03-29,I was loving these waves but after that one I don't think I'm coming back to this beach 😧😬🤯☠️ #crazy #fail #skimboard #surf #shark #batray,Tava adorando essas ondas mas acho que depois dessa não volto mais nessa praia 😧😬🤯☠️ #crazy #fail #skimboard #surf #shark #batray,1,63100,10,1617044984
284,6946311212590320902,2021-04-01,What a ride 🤯 QUE ONDA 🔥 #skimboard #skimboarding #NutriAção #upchallenge #surfing #rideoftheday #actionsports #cardib,What a ride 🤯 QUE ONDA 🔥 #skimboard #skimboarding #NutriAção #upchallenge #surfing #rideoftheday #actionsports #cardib,0,31000,35,1617314114
285,6947739177177992454,2021-04-05,Are you crazy bro?! 🤪🤯 Tow in #skimboarding on a slab 🔥 #skimboard #surf #surfing #bigwaves #towin #surfe #swell #skimboarder #filiperet #ffm,Tá maluco irmão?! 🤪🤯 Tow in #skimboarding on a slab 🔥 #skimboard #surf #surfing #bigwaves #towin #surfe #swell #skimboarder #filiperet #ffm,1,27900,35,1617646587
286,6947741838988086534,2021-04-05,"Dog 🐶 vs Crab 🦀, who won?! Who won? Courage the Cowardly Dog or Mr. Krabs?! 😂😂 #animals #nature #fight #funny #fyp #viralvideo #praia #beach","Dog 🐶 vs Crab 🦀, who won?! Quem ganhou? Coragem o cão covarde ou seu sirigueijo?! 😂😂 #animals #nature #fight #funny #fyp #viralvideo #praia #beach",1,28400,26,1617647207
287,6947743672720952581,2021-04-05,"Sent it #VidaLouca style and rode straight over my buddy's board, whatever 😂🤪 #fyp #skimboard #skimboarding #surfe #surfing #wipeout #fail #epicride",Lançei de #VidaLouca e passei por cima da prancha do amigo mermo fodac 😂🤪 #fyp #skimboard #skimboarding #surfe #surfing #wipeout #fail #epicride,1,124300,13,1617647634
288,6948763542829026566,2021-04-08,"#BongoChaChaCha idk, I like this song even though I don't understand it 😂 #surfista #praia #carioca #skimboard #ondas #fyp",#BongoChaChaCha seila gostei dessa música apesar de não entender ela 😂 #surfista #praia #carioca #skimboard #ondas #fyp,1,144200,13,1617885094
289,6948764453391453445,2021-04-08,Interviews for @redbull 🤝🔥🚀 #vidalouca #medáasas #givesmewings #redbull #interview #minhasvibes #surfista #mcpoze #fyp,Gravando pra @redbullbr // Interviews for @redbull 🤝🔥🚀 #vidalouca #medáasas #givesmewings #redbull #interview #minhasvibes #surfista #mcpoze #fyp,1,37300,14,1617885306
290,6949158555651951877,2021-04-09,The board went vrooooom 🤪🔥🚀 comment what you thought?! @redbullbr #skimboard #surfista #carioca #m4 #teto #matue #surf #manobra redbull #fyp,A prancha fez vruuuuum 🤪🔥🚀 comenta aí o que achou?! @redbullbr #skimboard #surfista #carioca #m4 #teto #matue #surf #manobra redbull #fyp,1,30800,10,1617977063
291,6950393034781625605,2021-04-12,#QuandoOGraveBateForte I'm gonna slide down the snow lying on my board 😂🤪 #fyp #neve #brasileiro #tiktokbr #surfista #deslizando #skimboard,#QuandoOGraveBateForte eu vou deslizar deitado na neve em cima da minha prancha 😂🤪 #fyp #neve #brasileiro #tiktokbr #surfista #deslizando #skimboard,1,34000,16,1618264487
292,6952227903849417989,2021-04-17,The wave went giant out of nowhere 🤯 Tow in with @exileskimboards at Laje da Manitiba 🔥 #skimboard #bigwaves #jetski #surfing #bigwavesurf #ondas #gigante,A onda ficou gigante do nada 🤯 Tow in de @exileskimboards na Laje da Manitiba 🔥 #skimboard #bigwaves #jetski #surfing #bigwavesurf #ondas #gigante,1,158300,16,1618691700
293,6952228864819088646,2021-04-17,"If @lucaschumbo says it, it’s settled 😂 @redbullbr SKIMBOARDING INTO GIANT WAVES 💣🔥🤯 #skimboarding #surfing #bigwaves #swell #bigwave #bigwavesurfing",Se o @lucaschumbo falou tá falado 😂 @redbullbr SKIMBOARDING INTO GIANT WAVES 💣🔥🤯 #skimboarding #surfing #bigwaves #swell #bigwave #bigwavesurfing,1,84400,27,1618691924
294,6952229891098168581,2021-04-17,This track is a whole vibe ✨✌️ #vibes #fyp #eletro #surfing #skimboarding #skimboard #towin #jetski #perfectwave #waves #surf,Ficou vibe esse som ✨✌️ #vibes #fyp #eletro #surfing #skimboarding #skimboard #towin #jetski #perfectwave #waves #surf,1,39400,11,1618692163
295,6954706931319704837,2021-04-24,"Giant waves in the middle of Guanabara Bay, can you believe it? 🤯💣🔥 #vivaodiadaterra #riodejaneiro #carioca #bigwaves #ondasgigantes #surfe #fyp","Ondas gigantes no meio da Baia de Guanabara, dá pra acreditar? 🤯💣🔥 #vivaodiadaterra #riodejaneiro #carioca #bigwaves #ondasgigantes #surfe #fyp",1,7200000,30,1619268896
296,6954708479697259782,2021-04-24,Woke up on the front page of O Globo 🤯🏆 Work paid off and mission accomplished after the giant waves in Guanabara Bay! #riodejaneiro #oglobo,Acordei na Capa do Jornal O Globo 🤯🏆 Trabalho recompensado e missão cumprida depois das ondas gigantes na Baia de Guanabara! #riodejaneiro #oglobo,1,47000,60,1619269256
297,6954826150510152966,2021-04-24,"We're ON , blowing up in the media 🔥 #globonews #tvglobo #midia #tv #riodejaneiro #baiadeguanabara","Tamo ON , bombando na mídia 🔥 #globonews #tvglobo #midia #tv #riodejaneiro #baiadeguanabara",1,23000,55,1619296652
298,6955206034105421061,2021-04-25,"MOM I'M ON GLOBO 🤪🤯🔥💣 So happy with the buzz around the giant waves at #BaiadeGuanabara, thanks to everyone involved 🤝 #tvglobo #esporteespetacular","MÃE TO NA GLOBO 🤪🤯🔥💣 Muito feliz com a repercussão das ondas gigantes na #BaiadeGuanabara, obrigado aos envolvidos 🤝 #tvglobo #esporteespetacular",1,28200,48,1619385101
299,6956745090765196550,2021-04-30,Crazy wave in Niterói 🍇🤯🔥 #fyp #skimboarding #skimboard #surf #surfing #wedge #waves #shorebreak,Onda doida em Niterói 🍇🤯🔥 #fyp #skimboarding #skimboard #surf #surfing #wedge #waves #shorebreak,1,30400,9,1619743441
300,6957116242243128581,2021-05-01,Que onda irada 😂❤️🤝 #TikTokBonus #AllTheWayUp #fyp #vibes #lifestyle #friends #sunset #surfing #skimboard,Que onda irada 😂❤️🤝 #TikTokBonus #AllTheWayUp #fyp #vibes #lifestyle #friends #sunset #surfing #skimboard,0,25700,10,1619829857
301,6958950275516239110,2021-05-05,The wave that snapped me in half 😂🤯 #issootiktokmostra #fyp #surfista #skimboard #skimboarding #riodejaneiro #epic #surf,A onda que me quebrou no meio 😂🤯 #issootiktokmostra #fyp #surfista #skimboard #skimboarding #riodejaneiro #epic #surf,1,43600,9,1620256876
302,6961567519215799557,2021-05-13,#BoraJogar ? Riding giant waves on a mini board 🤪💣 #skimboarding #skimboard #surf #surfing #trapbr #tiktokbr,#BoraJogar ? Pegando ondas gigantes com uma mini prancha 🤪💣 #skimboarding #skimboard #surf #surfing #trapbr #tiktokbr,1,12500,58,1620866250
303,6961569624945216774,2021-05-13,Looked like just a #jetsksi ride but it still turned into an insane wave 🤯 WHAT A VIBE 🤝✨ #fyp #tiktokbr #astronautintheocean #surfing #waves #riodejaneiro,Parecia só um passeio de #jetsksi mas ainda virou uma onda bizarra 🤯 QUE VIBE 🤝✨ #fyp #tiktokbr #astronautintheocean #surfing #waves #riodejaneiro,1,15200,18,1620866741
304,6961570234918522117,2021-05-13,This is how I get when I'm out in the water and the waves are GIANT 🤯🤪 Comment what your reaction would be! #pov #selfie #waves #surf #jetski #viral #funny,É assim que eu fico quando to no mar e as ondas estão GIGANTES 🤯🤪 Comenta ai qual seria sua reação! #pov #selfie #waves #surf #jetski #viral #funny,1,20000,13,1620866883
305,6962648971672145158,2021-05-15,Surfing with no fins 🤯 #ConheceMesmo #GetLow #Skimboard #Surf #RioDeJaneiro,Surfando sem quilhas 🤯 #ConheceMesmo #GetLow #Skimboard #Surf #RioDeJaneiro,1,18100,26,1621118045
306,6966365767713443077,2021-05-25,#EuMeCuido getting barreled on a skimboard 🤪😍 I'm back fam #TikTok #skimboard #surfe #praia #tubo #ondas #surfista,#EuMeCuido pegando tubo de skimboard 🤪😍 Voltei ein família #TikTok #skimboard #surfe #praia #tubo #ondas #surfista,1,104700,13,1621983429
307,6967111291664157957,2021-05-27,Today shock crashed the sistem! Watch the best waves of the session! #skimboarding #bigwave,Shock hoje bugou o sistema!! Confere aí as melhores! // Today shock crashed the sistem! Watch the best waves of the session! #skimboarding #bigwave,1,10500,30,1622157010
308,6967111652638510342,2021-05-27,#eusoufeliz with the barrels at Sununga! #tubo #skim #surf #lucasfink #campeaomundial,#eusoufeliz com os tubos da Sununga! #tubo #skim #surf #lucasfink #campeaomundial,1,9038,14,1622157094
309,6968107030745713925,2021-05-30,"#meuescritorioenapraia and always with my #skimboard !!! Whether it's the #corrida , the #townin or the #remada !!!","#meuescritorioenapraia e sempre com meu #skimboard !!! Seja na #corrida , no #townin ou na #remada !!!",1,9165,24,1622388848
310,6968239892157582598,2021-05-31,#evolucao of this #manobra that just makes #skimboard more #lindo every day !! What did you all think? Comment if you liked it!! #surf #melhoresportedomundo,#evolucao dessa #manobra que só faz o #skimboard ser cada dia mais #lindo !! O que vocês acharam? Comenta aí se curtiu!! #surf #melhoresportedomundo,1,23500,12,1622419783
311,6968578530602913030,2021-05-31,#SmoothLikeButter riding big and scary waves with a finless skimboard 🤪 What do you think?! #fyp #surfing #skimboard #barrel #wave #ride #whatspoppin,#SmoothLikeButter riding big and scary waves with a finless skimboard 🤪 What do you think?! #fyp #surfing #skimboard #barrel #wave #ride #whatspoppin,0,27800,14,1622498628
312,6969233862044028166,2021-06-02,So? #areia bottom or #slab ? #respondeai which one you think is more #punk ?,E aí? Fundo de #areia ou #slab ? #respondeai o que vocês acham mais #punk ?,1,26400,43,1622651209
313,6970688853204028677,2021-06-06,Classic #finaldetarde in Saquarema! Nothing better to close out the weekend.. #skimboarding #melhoresportedomundo #surf #campeaomundial,#finaldetarde clássico de Saquarema! Nada melhor pra fechar o final de semana.. #skimboarding #melhoresportedomundo #surf #campeaomundial,1,9570,33,1622989976
314,6971404752294923526,2021-06-08,That relaxing video and that beautiful wave! Leave a vibe if you enjoyed watching ✨🙏 #fyp #followthesun #waves #surf #wave #praia #SmoothLikeButter,Aquele vídeo relaxante e aquela onda linda! Deixa a vibe quem gostou de assistir ✨🙏 #fyp #followthesun #waves #surf #wave #praia #SmoothLikeButter,1,11500,30,1623156661
315,6972514872881876229,2021-06-11,Doing my #Movimentozin 😂🤪 your turn @opedrobernadino 🔥🚀 #fyp #viralbrasill #funk #bregafunk #surfista #surf #skimboard,Fazendo o meu #Movimentozin 😂🤪 fala tu @opedrobernadino 🔥🚀 #fyp #viralbrasill #funk #bregafunk #surfista #surf #skimboard,1,15800,30,1623415132
316,6972667624190774533,2021-06-11,Am I gonna eat it on this wave ?! 🤪🤯 comment what you thought 🙏 #NãoNãoVou #QuebrouACara #Surfing #surfista #ondas #bizarro #riodejaneiro,Será que eu vou cair nessa onda ?! 🤪🤯 comenta aí o que achou 🙏 #NãoNãoVou #QuebrouACara #Surfing #surfista #ondas #bizarro #riodejaneiro,1,34600,13,1623450695
317,6972721216004132102,2021-06-12,#dizai what score would you give this wave? Know the names of the tricks? Answer in the comments! #skimboard #surf #respondeai #manobra #skim,#dizai que nota você daria pra essa onda? Sabe o nome das manobras? Responde aí nos comentários! #skimboard #surf #respondeai #manobra #skim,1,52400,8,1623463173
318,6973715449733238022,2021-06-14,"Get help kid, #surfando like that on a #skimboard #prancha 🤯 #SemanaGamer #Bipolar #bipolarchallenge #viralbr #surfista","Vai se tratar garoto, #surfando assim com uma #prancha de #skimboard 🤯 #SemanaGamer #Bipolar #bipolarchallenge #viralbr #surfista",1,27700,13,1623694660
319,6974077629775252742,2021-06-15,#RealTalkWithCharmee #chilling on @redbullbr jetski during a town-in session! #lifeisgood #chill #jet #townin #skimboarding #skim #surf,#RealTalkWithCharmee #chilling on @redbullbr jetski during a town-in session! #lifeisgood #chill #jet #townin #skimboarding #skim #surf,0,36500,70,1623778987
320,6974915489038404870,2021-06-17,#sera did I ride far enough? Sick #vibe in this #session at Peró! #bateevolta day out in the Região dos Lagos. #surf #skimboard #redbull #diversao #vibeboa #skim,#sera que andei muito? #vibe animal nessa #session no peró! Dia de #bateevolta na região dos lagos. #surf #skimboard #redbull #diversao #vibeboa #skim,1,96500,25,1623974067
321,6976394907183238406,2021-06-21,Come with me 🤪🤩 #skimboard #surfing #jetski #surfe #waves #wearethepeople #ondas #surfer #surfista #pov #water,Vem ser feliz // Come with me 🤪🤩 #skimboard #surfing #jetski #surfe #waves #wearethepeople #ondas #surfer #surfista #pov #water,1,20400,12,1624318520
322,6976743321511251206,2021-06-22,#bailacomigo Itaúna! #animal session at the #finaldetarde in Saquarema! #eai did I dance on these waves? #skim #surf #sunset #skimboard #danca #dancer,#bailacomigo Itaúna! Session #animal no #finaldetarde de Saquarema! #eai bailei nessas ondas? #skim #surf #sunset #skimboard #danca #dancer,1,25800,58,1624399642
323,6976967357948316933,2021-06-23,"When it grabs you just right, there's no way out 😂 WHAT A TRICK, comment the name of this one! #surfista #praia #inverno #manobra #surf #skimboard #riodejaneiro","Quando pega de jeito, não tem jeito 😂 QUE MANOBRA, comenta aí qual o nome dessa! #surfista #praia #inverno #manobra #surf #skimboard #riodejaneiro",1,105900,6,1624451806
324,6977512758673689861,2021-06-24,The #amelhor #narracao you'll ever see in your life! Biano's hilarious commentary in action! #fy #fyp #skimboard #tiktokradical #tbt #fyyyyyy #lucasfink #sununga,#amelhor #narracao que vocês vão ver na vida! Biano narrações hilárias em ação! #fy #fyp #skimboard #tiktokradical #tbt #fyyyyyy #lucasfink #sununga,1,29800,29,1624578790
325,6978150048005639430,2021-06-26,Fink's #arraialtiktok goes like this! Big waves in Saquarema!! Did I do alright? #festajunina #fy #skimboarding #surf #arraialradical #saquarema,O #arraialtiktok do Fink é assim! Altas ondas em Saquarema!! Será que me dei bem? #festajunina #fy #skimboarding #surf #arraialradical #saquarema,1,32600,29,1624727170
326,6979706398674275589,2021-06-30,What can I even say about these last days in #espiritosanto ?? All I can say is #obrigado . The #capixabas slabs gave me the biggest #alegrias I could ask for! #s,O que falar desses últimos dias no #espiritosanto ?? Só posso falar #obrigado . As bancadas #capixabas me deram as maiores #alegrias que podia ter! #s,1,28500,26,1625089536
327,6981224817408101637,2021-07-04,I don't live on #perfeitas rights alone! This heavy left was another #diamante I scored in Espírito Santo! #skim #skimboard #bigsurf #surf,Nem só de direitas #perfeitas eu vivo! Essa esquerda pesada foi mais um #diamante que eu peguei no Espírito Santo! #skim #skimboard #bigsurf #surf,1,116800,29,1625443072
328,6981975898702613762,2021-07-07,"I'd say this one was the #melhordavida ! What an insane #onda , I still sleep #sonhando about it. #obrigado Espírito Santo! #skimboarding #bigsurf #slab","Julgo dizer que essa foi a #melhordavida ! Que #onda animal, até hoje durmo #sonhando com ela. #obrigado Espírito Santo! #skimboarding #bigsurf #slab",1,11100,36,1625617948
329,6983094717126855941,2021-07-10,You thought I was only gonna catch the #bombas in #espiritosanto ??? Here's a #sessao on the #corrida I did to #soltar my legs! #skim #slab,Vocês acharam que eu ia pegar só as #bombas no #espiritosanto ??? Tá aí uma #sessao na #corrida que eu fiz pra #soltar as pernas! #skim #slab,1,15900,31,1625878442
330,6984138707796249861,2021-07-12,Missing a tow in at #schok with the swell pumping! Just waiting to get back in the #agua for a few more days like that! #itacoatiara #skimboard #bigsurf #f,Saudade de um town in no #schok com o mar grande! Só esperando pra voltar pra #agua pra pegar mais uns dias desse! #itacoatiara #skimboard #bigsurf #f,1,59500,30,1626121514
331,6985286788587851013,2021-07-15,@redbullbr + #Shock + #rocknroll I don't think there's a better #combinacao than that! #skimboarding #skimboard #bigsurf #itacoatiara #lucasfink #fy #fypシ,@redbullbr + #Shock + #rocknroll Acho que não tem #combinacao melhor que essa! #skimboarding #skimboard #bigsurf #itacoatiara #lucasfink #fy #fypシ,1,14400,30,1626388823
332,6986239594803121414,2021-07-18,Ooh #saudade for a #townin session at SHOCK! #skimboarding #skimboard #lucasfink #itacoatiara #bigsurf #fypシ #fy #viral #slab,Ooh #saudade de uma sessão de #townin no SHOCK! #skimboarding #skimboard #lucasfink #itacoatiara #bigsurf #fypシ #fy #viral #slab,1,10100,28,1626610668
333,6986351150136167686,2021-07-18,Watching giant waves up close 🤩 comment if you'd have the guts or tag a friend who'd want to go 🤪 #fyp #surf #surfing #bigwaves #waves,Observando ondas gigantes de pertinho 🤩 comenta aí se você teria coragem ou marca um amigo que gostaria de ir 🤪 #fyp #surf #surfing #bigwaves #waves,1,384500,28,1626636639
334,6987164037318577414,2021-07-21,Best wave of my life? #melhordavida #bestever #bestrideofmylife #skimboard #townin #bigsurf #viral #slab #fup #bestvibe,Melhor onda da vida?? // Best wave of my life? #melhordavida #bestever #bestrideofmylife #skimboard #townin #bigsurf #viral #slab #fup #bestvibe,1,21100,26,1626825904
335,6987965130944302341,2021-07-23,Nasty air 🤪 couldn't not make a #TikTok with this song ✍️ #skimboard #surf #trick #air #malvadao,Aéreo malvadão 🤪 não podia deixar de fazer um #TikTok com essa música ✍️ #skimboard #surf #trick #air #malvadao,1,24400,7,1627012425
336,6987966622690528518,2021-07-23,"One of my best tricks ever, just not sure if I landed it 😅 tell me squad 🤷‍♂️ #malvadao #tiktokbr #skimboard #surf #praia #carioca #surfista","Uma das minha melhores manobras, só não sei se completei 😅 diz ai tropa 🤷‍♂️ #malvadao #tiktokbr #skimboard #surf #praia #carioca #surfista",1,16500,7,1627012772
337,6988259108428188933,2021-07-23,Looks like a video game! #loucosporgames #skimboard #saqua #lucasfink #surf #fypシ #fy,Parece até vídeo game! #loucosporgames #skimboard #saqua #lucasfink #surf #fypシ #fy,1,13600,15,1627080869
338,6988520848047017222,2021-07-24,"CRAZY WAVE 🤯🌊 This wave looks like jelly, so wild 😂 #EspíritoOlímpico #sports #waves #surf #skimboard #water @redbullbr","CRAZY WAVE 🤯🌊 Parece uma gelatina essa onda, que loucura 😂 #EspíritoOlímpico #sports #waves #surf #skimboard #water @redbullbr",1,25900,24,1627141811
339,6988987697431858438,2021-07-25,Out cruising with my girl this weekend! #rio #riodejaneiro #cidademaravilhosa #skimboard #goodvibes,De rolê com a gata no final de semana! #rio #riodejaneiro #cidademaravilhosa #skimboard #goodvibes,1,13000,14,1627250507
340,6989755551093722373,2021-07-27,I wish skimboard was in the #olimpiadas #EspíritoOlimpico #tokyo2020 #toquio2020 #skimbord,Queria que o skimboard tivesse nas #olimpiadas #EspíritoOlimpico #tokyo2020 #toquio2020 #skimbord,1,43800,21,1627429285
341,6990511290380717317,2021-07-30,Learn how to make a tie dye shirt!! #lifestyle #style #lucasfink #skimboard #tiedye #tyedyechallenge #tiedyetutorial,Aprenda a fazer camisa tie dye!! #lifestyle #style #lucasfink #skimboard #tiedye #tyedyechallenge #tiedyetutorial,1,15000,67,1627605244
342,6990780446242016518,2021-07-30,#Skimboard on the flooded street // #Skimboarding the flooded streets 🤪 #riodejaneiro #carioca #tiktoquio #tiktokbrasil #surfista #maluco #malvadao,#Skimboard na rua alagada // #Skimboarding the flooded streets 🤪 #riodejaneiro #carioca #tiktoquio #tiktokbrasil #surfista #maluco #malvadao,1,3200000,12,1627667912
343,6990784534774074630,2021-07-30,The whole thing ended up broadcast live on TV and went out to a bunch of channels! More videos soon 🤪🤯 #fyp #fy #tiktokradical #skimboard #viral,A brincadeira acabou sendo transmitida ao vivo na TV e foi pra vários canais! Mais vídeos em breve 🤪🤯 #fyp #fy #tiktokradical #skimboard #viral,1,204100,18,1627668864
344,6991180723197709573,2021-07-31,I'm becoming a regular on RJTV! Second time I've shown up this year! #rjtv #tiktokradical #viral #skimboard #casadofink,Tô virando figurinha marcada no RJTV! Segunda vez que apareço esse ano! #rjtv #tiktokradical #viral #skimboard #casadofink,1,55600,65,1627761109
345,6991468452452044038,2021-08-01,What went down on this wave?! 🤯 What happened on this wave?! 😱 #fy #fyy #fyp #surfing #skimboard #bodyboard #waves #barrel #fail #fun #friends,O que aconteceu nessa onda?! 🤯 What happened on this wave?! 😱 #fy #fyy #fyp #surfing #skimboard #bodyboard #waves #barrel #fail #fun #friends,1,13600,32,1627828101
346,6991558684346387717,2021-08-01,Nunca desista // Never Give Up 💪😤🔥 #fy #fyp #fyy #skimboard #skimboarding #surfing #waves #beggin #carioca #lucasfink,Nunca desista // Never Give Up 💪😤🔥 #fy #fyp #fyy #skimboard #skimboarding #surfing #waves #beggin #carioca #lucasfink,0,13100,15,1627849109
347,6991974708996558085,2021-08-02,Bike path flooded? Let's go skim it! #tiktokradical #viral #skimboard #casadofink #lifestyle #fypシ #fy @exileskimboards @redbullbr @tiktokbrasil,Alagou a ciclovia? Vamo skiar nela! #tiktokradical #viral #skimboard #casadofink #lifestyle #fypシ #fy @exileskimboards @redbullbr @tiktokbrasil,1,12700,28,1627945973
348,6992268565059554565,2021-08-03,Did I have fun on the street flooded by the sea? Tell me which trick you liked most! #tiktokradical #viral #skimnoasfalto #alagou #fy #skimboard #surf,Será que eu me diverti na rua alagada pelo mar? Diz aí qual manobra vc mais gostou! #tiktokradical #viral #skimnoasfalto #alagou #fy #skimboard #surf,1,70000,50,1628014391
349,6992601219617361158,2021-08-04,Riding a mini skimboard on giant waves in Nazare 🤯 What did you think of this wave?! 🤪 #fyp #fyy #fy #skimboard #surf #surfer #bigwaves #tiktóquio @redbullbr,Riding a mini skimboard on giant waves in Nazare 🤯 O que achou dessa onda?! 🤪 #fyp #fyy #fy #skimboard #surf #surfer #bigwaves #tiktóquio @redbullbr,1,53300,39,1628091844
350,6992977000176602373,2021-08-05,How do you like this sport?? Did you already know this sport?! #skimboard #surf #skate #techtok #tiktokbr #fy #fyp #fyy #fyyy #spongebob,How do you like this sport?? Já conhecia esse esporte?! #skimboard #surf #skate #techtok #tiktokbr #fy #fyp #fyy #fyyy #spongebob,1,8666,38,1628179337
351,6993432072580828421,2021-08-06,Who else thought the wave was gonna get me?! 😂😜 #fy #fyp #fyy #fyyy #skimboard #surf #surfing #surfista #waydownwego #fail,Quem mais achou que a onda ia me pegar?! 😂😜 #fy #fyp #fyy #fyyy #skimboard #surf #surfing #surfista #waydownwego #fail,1,27000,12,1628285292
352,6993820994246921478,2021-08-07,That’s why it’s called AVALANCHE!! Worst wipeout but the best point of view of a wave!! #tiktokradical #viral #skimboard #slab @redbullbr,That’s why it’s called AVALANCHE!! Worst wipeout but the best point of view of a wave!! #tiktokradical #viral #skimboard #slab @redbullbr,0,14900,12,1628375845
353,6994237243158252805,2021-08-09,"Random outing?? Nah, I've been in the supporters' crew since I was a kid. Flamengo and Raça Fla in my veins. Real deal #flamengo #futebol #fyy #fyp #mengao #meno","Rolé aleatório?? Não, eu sou de torcida organizada desde menó. Flamengo e Raça Fla na veia. Raíz #flamengo #futebol #fyy #fyp #mengao #meno",1,12300,8,1628472760
354,6994397780852739334,2021-08-09,Date someone who // Date someone who 🤩😍 #namorada #surfista #skimboard #girlfrienr #garotadeipanema #fy #fyy #fyp #love @nicolestank,Date someone who // Namore alguém que 🤩😍 #namorada #surfista #skimboard #girlfrienr #garotadeipanema #fy #fyy #fyp #love @nicolestank,1,138700,14,1628510139
355,6994819073355959557,2021-08-10,"Thank you my man Nickolas, this video got me emotional 🙏❤️ #fy #fyp #fofo #crianças #kids #depoimento #real","Obrigado meu parceiro Nickolas, me emocionei com esse vídeo 🙏❤️ #fy #fyp #fofo #crianças #kids #depoimento #real",1,7687,41,1628608229
356,6995301854573956358,2021-08-11,This trick is brand new huh?! NEW TRICK 🤪 @redbullbr #fy #fyy #fyp #fyyy #skimboarding #surf #surfing #redbull #wave #trick,Essa manobra é nova ein ?! NEW TRICK 🤪 @redbullbr #fy #fyy #fyp #fyyy #skimboarding #surf #surfing #redbull #wave #trick,1,9908,17,1628720634
357,6995692655988509957,2021-08-12,I let it fly!! Drop your score for this one! #skimboard #tiktokradical #viral #fy #surf #lifestyle #tiedye #lucasfink,Soltei o pé!! Diz a nota dela aí! #skimboard #tiktokradical #viral #fy #surf #lifestyle #tiedye #lucasfink,1,28400,15,1628811625
358,6995921583290273029,2021-08-13,"So much crazy stuff in one single video, my god 😂😳🤣🤪🤯🤩 comment below #fy #fyy #fyyy #fyp #loucura #doidera #carioca #surfista #riodejaneiro #wtf","Quanta coisa doida em um vídeo só, meu deus do ceu 😂😳🤣🤪🤯🤩 comenta aí #fy #fyy #fyyy #fyp #loucura #doidera #carioca #surfista #riodejaneiro #wtf",1,38500,26,1628864926
359,6996313274522389766,2021-08-14,Get to know a bit of my story in this sick videooo 🤩😍 #fy #fyy #fyp #lucasfink #skimboard #surfista #carioca #campeaomundial #bigwaves #historia,Conheça um pouco da minha história nesse vídeo iradooo 🤩😍 #fy #fyy #fyp #lucasfink #skimboard #surfista #carioca #campeaomundial #bigwaves #historia,1,81000,59,1628956124
360,6996800858272943365,2021-08-15,Summer session with the ocean absolutely firing!! #skimboard #tiktokradical #viral #fup #fypシ #fypage #havingfun #behappyalways,Sessão no verão com o mar de gala!! #skimboard #tiktokradical #viral #fup #fypシ #fypage #havingfun #behappyalways,1,8779,29,1629069649
361,6997463547630324998,2021-08-17,"What kind of speed is that, boy?! Super fast and far out #skimboarding 🔥🚀 #fy #fyy #fyp #timber #tiktokbr #viral #surf #surfer",Que velocidade é essa menino?! Super fast and far out #skimboarding 🔥🚀 #fy #fyy #fyp #timber #tiktokbr #viral #surf #surfer,1,1000000,12,1629223942
362,6997860411349421317,2021-08-18,What a beautiful wave my god 😍 who spotted the little birds ?! #QuerVoar #fy #fyy #fyp #foryou #surfing #waves #barrel #skimboard,Que onda linda meu deus 😍 quem reparou nos passarinhos ?! #QuerVoar #fy #fyy #fyp #foryou #surfing #waves #barrel #skimboard,1,102100,8,1629316344
363,6998263568428846341,2021-08-19,"Come learn #skimboard with us, who's in?! LucasFinkSkimCamp school over on IG, just hit us up #fy #fyy #fyp #perfectday #sports #outdoor #learning","Vem aprender #skimboard com a gente, quem quer?! Escolinha LucasFinkSkimCamp lá no IG só chamar #fy #fyy #fyp #perfectday #sports #outdoor #learning",1,97100,5,1629410212
364,6998571660647337221,2021-08-20,Watch till the end 😂 how NOT to learn #skimboard 🤣 #fy #fyy #fyp #funny #wipeout #fail #surf #praia #riodejaneiro,Assista até final 😂 como NÃO aprender #skimboard 🤣 #fy #fyy #fyp #funny #wipeout #fail #surf #praia #riodejaneiro,1,45100,20,1629481945
365,6999028602218106117,2021-08-21,A day to cure some of that missing-the-ocean feeling. A few flatland tricks before class!! #skimboard #flatland #skim #praia #beach #quintaldofink #fypシ #f,Dia de matar um pouco da saudade do mar. Algumas manobras de flatland antes da aula!! #skimboard #flatland #skim #praia #beach #quintaldofink #fypシ #f,1,103200,21,1629588336
366,6999442848659574022,2021-08-23,Same wave from 2 angles // Same wave filmed from two perspectives 🤯🤩🔥 #fy #fyy #surf #skimboard #surfing #barrel #waves #xgamesmode,Same wave from 2 angles // Mesma onda filmada de duas perspectivas 🤯🤩🔥 #fy #fyy #surf #skimboard #surfing #barrel #waves #xgamesmode,1,25800,23,1629684787
367,6999804437749435653,2021-08-24,Would you go?! 🤩🌕✨ Comment if you liked this session! #fyp #foryou #night #fullmoon #luacheia #fy #surfing #skimboard #tiktokbr,Would you go?! 🤩🌕✨ Comenta aí quem gostou desse rolé! #fyp #foryou #night #fullmoon #luacheia #fy #surfing #skimboard #tiktokbr,1,91100,24,1629768974
368,7000133444856581381,2021-08-24,"It’s my birthday 🎉 leave a comment 🙏❤️ It's my birthday, leave a vibe! ✨ #sunset #surfing #skimboard #tiktóqui #folclorebrasileiro #fy #fyy #fyp","It’s my birthday 🎉 leave a comment 🙏❤️ É meu aniversário, deixa a vibe! ✨ #sunset #surfing #skimboard #tiktóqui #folclorebrasileiro #fy #fyy #fyp",1,24100,17,1629845577
369,7000448317549202694,2021-08-25,"Day or night, skimboard is always there!! #viral #skimboard #tiktokradical #fypシ #surf #riodejaneiro #errejota #021","De dia ou de noite, skimboard sempre presente!! #viral #skimboard #tiktokradical #fypシ #surf #riodejaneiro #errejota #021",1,18400,10,1629918888
370,7000898206355721478,2021-08-27,Swipe up 🤪 I love this life ❤️ #fy #fyy #fyp #orochi #riodejaneiro #carioca #jetski #mar #gata,Arrasta pra cima 🤪 eu amo essa vida ❤️ #fy #fyy #fyp #orochi #riodejaneiro #carioca #jetski #mar #gata,1,18600,14,1630023636
371,7001198332471217414,2021-08-27,Riding #skimboard after 2 months off and hitting the #passinhodebochado 🤪 #fy #fyy #fyp #riodejaneiro #tiktokbr,Andando de #skimboard depois de 2 meses parado e mandando o #passinhodebochado 🤪 #fy #fyy #fyp #riodejaneiro #tiktokbr,1,55100,8,1630093515
372,7001497623605693701,2021-08-28,Que muleque rápido 🤯 Going fast & furious on a #skimboard 🚀 #stay #surf #tricks #justinbieber #fastandfurious,Que muleque rápido 🤯 Going fast & furious on a #skimboard 🚀 #stay #surf #tricks #justinbieber #fastandfurious,0,41200,10,1630163199
373,7001619415632547077,2021-08-28,Little by little getting back to what I love most in life!! #skimboard #viral #quintal #fypシ #vidigal #tiktokradical,Aos poucos voltando pro que mais amo na vida!! #skimboard #viral #quintal #fypシ #vidigal #tiktokradical,1,22300,20,1630191556
374,7002003544261938438,2021-08-29,Caught these waves without even getting my hair wet 🤪 Dry hair don’t care 🤷‍♂️ #fy #fyy #fyp #radical #tiktokradical #skimboarding #skimboard #surfing #tricks,Peguei essas ondas sem molhar o cabelo 🤪 Dry hair don’t care 🤷‍♂️ #fy #fyy #fyp #radical #tiktokradical #skimboarding #skimboard #surfing #tricks,1,13300,12,1630280993
375,7002647540713835782,2021-08-31,Paradise #skimboarding session with @bold.snacks 🤤😋 BEST PROTEIN BAR IN THE WORLD ❤️‍🔥 #paradise #minhaprópriasérie #surfing #food,Paradise #skimboarding session with @bold.snacks 🤤😋 MELHOR BARRINHA DE PROTEÍNA DO MUNDO ❤️‍🔥 #paradise #minhaprópriasérie #surfing #food,1,9327,49,1630430935
376,7003027813393517830,2021-09-01,Eu marolo nesses catiorro 😂 I love crazy dogs 🐩🤪 #fy #dogs #cachorro #funny #style,Eu marolo nesses catiorro 😂 I love crazy dogs 🐩🤪 #fy #dogs #cachorro #funny #style,0,7479,14,1630519474
377,7003332221968993542,2021-09-02,You really thought that was all? THEN TAKE THIS 🔥🚀 #fy #fyy #fyp #viral #tiktokbr #haikaiss #kingkong #skimboard #trap,Cês pensaram mesmo que era só isso? ENTÃO TOMA 🔥🚀 #fy #fyy #fyp #viral #tiktokbr #haikaiss #kingkong #skimboard #trap,1,591600,9,1630590351
378,7004499085600296198,2021-09-05,Give this trick a name 🤪🙏 #QuemTemTikTokTemTudo #TropaDoRobo #skimboard #surf #surfista #fy #fyy #fyp,Dá um nome pra essa manobra 🤪🙏 #QuemTemTikTokTemTudo #TropaDoRobo #skimboard #surf #surfista #fy #fyy #fyp,1,136000,7,1630862031
379,7004871945900526854,2021-09-06,A little piece of a school lesson where I got to skim too! #ensinar #aula #aulas #skimboard #praia #debochado,Um pouco de uma aula da escolinha que eu skiei também! #ensinar #aula #aulas #skimboard #praia #debochado,1,35600,20,1630948844
380,7005606156437687557,2021-09-08,You said skimboard? #skimboarding #skimboard #funny #funnyvideos #BellaChallenge #surf #riodejaneiro #vidigal #viral,You said skimboard? #skimboarding #skimboard #funny #funnyvideos #BellaChallenge #surf #riodejaneiro #vidigal #viral,0,8450,27,1631119792
381,7006026353606708486,2021-09-09,I love ride barrels!! What do you think about this one? #barrel #viral #fyp #saquarema #riodejaneiro #skimboard #tubo #surf,I love ride barrels!! What do you think about this one? #barrel #viral #fyp #saquarema #riodejaneiro #skimboard #tubo #surf,0,6973,23,1631217626
382,7006447445085326598,2021-09-10,"Skimboard nice and calm and real slow, so you can pay attention to every detail! #detalhes #skimboard #viral #slow #fyp #praia #surf #rio","Skimboard com muita calma e bem devagar, para vcs prestarem atenção em todos os detalhes! #detalhes #skimboard #viral #slow #fyp #praia #surf #rio",1,5730,42,1631315669
383,7007201179016940805,2021-09-12,What's the best way to catch the wave at Sununga? Paddle or run? #skimboard #sununga #fyp #viral #tiktokradical #lucasfink,Qual é o melhor jeito de pegar a onda da Sununga? Remada ou corrida? #skimboard #sununga #fyp #viral #tiktokradical #lucasfink,1,11500,36,1631491162
384,7007550002075585798,2021-09-13,Catching a giant wave on the #skimboard 😱 #quervoar #quervoarmatue #skimboarding #nazare #bigwaves #surfing,Pegando onda gigante de #skimboard 😱 #quervoar #quervoarmatue #skimboarding #nazare #bigwaves #surfing,1,15700,21,1631572379
385,7007924517225893125,2021-09-14,#aprendanotiktok how to catch a barrel on a #skimboard ! #barrel #AcordaProNovo #sununga #tiktokradical #viral,#aprendanotiktok a pegar um tubo de #skimboard ! #barrel #AcordaProNovo #sununga #tiktokradical #viral,1,92800,22,1631659577
386,7008672114861427973,2021-09-16,"#eumeapresento , Lucas Fink, skimboard world champion! @redbullbr #CheetosChallenge #skimboard #worldchampion #lucasfink #lucasfink","#eumeapresento , Lucas Fink, campeão mundial de skimboard! @redbullbr #CheetosChallenge #skimboard #worldchampion #lucasfink #lucasfink",1,22800,43,1631833640
387,7009009883550878982,2021-09-17,Big shot energy! Rolled up to the spot on my bike for a night session. #luacheia #sessionnoturna #bike #skimboard #eumeapresento #viral #fyp #fy,Pique jogador caro! Cheguei de bike no pico pra fazer a session noturna. #luacheia #sessionnoturna #bike #skimboard #eumeapresento #viral #fyp #fy,1,17000,16,1631912283
388,7009670716043939077,2021-09-19,So what do you prefer? Skimming in the cold in a wetsuit or in the sun in boardshorts? #oquevcprefere #skimboard #roupadeborracha #bermuda #friooucalor,"E aí, o que vcs preferem? Skiar no frio de roupa de borracha ou no sol de bermuda? #oquevcprefere #skimboard #roupadeborracha #bermuda #friooucalor",1,25300,17,1632066146
389,7010184875705666821,2021-09-21,What score would you give this 540 shove it? #tiktokradical #skimboard #skate #skateboarding #skatemoves #quintaldofink #viral #fup,Que nota vc daria pra esse 540 shove it? #tiktokradical #skimboard #skate #skateboarding #skatemoves #quintaldofink #viral #fup,1,7667,8,1632185858
390,7010535270718246150,2021-09-21,"So, do you know the names of these two tricks? And what score would you give? #highscore #vidigal #skimboard #quintaldofink #combo #radical","E aí, sabe o nome das duas manobras? E qual nota vc daria? #highscore #vidigal #skimboard #quintaldofink #combo #radical",1,8072,8,1632267440
391,7011321189071129862,2021-09-24,Warming up the engines for this swell!! Tomorrow looks promising!! #rock #bigwave #bigrider #skimboard #itacoa,Aquecendo as turbinas pra esse swell!! Amanhã promete!! #rock #bigwave #bigrider #skimboard #itacoa,1,6560,29,1632450427
392,7011982964313591046,2021-09-25,I love a wave!! 😍❤️ #skimboard #bigwaves #slab #espiritosanto #love #lovewhatido #skimboardlove #tiktokradical #viral #fyp,Eu amo uma onda!! 😍❤️ #skimboard #bigwaves #slab #espiritosanto #love #lovewhatido #skimboardlove #tiktokradical #viral #fyp,1,10300,16,1632604508
393,7012395615460101381,2021-09-26,"What happens when the wave closes out? There you go, jacuzzi session… #slabs #skimbord #massagem #bigwaves #espiritosanto #viral #tiktokradical","O que acontece quando a onda fecha? Tá aí, sessão de hidromassagem… #slabs #skimbord #massagem #bigwaves #espiritosanto #viral #tiktokradical",1,10600,25,1632700586
394,7012642282948005125,2021-09-27,Avalanche!!! Think I got a good one? #avalanche #skimboard #viral #espiritosanto #fyp #bigwaves #tiktokradical #slab #skimboardlove,Avalanche!!! Será que peguei uma boa? #avalanche #skimboard #viral #espiritosanto #fyp #bigwaves #tiktokradical #slab #skimboardlove,1,110000,20,1632758018
395,7013013402339626245,2021-09-28,@bold.snacks Crunchy Bonbon flavor for breakfast and crunchy #skimboard bombs for dessert 🤪🤩 #fy #fyp #antesedepois #fyy #surf #surfing #surfista #healthy #lifestyle,@bold.snacks sabor Bombom Crocante pro café da manhã e Bombas Crocantes de #skimboard pra sobremesa 🤪🤩 #fy #fyp #antesedepois #fyy #surf #surfing #surfista #healthy #lifestyle,1,11800,38,1632844425
396,7013352236055088390,2021-09-29,Dry hair or wet hair?! 🤪😆💁‍♂️💇‍♂️💦 #fy fyy #fyp #toosexy #skimboard #surfing #surf #surfer #surfista #riodejaneiro,Dry hair or wet hair?! 🤪😆💁‍♂️💇‍♂️💦 #fy fyy #fyp #toosexy #skimboard #surfing #surf #surfer #surfista #riodejaneiro,0,97600,11,1632923317
397,7013814830175964422,2021-09-30,#VaiPraOnde ?! Catching waves on the #skimboard like always 🤪❤️‍🔥 #surf #surfista #tiktokradical #radical #praia #riodejaneiro,#VaiPraOnde ?! Pegar onda de #skimboard como sempre 🤪❤️‍🔥 #surf #surfista #tiktokradical #radical #praia #riodejaneiro,1,11200,12,1633031022
398,7014076405625441541,2021-10-01,#Skimboard is just like everything else in life 😉 #fy #fyp #motivation #fail #wipeout #surfe #surfista #antesedepois #radical,#Skimboard é que nem tudo na vida 😉 #fy #fyp #motivation #fail #wipeout #surfe #surfista #antesedepois #radical,1,106500,21,1633091926
399,7014557690055675142,2021-10-02,"No point rushing it, patience is what gets you the best ones! What did you think of this wave? #tiktokradical #viral #skimbord #riodejaneiro #vidiga #fyp","Não adiantar se precipitar, a paciência te faz pegar as melhores! O que achou dessa onda? #tiktokradical #viral #skimbord #riodejaneiro #vidiga #fyp",1,101800,13,1633203983
400,7014957915073219845,2021-10-03,"Little session at the local spot, tiny waves 🤪 #fy #fyy #fyp #skimboard #skimboarding #surf #riodejaneiro #carioca #funk #praia #radical","Piquezin dos cria, mo marola 🤪 #fy #fyy #fyp #skimboard #skimboarding #surf #riodejaneiro #carioca #funk #praia #radical",1,32100,19,1633297167
401,7015342951119211781,2021-10-04,Skimboard + this song = PURE PEACE ✌️ #skimboarding #surfe #love #radical #peace #satisfying #beach,Skimboard + essa música = MO PAZ ✌️ #skimboarding #surfe #love #radical #peace #satisfying #beach,1,42200,7,1633386815
402,7015692815296498949,2021-10-05,Bee Movie 2 😂🤯 drop a name for this movie in the comments 🐝☠️ #fail #epic #run #dead #abelha #bee #natureza #nature,Bee Movie 2 😂🤯 comenta aí um nome pra esse filme 🐝☠️ #fail #epic #run #dead #abelha #bee #natureza #nature,1,13100,6,1633468275
403,7016769002252864773,2021-10-08,What was I even thinking? #skimboard #manobrasradicais #surf #TudumRemixChallenge,O que será q eu estava pensando? #skimboard #manobrasradicais #surf #TudumRemixChallenge,1,9545,9,1633718844
404,7017217955452734726,2021-10-09,Nothing better than a day of skimboarding in your own backyard! #vaipraonde? #skimboard #2000s #radical #debochado,Nada melhor que um dia de skimboard no quintal de casa! #vaipraonde? #skimboard #2000s #radical #debochado,1,6713,13,1633823374
405,7017829800530152710,2021-10-11,End of the year is coming and the good waves won't stop!!! #skimboard #fimdeano #TudumRemixChallenge #tiktokradical #viral #fyp,Fim de ano tá chegando e não para de dar onda boa!!! #skimboard #fimdeano #TudumRemixChallenge #tiktokradical #viral #fyp,1,27800,8,1633965830
406,7017925460684295430,2021-10-11,Did the last session at Sossego deliver? #sossego #skimboard #lifegoeson #tiktokradical #highlights @redbullbr @exileskimboards @tiktokbrasil,Rendeu a última sessão no sossego? #sossego #skimboard #lifegoeson #tiktokradical #highlights @redbullbr @exileskimboards @tiktokbrasil,1,96100,20,1633988103
407,7018299877377510662,2021-10-12,Happy Children's Day — throwing back to my first clips skimming when I was just a kid! #diadascrianças #criancas #childhood #skimkids #skim,Feliz dia das crianças lembrando meus primeiros registros skiando quando era apenas uma criança! #diadascrianças #criancas #childhood #skimkids #skim,1,5911,36,1634075279
408,7018973720417029381,2021-10-14,One more in the avalanche!! #atletaemcampus #euteensino #esperapormim #skimboard #worldchampion @redbullbr @tiktokbrasil,Mais uma na avalanche!! #atletaemcampus #euteensino #esperapormim #skimboard #worldchampion @redbullbr @tiktokbrasil,1,8292,22,1634232170
409,7019354336853626117,2021-10-15,"All that without getting my hair wet, does that count extra? #fy #fyy #fyp #skimboarding #surfing #skateboard #trap #teto","Tudo isso sem molhar o cabelo, conta mais? #fy #fyy #fyp #skimboarding #surfing #skateboard #trap #teto",1,6103,60,1634320789
410,7019851647115365638,2021-10-17,Mais skimboard #porummundomelhor #vivoX70PhotographyRedefined #atletaemcampus #skimboard #airreverse #qpts @redbullbr @tiktokbrasil @exileskimboards,Mais skimboard #porummundomelhor #vivoX70PhotographyRedefined #atletaemcampus #skimboard #airreverse #qpts @redbullbr @tiktokbrasil @exileskimboards,0,5918,11,1634436579
411,7020540282689031429,2021-10-18,That one was brutal 🙌 #Skimboard in Portugal 🇵🇹 it’s soooo good #fy #fyp #tiktokportugal #radical #surf #surfe #industrybaby,Essa foi brutal 🙌 #Skimboard em Portugal 🇵🇹 tá bom demaisss #fy #fyp #tiktokportugal #radical #surf #surfe #industrybaby,1,41600,9,1634596913
412,7021161837144083718,2021-10-20,Miss you sununguinha! #saudades sununguinha! #TomaEssaChallenge #memories #skimboard #tiktokradical #atletaemcampus #vivoX70PhotographyRedefined,Miss you sununguinha! #saudades sununguinha! #TomaEssaChallenge #memories #skimboard #tiktokradical #atletaemcampus #vivoX70PhotographyRedefined,1,5544,22,1634741631
413,7021327226713017606,2021-10-21,#overaoestachegando in Rio de Janeiro! Dying to catch the best #shorebreak !!! #skimboard #atletaemcampus #viral #fyp #tiktokradical #vemverao #s,#overaoestachegando no Rio de Janeiro! Doido pra pegar os melhores #shorebreak !!! #skimboard #atletaemcampus #viral #fyp #tiktokradical #vemverao #s,1,7973,29,1634780139
414,7021555561774796038,2021-10-21,Big waves here in the motherland! 🇵🇹 #portugal #skimboard #coldwater #ateltaemcampus #viral #fyp #praia #ericeira #surf,Altas ondas aqui na terrinha! 🇵🇹 #portugal #skimboard #coldwater #ateltaemcampus #viral #fyp #praia #ericeira #surf,1,94500,12,1634833302
415,7022012413386018053,2021-10-22,Dia de aventuras com a Mitsubishi! #skimboard #carros #car #aventura #adventure #jungle #fyp #viral #ExpectingGen1,Dia de aventuras com a Mitsubishi! #skimboard #carros #car #aventura #adventure #jungle #fyp #viral #ExpectingGen1,0,19900,15,1634939671
416,7022394032508652806,2021-10-23,Think this training got me ready to take on the Nazaré season this year? #descubrameumundo #skimboard #bigwave #surf #viral #fyp #tiktoker,Será que esses treinos me deixaram bem pra encarar a temporada de Nazaré esse ano? #descubrameumundo #skimboard #bigwave #surf #viral #fyp #tiktoker,1,6053,11,1635028523
417,7024189715976899846,2021-10-28,First days of the Nazaré season! What did you think of this wave?#VaComTudoChallenge #nazare #skimboarding #viral #bigwaves #descubrameumundo,Primeiro dias da temporada de Nazaré! O que vc achou dessa onda?#VaComTudoChallenge #nazare #skimboarding #viral #bigwaves #descubrameumundo,1,13700,21,1635446613
418,7024592402224663814,2021-10-29,Did I f*** up or did I nail it? #mclovin #aprendanotiktok #discovermyworld #ule #skimboard #surf #nazare #SintoniaChallenge #VaComTudoChallenge,Fiz m*** ou fiz certo? #mclovin #aprendanotiktok #discovermyworld #ule #skimboard #surf #nazare #SintoniaChallenge #VaComTudoChallenge,1,35400,25,1635540371
419,7024950044004502790,2021-10-30,Session de #Skimboard em #Nazare no #Halloween 😂🤪👻🎃🇵🇹🔥 #vemaihalloween #tiktokportugall,Session de #Skimboard em #Nazare no #Halloween 😂🤪👻🎃🇵🇹🔥 #vemaihalloween #tiktokportugall,0,92500,28,1635623641
420,7025319304476249349,2021-10-31,Session de #Halloween em Portugal 🇵🇹👻 #skimboard #surf #waves,Session de #Halloween em Portugal 🇵🇹👻 #skimboard #surf #waves,0,21800,37,1635709616
421,7026266733048515845,2021-11-03,#AprendaNoTikTok a fazer um making off irado 🔥😎 Produzindo com a HotButtered! #portugal #skimboarding #sunset #praisegod,#AprendaNoTikTok a fazer um making off irado 🔥😎 Produzindo com a HotButtered! #portugal #skimboarding #sunset #praisegod,0,83200,21,1635930209
422,7026807504361262341,2021-11-04,Making the most of a Portuguese #shorebreak while there's no swell at #nazare !!! #mclovin #booktokbrasil #minhareceita #AMaisDisputadaChallenge #skimboard,Aproveitando um #shorebreak Portugues enquanto não dá onda em #nazare !!! #mclovin #booktokbrasil #minhareceita #AMaisDisputadaChallenge #skimboard,1,25200,12,1636056115
423,7027199764777241861,2021-11-05,#mclovin attack in Portugal! Good session at the #shorebreak 🇵🇹🍇🤪 #AMaisDisputadaChallenge #portugal🇵🇹 #skimboard #viral #booktokbrasil #surf,#mclovin ataque em Portugal! Session boa no #shorebreak 🇵🇹🍇🤪 #AMaisDisputadaChallenge #portugal🇵🇹 #skimboard #viral #booktokbrasil #surf,1,23300,24,1636147445
424,7028304650612886789,2021-11-08,Cold and cloudy session in the oldest continent! #chovechuva #qualotema #skimboarding #viral #fyp #surf,Cold and cloudy session in the oldest continent! #chovechuva #qualotema #skimboarding #viral #fyp #surf,0,24500,12,1636404697
425,7029041849574706438,2021-11-10,#cold but #sunny day! #loving this country and every place I’m skimming here. #happy #skimboard #skimbording #fyp #viral #portugal🇵🇹,#cold but #sunny day! #loving this country and every place I’m skimming here. #happy #skimboard #skimbording #fyp #viral #portugal🇵🇹,0,8843,20,1636576339
426,7029732417279741189,2021-11-12,Tiktok is broken? 👀👀👀,Tiktok is broken? 👀👀👀,0,9995,12,1636737124
427,7030585156197043462,2021-11-15,What a day of #skimboard in Portugal!#viral #fyp #fyyyyyyy #surf #vaibrasil #tiktoknogp #tiktokradical,Que dia de #skimboard em Portugal!#viral #fyp #fyyyyyyy #surf #vaibrasil #tiktoknogp #tiktokradical,1,13200,20,1636935668
428,7031505131543792901,2021-11-17,#nazare showing its face these days! How big is that bomb? #skimboard #bigwave #bigrider #viral #tiktokradical #fyp #surf #ondasgigantes #bigsurf,#nazare dando as caras esses dias! Qual tamanho dessa bomba aí? #skimboard #bigwave #bigrider #viral #tiktokradical #fyp #surf #ondasgigantes #bigsurf,1,16800,20,1637149868
429,7031967286709751045,2021-11-18,"Boom, boom, bam, bam right on my head! That one caught me full on! #wipeout #VemComCheetosTikTok #tiktokradical #skimboard #surf #bigrider #viral","Toma, toma, vapo, vapo na minha cabeça! Essa daí pegou em cheio em mim! #wipeout #VemComCheetosTikTok #tiktokradical #skimboard #surf #bigrider #viral",1,14800,49,1637257471
430,7032405835355573510,2021-11-19,Nazaré routine! #skimboard #nazare #portugal #surf #bigrider #diadefuria #wipeout #tiktokradical #fyp #fy,Rotina de Nazaré! #skimboard #nazare #portugal #surf #bigrider #diadefuria #wipeout #tiktokradical #fyp #fy,1,16300,59,1637359578
431,7033155863326035205,2021-11-21,Classic day for skimboard here in Portugal! 🇵🇹🤤#VemComCheetosTikTok #portugal #skimboarding #skim #tiktokradical #fyp,Classic day for skimboard here in Portugal! 🇵🇹🤤#VemComCheetosTikTok #portugal #skimboarding #skim #tiktokradical #fyp,0,78100,38,1637534208
432,7033161799994313989,2021-11-21,Classic shorebreak! #VemComCheetosTikTok #skimboard #tiktokradical #diadefuria #vaibrasil #fyp,Classic shorebreak! #VemComCheetosTikTok #skimboard #tiktokradical #diadefuria #vaibrasil #fyp,0,92400,15,1637535590
433,7033944620165762310,2021-11-24,#agoravocêsabe why I love #skimboard so much! #amemaischallenge #skimboarding #tiktokradical #VemComCheetosTikTok #fyp #portugal @redbullbr,#agoravocêsabe porque eu amo tanto o #skimboard! #amemaischallenge #skimboarding #tiktokradical #VemComCheetosTikTok #fyp #portugal @redbullbr,1,34800,40,1637717854
434,7034628377348705541,2021-11-25,Love your workplace more! #amemaischallenge #skimboard #tiktokradical #ameseubientedetrabalho #fyp #viral,Ame mais seu ambiente de trabalho! #amemaischallenge #skimboard #tiktokradical #ameseubientedetrabalho #fyp #viral,1,15300,17,1637877054
435,7034987632430025989,2021-11-26,#tasabendo ?? Now #brincadeiratemhora and I didn't miss my chance to make the most of it. So #agoravocesabe don't let playtime pass you by,#tasabendo ?? Agora #brincadeiratemhora e eu não perdi a oportunidade de aproveitar ela. Então #agoravocesabe então não deixa passar a hora de brincar,1,94400,19,1637960700
436,7035660796642462981,2021-11-28,Another hill I dropped down on these big wave days here in Nazaré #skimboard #fyp #tiktokradical #surf #bigwavesurfing #viral #agoravocêsabe,Mais uma ladeira que desci nesses dias de ondas grandes aqui em Nazaré #skimboard #fyp #tiktokradical #surf #bigwavesurfing #viral #agoravocêsabe,1,22800,24,1638117433
437,7036139776122080517,2021-11-29,Alive and living 🙏🙌 Filming for my documentary with @redbullbr 👀 #iluminado #lifestyle #nature #portugal,Vivão e vivendo 🙏🙌 Produzindo pro meu documentário com a @redbullbr 👀 #iluminado #lifestyle #nature #portugal,1,22200,15,1638228954
438,7037480391153929478,2021-12-03,Highlights from the Nazaré season! A bit of what I managed to catch here in the motherland! 🇵🇹 🇵🇹🇵🇹!! #skimboard #nazare #highlights #highlight #bigwave,Highlights da temporada de Nazaré! Um pouco doque consegui pegar aqui na terrinha! 🇵🇹 🇵🇹🇵🇹!! #skimboard #nazare #highlights #highlight #bigwave,1,12700,91,1638541091
439,7038179406631734533,2021-12-05,Let's go get them!! #challengepulse #skimboarding #surf #townin #tiktokradical #viral #fyp #embuscadasmaiores,Vamo atrás delas!! #challengepulse #skimboarding #surf #townin #tiktokradical #viral #fyp #embuscadasmaiores,1,36700,26,1638703843
440,7038754063554563334,2021-12-07,This is what #bigrider driving school looks like!!#PassinhoDaAutoEscola #challengepulse #skimboard #treino #fyp #viral,Auto escola de #bigrider é assim!!#PassinhoDaAutoEscola #challengepulse #skimboard #treino #fyp #viral,1,25800,8,1638837640
441,7039290977026067717,2021-12-08,They don't always go the way we expect… #skimboarding #skimboard #nazare #bigwaves #challengepulse #treino,Nem sempre são como a gente espera… #skimboarding #skimboard #nazare #bigwaves #challengepulse #treino,1,24200,12,1638962651
442,7039477813082131718,2021-12-08,Biggest wave of my life!! #bigrider #skimboard #nazare #skimboarding #bigwave #maiordomundo,Maior onda da minha vida! // Biggest wave of my life!! #bigrider #skimboard #nazare #skimboarding #bigwave #maiordomundo,1,25200,22,1639006151
443,7040040218489146630,2021-12-10,"Highlights from the day I caught the biggest wave of my life, and maybe of the world! #maiordomundo #skimboarding #skimboard #bigrider #challengepulse #naza","Highlights do dia que peguei a maior onda da minha vida, e quem sabe do mundo! #maiordomundo #skimboarding #skimboard #bigrider #challengepulse #naza",1,23000,35,1639137098
444,7040560767724260613,2021-12-11,Biggest waves of my life part 2!!! #tiktokawards #homemaranhasemvoltaparacasa #skimboarding #skimboard #desbloqueando #booktokbrasil #viral #fyp,Maiores ondas da minha vida parte 2!!! #tiktokawards #homemaranhasemvoltaparacasa #skimboarding #skimboard #desbloqueando #booktokbrasil #viral #fyp,1,22000,35,1639258296
445,7041167395888696582,2021-12-13,Think I'm happy on a big sea day in Nazaré?? #skimboard #viral #agoravocesabe #tiktokawards #skimboarding #tiktokradical #bigwaves #giant,Será que eu fico feliz em dia de mãe grande em Nazaré?? #skimboard #viral #agoravocesabe #tiktokawards #skimboarding #tiktokradical #bigwaves #giant,1,33700,16,1639399539
446,7041743909436853510,2021-12-15,Got filmed by drone dropping into this bomb 💣 in Nazaré! #skimboard #skimboarding #FysMenosMarketing #tiktokradical #bigwaves,Fui filmado de drone dropandk essa bomba 💣 em Nazaré! #skimboard #skimboarding #FysMenosMarketing #tiktokradical #bigwaves,1,32800,15,1639533769
447,7042705493848067333,2021-12-17,New ride for the crew! #mitsubishi #viatura #FysMenosMarketing #skimboard #offroad #viral #fyp #fy,Viatura nova da tropa! #mitsubishi #viatura #FysMenosMarketing #skimboard #offroad #viral #fyp #fy,1,22500,15,1639757654
448,7043203448636050694,2021-12-19,So good to paddle into some waves too! #oscriasnotiktok #oscriasdotiktok #skimboard #skimboarding #lucasfink #tiktokradical,Bom demais pegar umas ondas na remada também! #oscriasnotiktok #oscriasdotiktok #skimboard #skimboarding #lucasfink #tiktokradical,1,23500,23,1639873594
449,7043557669373824261,2021-12-19,Classic golden hour in Portugal! It was pure 🍯🍯🍯!! #goldenhour #oscriasdotiktok #oscriasnotiktok #skimboard #lucasfink #tiktokradical #viral #fyp,Golden hour clássica em Portugal! Tava um 🍯🍯🍯!! #goldenhour #oscriasdotiktok #oscriasnotiktok #skimboard #lucasfink #tiktokradical #viral #fyp,1,26400,13,1639956067
450,7043911660708416774,2021-12-20,Paddle session here in Portugal! 🇵🇹!! #skimboard #skimboarding #oscriasnotiktok #oscriasdotiktok #tiktokradical #lucasfink,Sessão na remada aqui em Portugal! 🇵🇹!! #skimboard #skimboarding #oscriasnotiktok #oscriasdotiktok #tiktokradical #lucasfink,1,28600,28,1640038487
451,7044566825446690053,2021-12-22,Responder a @im_siowei this is my most viral video on 2021!! #mostviralvideo #2021 #tiktoker #viral #tiktokradical,Responder a @im_siowei this is my most viral video on 2021!! #mostviralvideo #2021 #tiktoker #viral #tiktokradical,0,59500,12,1640191029
452,7044999967961795845,2021-12-23,"Showing my girlfriend my Nazaré routine. Most importantly, what I eat in the water! @bold.snacks always saving me! #momentobold #nazare #lucasfink","Mostrando minha rotina em Nazaré pra minha namorada. O principal, o que eu como na agua! @bold.snacks sempre salvando! #momentobold #nazare #lucasfink",1,146200,30,1640291878
453,7045369027308391685,2021-12-24,Wipe com jet e tudo!!! 🤯🤯🤯😳😳😳 #wipeout #jetskivideos #jetski #bigwaves #towin,Wipe com jet e tudo!!! 🤯🤯🤯😳😳😳 #wipeout #jetskivideos #jetski #bigwaves #towin,0,79200,10,1640377806
454,7045789176817634566,2021-12-25,Christmas session!! 🎅🔥🤯🔥 #skimboard #natal #christmas #skimboarding #lucasfink #fyp #fyyyy #viral,Sessão natalina!! 🎅🔥🤯🔥 #skimboard #natal #christmas #skimboarding #lucasfink #fyp #fyyyy #viral,1,35900,19,1640475630
455,7046845919588830469,2021-12-28,New adventure in Spain since there was no swell!! #skimboarding #snow #snowboarding #novasaventuras #tiktokradical #viciadoemadrenalina #skim,Aventura nova na Espanha já que não estava dando onda!! #skimboarding #snow #snowboarding #novasaventuras #tiktokradical #viciadoemadrenalina #skim,1,39600,50,1640721672
456,7047339963435781381,2021-12-30,Little skim session the other day here in Portugal… #skimboarding #tiktokradical #viciadoemadrenalina #skim #lucasfink #vaipro #viral,Sessionzinha de skim um dia desses aqui em Portugal… #skimboarding #tiktokradical #viciadoemadrenalina #skim #lucasfink #vaipro #viral,1,51900,15,1640836701
457,7048360003585068293,2022-01-01,Happy new year with my soul washed clean in Mediterranean waters!! #marmediterraneo #anonovo #feliz2022 #lucasfink #FelizAnoNovo,Feliz ano novo de alma lavada em águas mediterrâneas!! #marmediterraneo #anonovo #feliz2022 #lucasfink #FelizAnoNovo,1,48200,19,1641074197
458,7049765831970098438,2022-01-05,Going full savage on the #skimboard at #Nazaré 🤪 #fyp #fy #surf #portugal #brasil #malvadao3 #malvadao,Malvadão de #skimboard em #Nazaré 🤪 #fyp #fy #surf #portugal #brasil #malvadao3 #malvadao,1,70800,53,1641401517
459,7050081279659740422,2022-01-06,That's a BARREL for anyone who doesn't know 🤪 This is a BARREL if you don’t know 😜 #fy #fyy #fyp #surf #surfista #surfer #barrel #waves,Isso é um TUBO pra quem não sabe 🤪 This is a BARREL if you don’t know 😜 #fy #fyy #fyp #surf #surfista #surfer #barrel #waves,1,78500,20,1641474963
460,7050629916752317701,2022-01-08,Is it sunset or sunrise? 🧐 #fy #fyy #fyp #sunset #sunrise #sol #natureza #praia #ondas #skimboard,É por do sol ou nascer do sol? 🧐 #fy #fyy #fyp #sunset #sunrise #sol #natureza #praia #ondas #skimboard,1,85100,14,1641602703
461,7051269091033746694,2022-01-09,That friendly little homegrown wave that still gives you a scare at the end 😂 Paddling on my @exileskimboards #skimboarding #surfing #wipeout #fail #fy #fyy #fyp,Aquela ondinha de cria que te dá um sustinho no final 😂 Paddling on my @exileskimboards #skimboarding #surfing #wipeout #fail #fy #fyy #fyp,1,151300,14,1641751522
462,7051558168954014982,2022-01-10,SICKO MODE VIBES 🚨🆘 Almost died on a jetski in the biggest waves in the world! #fy #fyy #fyp #foryou #wipeout #fail #jetski #surf #viral #sports,PIQUE SICKO MODE 🚨🆘 Quase morri de jetski nas maiores ondas do mundo! #fy #fyy #fyp #foryou #wipeout #fail #jetski #surf #viral #sports,1,10900000,46,1641818829
463,7051943500979522822,2022-01-11,A relationship without messing around isn't a healthy relationship 😂🤪 #fy #fyy #fyp #foryou #namorada #riodejaneiro #viral #engraçado #zueira,Um relacionamento sem zueiras não é um relacionamento saudável 😂🤪 #fy #fyy #fyp #foryou #namorada #riodejaneiro #viral #engraçado #zueira,1,128700,21,1641908546
464,7052415501355584774,2022-01-12,#resposta to @gucardozoshow for sure that day was the biggest joy of the year! I caught the biggest waves of my life! #skimbord #fyp #bigwave #nazare #f,#resposta a @gucardozoshow com certeza esse dia foi a maior alegria do ano! Peguei as maiores ondas da minha vida! #skimbord #fyp #bigwave #nazare #f,1,73400,22,1642018441
465,7052849528268967173,2022-01-14,Just cruising the small stuff lol #fy #fyy #fyp #foryou #viral #surf #surfing #skimboard,Só de marola rsrsrs #fy #fyy #fyp #foryou #viral #surf #surfing #skimboard,1,88800,15,1642119497
466,7053055936012832005,2022-01-14,@Felipe Gustavo going wild at the @redbullbr party 😂😂 #fy #fyp #funny #party #redbull #rap,@Felipe Gustavo metendo o louco na festa da @redbullbr 😂😂 #fy #fyp #funny #party #redbull #rap,1,29400,51,1642167555
467,7053074590385343749,2022-01-14,Comment below if you're into this kind of fun 🤪 #fy #fyy #fyp #viral #foryou #jump #outdoor #natura #ocean,Comenta aí quem gosta dessa brincadeira 🤪 #fy #fyy #fyp #viral #foryou #jump #outdoor #natura #ocean,1,109300,7,1642171898
468,7053443767814212869,2022-01-15,That’s what we do for fun 😂🤪 We really do this for fun hahaha @Kai Lenny @Lucas Chumbo #fy #fyy #fyp #foryou #viral #fail #wipeout #dangerous,That’s what we do for fun 😂🤪 A gente faz isso por diversão kkkk @Kai Lenny @Lucas Chumbo #fy #fyy #fyp #foryou #viral #fail #wipeout #dangerous,1,95000,104,1642257854
469,7053801147378846982,2022-01-16,That one was NASTY huh 🚀🤯 #fy #foryou #fyp #fyy #viral #radical #sports #surfing #skimboard,Essa foi BRABA ein 🚀🤯 #fy #foryou #fyp #fyy #viral #radical #sports #surfing #skimboard,1,36500,12,1642341063
470,7053922753228950790,2022-01-16,Fast and Furious style ride on my @exileskimboards #skimboard 🚀 #fy #fyp #fyy #foryou #viral #sports #xgamesmode,Rolézinho velozes e furiosos no meu #skimboard da @exileskimboards 🚀 #fy #fyp #fyy #foryou #viral #sports #xgamesmode,1,56400,10,1642369376
471,7054240408536108293,2022-01-17,First time on a #Skimboard for @gui_khury 🤯 and he killed it 🚀 Team @redbullbr #fy #fyy #fyp #foryou #challenge #viral #surfing #beach,Primeira vez do @gui_khury no #Skimboard 🤯 e ele mandou muito bem 🚀 Equipe @redbullbr #fy #fyy #fyp #foryou #challenge #viral #surfing #beach,1,125700,33,1642443335
472,7054603027314986245,2022-01-18,Looked like he was gonna drown but he ended up showing off lol 😂🤯 #fy #fyp #fyy #foryou #funny #viral #almosfail #skimboard #surfing #jetski,Parecia que ia se afogar mas no final tirou onda kkkk 😂🤯 #fy #fyp #fyy #foryou #funny #viral #almosfail #skimboard #surfing #jetski,1,1100000,22,1642527765
473,7054635628813716741,2022-01-18,This kid is going to revolutionize #skimboarding 🤯 Esse mlk é meu ídolo 👏 #fy #fyy #fyp #foryou #viral #inspiration #sports #legend,This kid is going to revolutionize #skimboarding 🤯 Esse mlk é meu ídolo 👏 #fy #fyy #fyp #foryou #viral #inspiration #sports #legend,0,121800,17,1642535355
474,7055089161593687301,2022-01-20,Epic days at the #Skimboard school ❤️‍🔥 #fy #fyp #foryou #tutorial #howto #beach #nature #sports,Altos dias na escolinha de #Skimboard ❤️‍🔥 #fy #fyp #foryou #tutorial #howto #beach #nature #sports,1,2200000,21,1642640952
475,7055396854023933190,2022-01-20,The #skimboard school is on fire 🍇🤩 These kids are too gooood #fy #fyp #foryou #viral #surf #praia #playa #beach,A escolinha de #skimboard tá uma uva 🍇🤩 A mulecada tá demaissss #fy #fyp #foryou #viral #surf #praia #playa #beach,1,124300,43,1642712591
476,7055681248743689477,2022-01-21,Let's protect nature 💚♻️ The beach is so dirty this summer 😭🥲 #fy #fyp #foryou #natureza #riodejaneiro #eco #praia,Vamos preservar a natureza 💚♻️ Praia muito suja nesse verão 😭🥲 #fy #fyp #foryou #natureza #riodejaneiro #eco #praia,1,30200,33,1642778807
477,7056105355608198406,2022-01-22,Arriving at the beach VS Leaving the beach 🤪 #fy #fyy #fyp #foryou #viral #surfista #skimboard #riodejaneiro #praia #verao,Chegando na praia VS Saindo da praia 🤪 #fy #fyy #fyp #foryou #viral #surfista #skimboard #riodejaneiro #praia #verao,1,67000,14,1642877552
478,7056556518031871237,2022-01-24,"Blue sky, blazing sun, salt water, perfect beach day and a #skimboard session 🙏 I love all of it #fy #fyp #foryou #riodejaneiro #viral #surfista","Céu azul, solzão, água salgada, mó praião e rolé de #skimboard 🙏 Amo muito tudo isso #fy #fyp #foryou #riodejaneiro #viral #surfista",1,49000,13,1642982598
479,7056906370129480965,2022-01-24,RJ 021 is looking sweet 🍇 pure local essence 🤝 #fy #fyp #foryou #riodejaneiro #tiktokbr #sunset #ipanema #decria,RJ 021 tá uma uva 🍇 essência de cria 🤝 #fy #fyp #foryou #riodejaneiro #tiktokbr #sunset #ipanema #decria,1,73800,13,1643064054
480,7057063222897167621,2022-01-25,Already started the day at the spot!! #skimboard #skimboarding #bomdia #fyp #foryou #viral #fyy #piquezindoscria,Já comecei o dia no piquezin!! #skimboard #skimboarding #bomdia #fyp #foryou #viral #fyy #piquezindoscria,1,149700,6,1643100576
481,7057289034267200773,2022-01-25,Just cruising on the small stuff lol 🤪✌️#fyy #foryou #fy #fyp #skimboarding #skateboard #surfing #havingfun #beach #nature #lifestyle,Só de marola rsrs 🤪✌️#fyy #foryou #fy #fyp #skimboarding #skateboard #surfing #havingfun #beach #nature #lifestyle,1,946700,13,1643153150
482,7057608697924570374,2022-01-26,Epic days at the #skimboard school 🤩 #fy #fyy #fyp #kids #viral #tutorial #howto #surf #beach #tiktokbr,Altos dias na escolinha de #skimboard 🤩 #fy #fyy #fyp #kids #viral #tutorial #howto #surf #beach #tiktokbr,1,50300,30,1643227576
483,7057676045448793349,2022-01-27,A day at my #skimboard school 😍🙌❤️✨ #fy #fyp #fyy #foryou #surfing #surf #praia #riodejaneiro #carioca #sports,Um dia na minha escolinha de #skimboard 😍🙌❤️✨ #fy #fyp #fyy #foryou #surfing #surf #praia #riodejaneiro #carioca #sports,1,99700,73,1643243258
484,7057950378863660293,2022-01-27,Do you believe in miracles? I do lol what an epic video 🤣🤪🤯😭😱 #fy #fyp #fyy #foryou #viral #fail #sports #epic #gopro @GoPro,Você acredita em milagres? Eu sim kkkk que vídeo épico 🤣🤪🤯😭😱 #fy #fyp #fyy #foryou #viral #fail #sports #epic #gopro @GoPro,1,37400,44,1643307130
485,7058031001666145542,2022-01-27,The boss of #skimboard 😘 #fy #fyp #foryou #viral #chefin #riodejaneiro #surfista #surfing #sports #praia,Chefin do #skimboard 😘 #fy #fyp #foryou #viral #chefin #riodejaneiro #surfista #surfing #sports #praia,1,862900,16,1643325902
486,7058378337109953798,2022-01-28,@3sskaters_oficial taking a shot at #skimboard 😂🤩 #fy #fyp #foryou #fyy #viral #fail #wipeout #surfing #skate #3sskaters,@3sskaters_oficial se arriscando no #skimboard 😂🤩 #fy #fyp #foryou #fyy #viral #fail #wipeout #surfing #skate #3sskaters,1,140800,19,1643406772
487,7058676870778244357,2022-01-29,"TAKE THIS ONE THEN, it was mystical ✨ 🔥 🚀 #fy #foryou #fyy #fyp #skimboard #surfing #sunrise #epic #viral","PEGA ESSA ENTÃO, foi mística ✨ 🔥 🚀 #fy #foryou #fyy #fyp #skimboard #surfing #sunrise #epic #viral",1,27200,7,1643476280
488,7058780733178957061,2022-01-29,God protected me on that one 🙏😭😱 #fy #fyp #foryou #wipeout #fail #skimboarding #surfing,Deus me protegeu nessa 🙏😭😱 #fy #fyp #foryou #wipeout #fail #skimboarding #surfing,1,72800,9,1643500462
489,7059161682102209798,2022-01-31,Just messing around lol idk why but I loved this video 🤪❤️ #fy #foryou #fyp #viral #fyy #skimboard #surfing #tricks #sports #radical,Só na brincadeirinha rsrsrs seila porque mas amei esse vídeo 🤪❤️ #fy #foryou #fyp #viral #fyy #skimboard #surfing #tricks #sports #radical,1,135500,20,1643589159
490,7059402762198551814,2022-01-31,Enjoying #Verao with my #skimboard in Rio de Janeiro 🍇 🤪 #fy #fyp #foryou #invejoso #surfing #sports @exileskimboards @redbullbr @furiaesports,Curtindo o #Verao com meu #skimboard no Rio de Janeiro 🍇 🤪 #fy #fyp #foryou #invejoso #surfing #sports @exileskimboards @redbullbr @furiaesports,1,96000,18,1643645290
491,7059757030562663686,2022-02-01,"Getting barreled is like getting a kiss from god, as Andy Irons used to say 🙏✨💙 #fy #fyp #foryou #surfing #skimboard #skimboarding","Pegar tubo é tipo receber um beijo de deus, já dizia Andy Irons 🙏✨💙 #fy #fyp #foryou #surfing #skimboard #skimboarding",1,160100,7,1643727775
492,7059914775005842694,2022-02-02,Ever been snowboarding?! Come with me then 💙🥶❄️⛄️ #fy #fyy #fyp #foryou #snow #snowboard #snowboarding #sports,Já deu um rolé de Snowboard?! Vem comigo então 💙🥶❄️⛄️ #fy #fyy #fyp #foryou #snow #snowboard #snowboarding #sports,1,13100,50,1643764503
493,7060092846853967109,2022-02-02,#dueto with @canaloff DON'T MISS #DIARIONOHAVAI 🏄‍♂️💙 Canal Off is showing everything going on behind the scenes at the mecca of world #surf 🙏,#dueto com @canaloff NÃO DEIXEM DE ACOMPANHAR O #DIARIONOHAVAI 🏄‍♂️💙 O Canal Off tá mostrando tudo que rola nos bastidores da meca do #surf mundial 🙏,1,11800,30,1643805963
494,7060210760605109510,2022-02-02,A day to GIVE THANKS and a day to CARE 🙏💙💚♻️ 02/02/2022 #fy #fyp #foryou #fyy #gratidao #praia #yemanja #riodejaneiro #carioca,Dia de AGRADECER e Dia de CUIDAR 🙏💙💚♻️ 02/02/2022 #fy #fyp #foryou #fyy #gratidao #praia #yemanja #riodejaneiro #carioca,1,26300,25,1643833417
495,7060484183306587397,2022-02-03,"#publicidade Sick job I did for @Motorola Brasil 🤝🔥 this insane video was shot on the MOTO G 200 , the footage came out WILD ✨ #fy #fyp #foryou #publi #riodejaneiro #verao #lifestyle","#publicidade Trabalho irado que fiz pra @Motorola Brasil 🤝🔥 esse vídeo brabo foi gravado com o MOTO G 200 , as imagems ficaram BIZARRAS ✨ #fy #fyp #foryou #publi #riodejaneiro #verao #lifestyle",1,21900,57,1643897078
496,7060571476285607173,2022-02-03,Causing chaos in the hotel pool 🤪😂 #fy #fyp #foryou #fyy #brincadeiradecriança #piscina #skimboard #funny,Causando na piscininha do hotel 🤪😂 #fy #fyp #foryou #fyy #brincadeiradecriança #piscina #skimboard #funny,1,109100,17,1643917402
497,7060836610203471109,2022-02-04,"The fun is unlimited at this place 🤪 HOT ZONE at Barra Shopping, who's been? #fy #fyp #funny #fun #viral #dreams #shopping #games","Nesse lugar a diversão é ilimitada 🤪 HOT ZONE do Barra Shopping, quem já foi? #fy #fyp #funny #fun #viral #dreams #shopping #games",1,99800,22,1643979134
498,7060950220921769221,2022-02-04,Like a boss or nah ?! 🤪🔥🚀 #fy #fyy #fyp #foryou #viral #skimboard #espiritoolimpico @exileskimboards,Like a boss or nah ?! 🤪🔥🚀 #fy #fyy #fyp #foryou #viral #skimboard #espiritoolimpico @exileskimboards,0,42200,14,1644005586
499,7061288179407539462,2022-02-05,And this is why I believe in Santa Claus 🎅 😂 #fy #foryou #fyp #fyy #viral #epic #skimboarding #surfing #bigwave #sports,E é por isso que eu acredito em Papai Noel 🎅 😂 #fy #foryou #fyp #fyy #viral #epic #skimboarding #surfing #bigwave #sports,1,31600,25,1644084272
500,7061649082246352133,2022-02-06,Testing out the MOTO G 200 phone filming my #skimboard friends 🤩 @motorolabrasil #fy #fyp #foryou #riodejaneiro #praia #carioca,Testando o telefone MOTO G 200 filmando os amigos de #skimboard 🤩 @motorolabrasil #fy #fyp #foryou #riodejaneiro #praia #carioca,1,26000,44,1644168302
501,7061976872254573830,2022-02-07,One of the best waves I've ever caught on a #skimboard in my LIFE 🙏🔥 like and comment for part 2 #fy #fyp #foryou #fyy #surfing #wave #epic #viral,Uma das melhores ondas que já peguei de #skimboard na minha VIDA 🙏🔥 curte e comenta pra parte 2 #fy #fyp #foryou #fyy #surfing #wave #epic #viral,1,16300,60,1644244622
502,7062150541232606469,2022-02-08,Riding the ripples in traffic. Best comment wins a prize 🤪 #fy #fyp #funny #viralbr #tiktok #dreams,Marolando no trânsito. Melhor comentário vai ganhar um prêmio 🤪 #fy #fyp #funny #viralbr #tiktok #dreams,1,19500,15,1644285058
503,7062317823908908294,2022-02-08,And that celebration? 😂😂😂 deserved more points than the wave 🤪🤪🤪 #fy #fyy #fyp #foryou #skimboarding #surfing #barrel #wave,E a comemoração? 😂😂😂 mereceu mais pontos que a onda 🤪🤪🤪 #fy #fyy #fyp #foryou #skimboarding #surfing #barrel #wave,1,24200,20,1644324006
504,7062728019588173061,2022-02-09,Who else starts the day with this vibe?! 🚀🏆 #fy #fyp #foryou #fyy #goodvibes #bomdia #riodejaneiro,Quem aí começa o dia nessa vibe?! 🚀🏆 #fy #fyp #foryou #fyy #goodvibes #bomdia #riodejaneiro,1,17300,27,1644419512
505,7062759344382676230,2022-02-09,PURE JOYYYYYY 🤪 #fy #fyp #foryou #fyy #skimboarding #skimboard #surf #alegria #felicidade #viral #happy @exileskimboards @redbullbr,ALEGRIAAAAAA 🤪 #fy #fyp #foryou #fyy #skimboarding #skimboard #surf #alegria #felicidade #viral #happy @exileskimboards @redbullbr,1,35400,10,1644426805
506,7063100727522053382,2022-02-10,Always around 🏡❤️ #skimboard #skimboarding #surfing #fy #fyp #foryou #charliebrownjr,Sempre na área 🏡❤️ #skimboard #skimboarding #surfing #fy #fyp #foryou #charliebrownjr,1,17900,14,1644506290
507,7063158187159014662,2022-02-10,Who wants to learn #Skimboard with me? Then PULL UP TO THE LIVE 🍇🍯 #verao #fyp #fy #fyy #surf #praia #esportes,Quem quer aprender #Skimboard comigo? Então BROTA NA LIVE 🍇🍯 #verao #fyp #fy #fyy #surf #praia #esportes,1,2400000,14,1644519668
508,7063161085645409542,2022-02-10,Wanna learn #Skimboard with me?! THEN DON'T MISS IT BECAUSE TOMORROW THERE'S A LIVE LESSON RIGHT HERE ON TIKTOK! February 11th at 10 in the morning I'm going LIVE from the beach! See you there 🤩🍇🍯 #verao #fy #fyy #fyp #tutorial #praia #esportes,Quer aprender #Skimboard comigo?! ENTÃO APROVEITA PORQUE AMANHÃ TEM AULA AO VIVO AQUI NO TIKTOK! Dia 11 de Fevereiro as 10 da manhã vou entrar AO VIVO lá da praia! Espero vocês 🤩🍇🍯 #verao #fy #fyy #fyp #tutorial #praia #esportes,1,25500,21,1644520343
509,7063505454571244806,2022-02-11,#Skimboard is so crazy 🤯🤪🤣 #fy #fyp #foryou #fyy #praia #verao #fail #epic,#Skimboard é muito louco 🤯🤪🤣 #fy #fyp #foryou #fyy #praia #verao #fail #epic,1,697200,18,1644600522
510,7063511123013799173,2022-02-11,The live #Skimboard lesson was a success! Thank you @tiktokbrasil for the opportunity 🙏❤️ #verao #praia #esportes #kids #fun,A aula de #Skimboard Ao Vivo foi um sucesso! Obrigado @tiktokbrasil pela oportunidade 🙏❤️ #verao #praia #esportes #kids #fun,1,66900,39,1644601842
511,7063801824276450566,2022-02-12,A masterpiece of advertising 😭🤪 #HOTZONE IS UNLIMITED FUN AND EVERY WEDNESDAY IT'S 50% OFF 😱 #fy #foryou #fyp #diverao #funny #shopping #viral #riodejaneiro,Obra prima da publicidade 😭🤪 #HOTZONE É DIVERSÃO ILIMITADA E TODA 4a FEIRA TEM DESCONTO DE 50% 😱 #fy #foryou #fyp #diverao #funny #shopping #viral #riodejaneiro,1,17800,31,1644669526
512,7064603041634290949,2022-02-14,So much fun at the #skimboard school 🙏❤️ @jh.barreto #skimboarding #surfing #sports #fun #fy #fyy #fyp #verao,Muita diversão na escolinha de #skimboard 🙏❤️ @jh.barreto #skimboarding #surfing #sports #fun #fy #fyy #fyp #verao,1,29300,15,1644856074
513,7064637384016678150,2022-02-14,Big day in RJ 🍇 doing a job for @Lev Bicicletas and @canaloff 🙏 #fy #fyy #fyp #skimboard #surfista #carioca #verao #riodejaneiro,Diazão no RJ 🍇 fazendo um trabalho para @Lev Bicicletas e @canaloff 🙏 #fy #fyy #fyp #skimboard #surfista #carioca #verao #riodejaneiro,1,14000,9,1644864070
514,7065127600452078854,2022-02-16,The song matched the video 💖 sunset at the beach and #skimboard with the friends I love 🙏 #fy #fyp #foryou #fyy #verao #pordosol #praia #surfista #lifestyle #vibe,A música combinou com o vídeo 💖 por do sol na praia e #skimboard com os amigos que amo 🙏 #fy #fyp #foryou #fyy #verao #pordosol #praia #surfista #lifestyle #vibe,1,27500,28,1644978209
515,7065304553574370565,2022-02-16,Do you know #Skimboard? Tag a friend who'd love this sport 🙏❤️ #fy #fyy #foryou #fyp #surf #skate #esporte #sports,Você conhece o #Skimboard? Marca um amigo que vai gostar desse esporte 🙏❤️ #fy #fyy #foryou #fyp #surf #skate #esporte #sports,1,151600,10,1645019408
516,7065451568329411846,2022-02-16,"Bad wave good vibes 🤷‍♂️ coming back from a nasty knee injury, pray for me 🙏 #fy #fyy #fyp #foryou #skimboard #surfing #injury #letsgo #goodvibes","Onda ruim vibe boa 🤷‍♂️ voltando de uma lesão chata no joelho, orem por mim 🙏 #fy #fyy #fyp #foryou #skimboard #surfing #injury #letsgo #goodvibes",1,23600,8,1645053637
517,7065697693171076357,2022-02-17,"Take that take that, bam bam 🙅‍♂️ One way then the other 🔁🔄 #fy #fyp #foryou #tomatoma #vapovapo #viral #skimboard #surf #skate #sports",Toma toma vapo vapo 🙅‍♂️ Pra um lado e pro outro 🔁🔄 #fy #fyp #foryou #tomatoma #vapovapo #viral #skimboard #surf #skate #sports,1,23800,10,1645110943
518,7065821797748395270,2022-02-17,What would this game be called? 🎮🕹 #fy #fyp #foryou #videogame #games #sports #esports #skimboard #skimboarding,Qual seria o nome do jogo? 🎮🕹 #fy #fyp #foryou #videogame #games #sports #esports #skimboard #skimboarding,1,13600,36,1645139838
519,7066104451869822214,2022-02-18,Today's session live for you all ❤️ 🏡 #fy #fyp #foryou #skimboard #surf #praia #viral #tiktokbr #riodejaneiro #surfista #carioca,Rolézin de hoje ao vivo pra vocês ❤️ 🏡 #fy #fyp #foryou #skimboard #surf #praia #viral #tiktokbr #riodejaneiro #surfista #carioca,1,32600,23,1645205649
520,7066161734771412229,2022-02-18,Careful not to get your phone wet out there 📱 💦 #fy #fyp #foryou #viral #memories #tiktokbr #funny #sports #skimboard #trick,Cuidado pra não molhar o celular de vocês ai 📱 💦 #fy #fyp #foryou #viral #memories #tiktokbr #funny #sports #skimboard #trick,1,27700,5,1645218986
521,7066377850743540997,2022-02-19,Who else plays Free Fire? Commeeeent 🔥 @furiaesports #fy #fyp #games #foryou #freefire #freefirebr #jogos,Quem ai joga Free Fire também? Comentaaaaa 🔥 @furiaesports #fy #fyp #games #foryou #freefire #freefirebr #jogos,1,8295,34,1645269305
522,7066556401480436998,2022-02-19,LIFE IS GOOD ❤️✨ #fy #fyp #foryou #viral #lifestyle #beach #cars #sports #skimboard #surf #sunset,LIFE IS GOOD ❤️✨ #fy #fyp #foryou #viral #lifestyle #beach #cars #sports #skimboard #surf #sunset,0,18800,23,1645310876
523,7066783771990691077,2022-02-20,It was so sick watching the little kids ride #skimboard at the contest 😍 #fy #fyp #foryou #kids #newgeneration #surf #contest #onfire,Foi muito irado assistir a mulecadinha andando de #skimboard no campeonato 😍 #fy #fyp #foryou #kids #newgeneration #surf #contest #onfire,1,20300,55,1645363815
524,7066948484443786501,2022-02-21,Just cruising on my @exileskimboards 🚀 #Skimboard #fy #fyp #foryou #viral #vibes #summer #verao #beach #sports #wave,Just cruising on my @exileskimboards 🚀 #Skimboard #fy #fyp #foryou #viral #vibes #summer #verao #beach #sports #wave,0,31800,12,1645402166
525,7066968378866486534,2022-02-21,Today was a good day :) Sunday funday ❤️#fy #foryou #lifestyle #goodday #summer #verao #skimboard #beach,Today was a good day :) Sunday funday ❤️#fy #foryou #lifestyle #goodday #summer #verao #skimboard #beach,0,20400,27,1645406798
526,7067191750586076421,2022-02-21,Nailed it 🕹 @furiaesports @exileskimboards @@mormaii_oficial #skimboard #skimboarding #surf #trick #skate #sports,Macetado 🕹 @furiaesports @exileskimboards @@mormaii_oficial #skimboard #skimboarding #surf #trick #skate #sports,1,32600,6,1645458805
527,7067234886804966661,2022-02-21,Today's little dive in RJ 💙💎 wearing Reserva's magic boardshorts for the first time #fy #foryou #riodejaneiro #verao #lifestyle #goodvibes #goodday #malvadao,Mergulinho de hoje no RJ 💙💎 usando pela primeira vez a bermuda mágica da Reserva #fy #foryou #riodejaneiro #verao #lifestyle #goodvibes #goodday #malvadao,1,12900,28,1645468848
528,7067596565912898822,2022-02-22,Two addictions: @bold.snacks and catching waves on the #skimboard 😂 #fy #foryou #fyp #viral #surf #praia #verao #tiktokbr,Dois vícios: @bold.snacks e pegar onda de #skimboard 😂 #fy #foryou #fyp #viral #surf #praia #verao #tiktokbr,1,240700,35,1645553058
529,7067887184753265926,2022-02-23,Que dia de #skimboard 🍇🍯#fyp #foryou #fy #skim #skimboarding #verao,Que dia de #skimboard 🍇🍯#fyp #foryou #fy #skim #skimboarding #verao,0,24400,20,1645620724
530,7067991612911078661,2022-02-23,Off to another adventure 🚀🇵🇹 #fy #fyp #foryou #nazaré #portugal #skimboard #surf #bigwaves @gigantesdenazare,Bora lá pra mais uma aventura 🚀🇵🇹 #fy #fyp #foryou #nazaré #portugal #skimboard #surf #bigwaves @gigantesdenazare,1,37800,13,1645645037
531,7069171971577236741,2022-02-26,My life be like 🔥💣 #Skimboarding #Nazare #CarnavalTikTok #fyp #fy #foryou,My life be like 🔥💣 #Skimboarding #Nazare #CarnavalTikTok #fyp #fy #foryou,0,62200,29,1645919861
532,7069364444647804165,2022-02-27,I was in Rio 🇧🇷 enjoying the #verão and out of nowhere I popped up in Nazaré 🇵🇹 to catch the biggest waves of my life! Comment below and I'll show you more 🤪 #CarnavalTikTok #Fy #fyp #fyy #vidalouca #skimboard #trend,Tava no RJ 🇧🇷 curtindo o #verão e do nada brotei em Nazaré 🇵🇹 pra pegar as maiores ondas da mina vida! Comenta aí pra eu mostrar mais 🤪 #CarnavalTikTok #Fy #fyp #fyy #vidalouca #skimboard #trend,1,55000,25,1645964675
533,7069503596471143685,2022-02-27,Taking on #Nazaré on a #Skimboard 😱🤯🤪 #fy #fyp #foryou #skimboarding #surfing #waves #bigwave #portugal,Pegando #Nazaré de #Skimboard 😱🤯🤪 #fy #fyp #foryou #skimboarding #surfing #waves #bigwave #portugal,1,190800,25,1645997074
534,7070565495317024005,2022-03-02,Came out stylish 😎💙 #fy #fyp #foryou #skimboarding #skimboard #kanyewest #lifestyle,Ficou style 😎💙 #fy #fyp #foryou #skimboarding #skimboard #kanyewest #lifestyle,1,63900,6,1646244316
535,7070589085244493062,2022-03-02,Best trend ever 🤣 #fy #fyp #foryou #fail #wipeout #epic #trend #viral #skimboarding,Best trend ever 🤣 #fy #fyp #foryou #fail #wipeout #epic #trend #viral #skimboarding,0,18400,5,1646249809
536,7070890344254098693,2022-03-03,Bad vibe 😢 Ipanema beach woke up like this today 🤮🤢 #fy #fyp #sujo #fyy #lixo #carnaval #badvibe,Bad vibe 😢 Hoje a praia de Ipanema acordou assim 🤮🤢 #fy #fyp #sujo #fyy #lixo #carnaval #badvibe,1,385100,21,1646319952
537,7071018442157083909,2022-03-03,Thanks fellas 🤙🤪 #fy #fyp #foryou #sunset #verao #summer #beach #skimboard #surf #surfista #carnaval,Valeu rapazeada 🤙🤪 #fy #fyp #foryou #sunset #verao #summer #beach #skimboard #surf #surfista #carnaval,1,11100,28,1646349777
538,7071246400872385798,2022-03-04,A day in my life ❤️🏝🔥 #skimboard #surf #skate #sports #vida #lifestyle #action #esporte #verao #surfista,Um dia na minha vida ❤️🏝🔥 #skimboard #surf #skate #sports #vida #lifestyle #action #esporte #verao #surfista,1,50200,27,1646402852
539,7071401106219207941,2022-03-05,Still / Ainda 😂 #fy #fyp #foryou #fail #funny #wipeout #error #skimboard #sports #fun,Still / Ainda 😂 #fy #fyp #foryou #fail #funny #wipeout #error #skimboard #sports #fun,0,70100,11,1646438872
540,7071606238844292358,2022-03-05,😎 Olhou?! 👓 #fy #fyp #foryou #fyy #trap #skimboard #style #lifestyle #surf,😎 Olhou?! 👓 #fy #fyp #foryou #fyy #trap #skimboard #style #lifestyle #surf,0,80600,6,1646486633
541,7071756210713808134,2022-03-05,Doing some tricks I love ❤️ #skimboard #fy #fyp #foryou #fyy #trap #surf #skimboard #skate #sports,Fazendo umas manobras que eu amo ❤️ #skimboard #fy #fyp #foryou #fyy #trap #surf #skimboard #skate #sports,1,45300,60,1646521551
542,7072037282886307078,2022-03-06,That's insane 🤣🤯 #fy #fyp #foryou #fyy #viral #tiktokbr #skimboard #surf #wipeout #fail,Que loucura 🤣🤯 #fy #fyp #foryou #fyy #viral #tiktokbr #skimboard #surf #wipeout #fail,1,16200,9,1646586993
543,7072052822149221638,2022-03-06,Cruising like a local 🍇 #fy #fyp #foryou #fyy #skimboard #surfing #surf #viral #waves #epic,Rolézinho de cria 🍇 #fy #fyp #foryou #fyy #skimboard #surfing #surf #viral #waves #epic,1,487500,22,1646590611
544,7072376067410971909,2022-03-07,This love from the fans is priceless 😍 NOTHING BUT GRATITUDE 🤩 #fy #fyp #foryou #fyy #obrigado #gratidao #blessed #lifestyle,Esse carinho dos fãs não tem preço 😍 SÓ GRATIDÃO 🤩 #fy #fyp #foryou #fyy #obrigado #gratidao #blessed #lifestyle,1,80700,24,1646665873
545,7072434994097982725,2022-03-07,Drop a comment with what you think 👇❤️ #fyp #fy #fyy #foryou #skimboard #surf #praia #verao #sunset,Comenta aí o que achou 👇❤️ #fyp #fy #fyy #foryou #skimboard #surf #praia #verao #sunset,1,346600,23,1646679592
546,7072499691954523397,2022-03-07,"Just now, this right here 🔥✨ #fy #foryou #fyp #fyy #skimboard #sunset #golden #lifestyle #gold #surf #epic #viral",Ainda agora isso ai 🔥✨ #fy #foryou #fyp #fyy #skimboard #sunset #golden #lifestyle #gold #surf #epic #viral,1,66900,10,1646694657
547,7072807933939043590,2022-03-08,Just the way I like it 🍇 #fy #fyp #foryou #surf #skate #skimboard #viral #action #esporte #sports #lifestyle #nature,Daquele jeitão 🍇 #fy #fyp #foryou #surf #skate #skimboard #viral #action #esporte #sports #lifestyle #nature,1,109500,10,1646766425
548,7072842507163372805,2022-03-08,Em breve na @redbull TV ❤️🚀 @redbullbr #fy #fyp #foryou #skimboard #nazaré #surf #sports #viral #vozdomalvadao,Em breve na @redbull TV ❤️🚀 @redbullbr #fy #fyp #foryou #skimboard #nazaré #surf #sports #viral #vozdomalvadao,0,78300,25,1646774475
549,7073173914406358278,2022-03-09,#VozDoMalvadao Skimboard no TikTok é assim 🤪 #fy #fyp #foryou #fyy #skimboarding #surfing #sports #viral,#VozDoMalvadao Skimboard no TikTok é assim 🤪 #fy #fyp #foryou #fyy #skimboarding #surfing #sports #viral,0,16800,65,1646851636
550,7073200488388349189,2022-03-09,Another day 🙏❤️🚀 #skimboard #fy #fyp #foryou #fyy #surf #sports #viral,Mais um dia 🙏❤️🚀 #skimboard #fy #fyp #foryou #fyy #surf #sports #viral,1,24600,9,1646857823
551,7073548055273950470,2022-03-10,What kind of madness was that?? 😂😂😂 #fy #fyp #foryou #crazy #viral #fun #sick #doidera #maluco,Que doidera foi essa?? 😂😂😂 #fy #fyp #foryou #crazy #viral #fun #sick #doidera #maluco,1,38700,16,1646938748
552,7073639100661763334,2022-03-11,Vibes ✨🔥❤️ #fy #fyp #foryou #lifestyle #goodvibes #beach #skimboard #surf #sunset,Vibes ✨🔥❤️ #fy #fyp #foryou #lifestyle #goodvibes #beach #skimboard #surf #sunset,0,539800,17,1646959947
553,7073875366703582470,2022-03-11,Coming in hot on my @exileskimboards 🔥🚀 #fy #fyp #foryou #viral #skimboard #surf #tricks #cominginhot,Coming in hot on my @exileskimboards 🔥🚀 #fy #fyp #foryou #viral #skimboard #surf #tricks #cominginhot,0,102300,10,1647014955
554,7073946109240020229,2022-03-11,We're ON 🔥💪 #fy #fyp #foryou #fyy #viral #tiktokbrasil #surf,Tamo ON 🔥💪 #fy #fyp #foryou #fyy #viral #tiktokbrasil #surf,1,69300,11,1647031427
555,7074340915464211717,2022-03-12,What a beauty 🥰 #fy #fyp #foryou #viral #tiktokbrasil #skimboard #surf #skate #sports,Que belezura 🥰 #fy #fyp #foryou #viral #tiktokbrasil #skimboard #surf #skate #sports,1,62800,16,1647123349
556,7074764409918262533,2022-03-14,The famous SNACK 🍖 #fy #fyp #foryou #fyy #skimboard #surf #sports #waves #beach,Famoso PETISCO 🍖 #fy #fyp #foryou #fyy #skimboard #surf #sports #waves #beach,1,278200,14,1647221953
557,7074971376427240710,2022-03-14,FOLLOW YOUR DREAMS! It's gonna work out 🙏❤️ #fy #fyp #motivacional #goodvibe #bomdia #inspiraçao #skimboard #surfista,SIGA SEUS SONHOS! Vai dar certo 🙏❤️ #fy #fyp #motivacional #goodvibe #bomdia #inspiraçao #skimboard #surfista,1,73900,8,1647270141
558,7075124110006750470,2022-03-15,No idea what caption to put so I'm counting on you guys in the comments 🤪🙏 #fy #fyp #foryou #skimboard #surf #trick #viral,Não sei que legenda botar então conto com a ajuda de vocês nos comentários 🤪🙏 #fy #fyp #foryou #skimboard #surf #trick #viral,1,63500,10,1647305702
559,7075370605909937413,2022-03-15,Wowwwww 💥 #fy #fyp #foryou #fyy #skimboard #surf #skate #tricks #summer #lifestyle,Wowwwww 💥 #fy #fyp #foryou #fyy #skimboard #surf #skate #tricks #summer #lifestyle,0,104700,6,1647363093
560,7075616107486334214,2022-03-16,You gotta get wrecked a whole lot to get anywhere in life 😂 SKIMBOARD in NAZARÉ 😍 #fy #fyp #foryou #fyy #skimboard #surf #bigwaves #nazare,Tem que se füdër muito pra conseguir algo na vida 😂 SKIMBOARD em NAZARÉ 😍 #fy #fyp #foryou #fyy #skimboard #surf #bigwaves #nazare,1,16300,60,1647420255
561,7077576768307072261,2022-03-21,"Catch these #AdventureVibes 🔥 MARCH 22, 2022 my film “SKIMBOARD NAZARÉ” premieres on @redbullTV 🤩 #fy #fyy #fyp #surf #skimboard #sports #viral",Pega essa #AdventureVibes 🔥 DIA 22 de Março de 2022 estréia meu filme “SKIMBOARD NAZARÉ” na @redbullTV 🤩 #fy #fyy #fyp #surf #skimboard #sports #viral,1,8395,50,1647876755
562,7077679507687181573,2022-03-21,Have you ever seen this?! Catching a wave in a pool on a #skimboard 🤩 #fy #fyp #foryou #fyy #surf #epic #viral #AdventureVibes,Você já viu isso?! Pegando onda numa piscina com a prancha de #skimboard 🤩 #fy #fyp #foryou #fyy #surf #epic #viral #AdventureVibes,1,183600,33,1647900676
563,7078070372670688518,2022-03-22,SKIMBOARD NAZARÉ TÁ ON 🚨 na REDBULL TV 🔥 @redbullbr @Lucas Chumbo #fy #fyp #foryou #skimboard #surf #redbull #viral #movie #filme #adventurevibes,SKIMBOARD NAZARÉ TÁ ON 🚨 na REDBULL TV 🔥 @redbullbr @Lucas Chumbo #fy #fyp #foryou #skimboard #surf #redbull #viral #movie #filme #adventurevibes,0,142800,15,1647991682
564,7078323408739634438,2022-03-23,If you've got friends you've got everything! Saved my @exileskimboards board 🤩 #fy #fyp #foryou #story #stories #fyy #AdventureVibes #skimboard #surf #wipeout #fail,Quem tem amigo tem tudo! Salvou minha prancha da @exileskimboards 🤩 #fy #fyp #foryou #story #stories #fyy #AdventureVibes #skimboard #surf #wipeout #fail,1,85100,49,1648050596
565,7078324426533571846,2022-03-23,What a day 🙌💙 part 1 in the previous video 🧐 #fy #fyp #foryou #adventurevibes #surf #skimboard #barrel #waves #actionsports #epic #viral,Que dia 🙌💙 parte 1 no vídeo anterior 🧐 #fy #fyp #foryou #adventurevibes #surf #skimboard #barrel #waves #actionsports #epic #viral,1,17500,19,1648050833
566,7078673037767216390,2022-03-24,I caught a giant wave on a #Skimboard out in Nazaré and @redbullbr made a film about the whole story 🤩 Go watch it 🚀 #VibesDeAventura #fy #fyp #foryou #fyy #viral,Eu peguei uma onda gigante de #Skimboard lá em Nazaré e a @redbullbr fez um filme sobre essa história 🤩 Vai lá assistir 🚀 #VibesDeAventura #fy #fyp #foryou #fyy #viral,1,22900,30,1648132000
567,7078785584084323589,2022-03-24,Was that cringe? 😅😂 hahahahaha #fy #fyp #foryou #fyy #VibesDeAventura #tiktokbr,Ficou cringe? 😅😂 kkkkkkk #fy #fyp #foryou #fyy #VibesDeAventura #tiktokbr,1,32800,7,1648158204
568,7079119868292910342,2022-03-25,Skimboard is unlimited fun 🎮 🕹 #VibesDeAventura #skimboard #surf #skate #sports #fun #games,Skimboard é diversão ilimitada 🎮 🕹 #VibesDeAventura #skimboard #surf #skate #sports #fun #games,1,1200000,13,1648236036
569,7079363336802012422,2022-03-26,Went wrong but turned out right 🤪😂 #VibesDeAventura #fail #wipeout #fy #fyy #fyp #tiktokbr #viral #skimboard #surf #skate,Deu ruim mas deu bom 🤪😂 #VibesDeAventura #fail #wipeout #fy #fyy #fyp #tiktokbr #viral #skimboard #surf #skate,1,704400,7,1648292724
570,7079810313842887941,2022-03-27,Did that go right or wrong?! #fy #fyp #epic #fail #viral #tiktokbr #fyy #foryou #skimboard #vibesdeaventura,Deu bom ou deu ruim?! #fy #fyp #epic #fail #viral #tiktokbr #fyy #foryou #skimboard #vibesdeaventura,1,339700,7,1648396793
571,7079927081903066373,2022-03-27,Anitta + Skim 🏆❤️🍇🇧🇷🤣 #fy #fyy #fyp #anitta #envolver #tiktokbr #skimboard,Anitta + Skim 🏆❤️🍇🇧🇷🤣 #fy #fyy #fyp #anitta #envolver #tiktokbr #skimboard,0,66400,23,1648423981
572,7080320694344518918,2022-03-29,Forget everything else 🍇🍯 #fy #fyy #fyp #foryou #surf #skate #skimboard #sports #epic,Esqueça tudo 🍇🍯 #fy #fyy #fyp #foryou #surf #skate #skimboard #sports #epic,1,1100000,7,1648515626
573,7080542036683721990,2022-03-29,Just playing @exileskimboards ❤️ #fy #fyy #fyp #foryou #skimboard #surf #waves #fun #beach #sports #ocean,Just playing @exileskimboards ❤️ #fy #fyy #fyp #foryou #skimboard #surf #waves #fun #beach #sports #ocean,0,55700,56,1648567161
574,7080660681392917765,2022-03-29,Blessed ✨🙌 #fy #fyy #fyp #foryou #VibesDeAventura #Yeah #skimboard #tiktokbr #viral #video,Blessed ✨🙌 #fy #fyy #fyp #foryou #VibesDeAventura #Yeah #skimboard #tiktokbr #viral #video,0,56800,14,1648594785
575,7081024704689097990,2022-03-30,Onde der noix marola 🤪 RITMIN #fy #fyy #fyp #foryou #challenge #fun #water #skimboard #skateboard #surfing,Onde der noix marola 🤪 RITMIN #fy #fyy #fyp #foryou #challenge #fun #water #skimboard #skateboard #surfing,0,1200000,11,1648679541
576,7082081706743762181,2022-04-02,POROROCA 💚 Catching a wave on a #skimboard in the middle of the Amazon 🇧🇷🤯 #fy #fyp #foryou #vocesabia #brasil #pororoca #surf #viral,POROROCA 💚 Pegando uma onda de #skimboard no meio da Amazônia 🇧🇷🤯 #fy #fyp #foryou #vocesabia #brasil #pororoca #surf #viral,1,70800,32,1648925643
577,7082335569434381574,2022-04-03,Another day catching waves in the middle of the Amazon River 🤩🇧🇷 #fy #fyy #fyp #foryou #amazonia #brasil #praias #river #skimboard #surfe,Mais um dia pegando onda no meio do Rio Amazonas 🤩🇧🇷 #fy #fyy #fyp #foryou #amazonia #brasil #praias #river #skimboard #surfe,1,80700,24,1648984750
578,7082543285901774085,2022-04-04,So crazy hahahaha 🤪😂 #fail #fy #fyp #wipeout #pororoca #waves #epic #fun,Que loucura kkkkkk 🤪😂 #fail #fy #fyp #wipeout #pororoca #waves #epic #fun,1,57400,31,1649033113
579,7083164902881299718,2022-04-05,Riding the Pororoca on a #skimboard was insane 🤩 #fy #fyy #fyp #foryou #epic #worldrecord #waves #amazon #tiktokbr #viral #pov,Pororoca de #skimboard foi muito brabo 🤩 #fy #fyy #fyp #foryou #epic #worldrecord #waves #amazon #tiktokbr #viral #pov,1,283500,38,1649177844
580,7083566390363344134,2022-04-06,Still can’t believe I surfed in the Amazon River 🇧🇷🤯 #fy #fyp #fyy #surf #pororoca #tidalbore #surfing #waves #weirdwaves,Still can’t believe I surfed in the Amazon River 🇧🇷🤯 #fy #fyp #fyy #surf #pororoca #tidalbore #surfing #waves #weirdwaves,0,264900,23,1649271323
581,7083570725059087621,2022-04-06,"#POV Rough one on the Pororoca, got left behind in the middle of the Amazon River 🤯 #fy #fyy #fyp #viral #fail #sos #saga #history","#POV Perrengue na Pororoca, fiquei esquecido no meio do Rio Amazonas 🤯 #fy #fyy #fyp #viral #fail #sos #saga #history",1,189500,59,1649272332
582,7083809910374272261,2022-04-07,Quick #skimboarding session at home 🏡❤️ @exileskimboards @redbullbr #fy #fyy #fyp #foryou #action #compilation #waves #sports #skimboard #surfskate #surf #skate,Quick #skimboarding session at home 🏡❤️ @exileskimboards @redbullbr #fy #fyy #fyp #foryou #action #compilation #waves #sports #skimboard #surfskate #surf #skate,0,19500,58,1649328023
583,7083943830269021446,2022-04-07,Send it up 🚀 @redbullbr @@mormaii_oficial #fy #fyy #fyp #epic #trick #viral #surf #skate #skimboard,Joga pra cima 🚀 @redbullbr @@mormaii_oficial #fy #fyy #fyp #epic #trick #viral #surf #skate #skimboard,1,323300,5,1649359202
584,7084192572469480709,2022-04-08,👍😂 #skimboard #fy #fyp #foryou #fyy #skimboarding #viral #surfing #waves #beach #sports,👍😂 #skimboard #fy #fyp #foryou #fyy #skimboarding #viral #surfing #waves #beach #sports,0,33100,21,1649417117
585,7084397192164740358,2022-04-09,Skimzin tá tegah 🍇🍯 #fy #fyy #fyp #mcpoze #trapbr #skimboard #surf #sports,Skimzin tá tegah 🍇🍯 #fy #fyy #fyp #mcpoze #trapbr #skimboard #surf #sports,0,8776,13,1649464759
586,7084668502304509189,2022-04-09,Wow 🤩 #fy #fyy #fyp #foryou #viral #tiktokbr #riodejaneiro #skimboard #surf #surfing #waves #beach,Wow 🤩 #fy #fyy #fyp #foryou #viral #tiktokbr #riodejaneiro #skimboard #surf #surfing #waves #beach,0,155400,8,1649527928
587,7084947833656184069,2022-04-10,Damn this synced up so well with the music #fyy #fyyy #fyp #fy #foryou #viral #skimboard #skills #surf #skate,Carai ficou muito sincronizado com a música #fyy #fyyy #fyp #fy #foryou #viral #skimboard #skills #surf #skate,1,32900,10,1649592966
588,7085174634236153093,2022-04-11,Big wave skimboarding 🔥🏆💣 #fy #fyy #fyp #foryou #surf #surfing #surfe #skimboard #skimboarding #waves #ocean,Big wave skimboarding 🔥🏆💣 #fy #fyy #fyp #foryou #surf #surfing #surfe #skimboard #skimboarding #waves #ocean,0,445900,32,1649645772
589,7085409444900736262,2022-04-11,⚡️ 🌩 #fyy ##fypシ #fypシ゚viral,⚡️ 🌩 #fyy ##fypシ #fypシ゚viral,0,97000,9,1649700442
590,7085714672980200710,2022-04-12,Pega esses tricks 🔥 @FURIA tipo videogame 🕹 #fypシ #fypシ゚viral #fyy #fy #fyyy #surfing #skate #skimboard #games,Pega esses tricks 🔥 @FURIA tipo videogame 🕹 #fypシ #fypシ゚viral #fyy #fy #fyyy #surfing #skate #skimboard #games,0,42800,10,1649771509
591,7086071552516607237,2022-04-13,Reply to @lionff9 Biggest wave ever ridden on a #Skimboard ?! 🤯 @exileskimboards #fypシ #fy #fyy #surfing #waves #epic,Responder @lionff9 Maior onda já surfada de #Skimboard ?! 🤯 @exileskimboards #fypシ #fy #fyy #surfing #waves #epic,1,108700,15,1649854602
592,7086453108959923462,2022-04-14,I'm counting on you all for help 🥶 #fypシ #fypシ゚viral #fy #foryou #fyy #surfing #skimboarding #viral #skimboard #skate #beach #sports #tricks #edit,Conto com a ajuda de vocês 🥶 #fypシ #fypシ゚viral #fy #foryou #fyy #surfing #skimboarding #viral #skimboard #skate #beach #sports #tricks #edit,1,18600,21,1649943440
593,7088776250273058054,2022-04-20,Training never stops 💪🔥 #fy #fyp #skimboard #skimboarding #surfing #action #sports #training #practice,Seguem os treinos 💪🔥 #fy #fyp #skimboard #skimboarding #surfing #action #sports #training #practice,1,13000,58,1650484338
594,7089120934186978566,2022-04-21,This is the only dance move I know 🙃🤣 #fypシ #fypシ゚viral #l7nnon #desenrolabatejogadeladinho #skimboard #praia #surf #surfing #surfista,Passinho eu só sei esse 🙃🤣 #fypシ #fypシ゚viral #l7nnon #desenrolabatejogadeladinho #skimboard #praia #surf #surfing #surfista,1,20400,7,1650564591
595,7089415245378096389,2022-04-22,Hot little blondie who rides a skim 🤣🤣🤣 #fyp #fy #fyy #foryou #skimboard #skimboarding #surf #skate #matue #trapbr #tiktokbr,Lorinho gostoso que anda de skim 🤣🤣🤣 #fyp #fy #fyy #foryou #skimboard #skimboarding #surf #skate #matue #trapbr #tiktokbr,1,62300,11,1650633117
596,7089477612292099333,2022-04-22,Little mike 🛹🤩 #fy #fyp #foryou #fyy #kekel #naoerapragostar #aleatorio #dog #skate,Little mike 🛹🤩 #fy #fyp #foryou #fyy #kekel #naoerapragostar #aleatorio #dog #skate,0,68900,17,1650647637
597,7089790544100052229,2022-04-23,Fluent English 🤣 commentary by @Valdeir Rocha the genius 🙌 #fypシ #surf #skimboard #wsl #surfing #fun #viral #epic #fail,Inglês fluente 🤣 narração do @Valdeir Rocha gênio 🙌 #fypシ #surf #skimboard #wsl #surfing #fun #viral #epic #fail,1,72900,37,1650720499
598,7090628599845227781,2022-04-25,#POV when a 10+ meter wave breaks right on top of you ☠️ #EsseSouEu #TikTokBr #Fail #Epic #Viral #fypシ #fy #fyy,#POV quando uma onda de mais de 10 metros quebra em cima de você ☠️ #EsseSouEu #TikTokBr #Fail #Epic #Viral #fypシ #fy #fyy,1,100900,20,1650915622
599,7091374476692032773,2022-04-27,I can't live without this ❤️🙏 #skimboard #fypシ #fypシ゚viral #fyy #foryou #surfing #tiktokbr #explore #surfista #simplesmenteela,Não consigo viver sem isso ❤️🙏 #skimboard #fypシ #fypシ゚viral #fyy #foryou #surfing #tiktokbr #explore #surfista #simplesmenteela,1,73100,16,1651089286
600,7091691408939044102,2022-04-28,#Skimboard is like that 🔥 out and back 🥵 #fyp #fyy #foryou #explore #esporte #praia #riodejaneiro #funk #tiktokbr,#Skimboard é assim 🔥 vai e volta 🥵 #fyp #fyy #foryou #explore #esporte #praia #riodejaneiro #funk #tiktokbr,1,57100,21,1651163077
601,7092101250006650118,2022-04-29,That late afternoon session ✨🔥🥵❤️ #fyp #fy #fyy #surfing #skimboard #skate #praia #sunset #riodejaneiro,Aquela session final de tarde ✨🔥🥵❤️ #fyp #fy #fyy #surfing #skimboard #skate #praia #sunset #riodejaneiro,1,17600,14,1651258500
602,7092329317694295302,2022-04-30,Skimboard aka water skateboarding aka my video game 🕹 #fy #fyp #foryou #fyy #tricks #skills #skate #surf #skimboard #Totinos425,Skimboard vulgo skate aquático também conhecido como meu videogame 🕹 #fy #fyp #foryou #fyy #tricks #skills #skate #surf #skimboard #Totinos425,1,16600,18,1651311603
603,7093354240827084038,2022-05-03,Best feeling ever ❤️ @exileskimboards #surfing #surf #skimboard #skim #skimboarding #barrel #waves,Best feeling ever ❤️ @exileskimboards #surfing #surf #skimboard #skim #skimboarding #barrel #waves,0,54000,11,1651550240
604,7093355282193042694,2022-05-03,Skimboards were not built for this but they work fine @exileskimboards 🤝🔥 #fypシ #surfing #surf #barrel #waves #epic #skills #hectic #skimboard #skimboarding,Skimboards were not built for this but they work fine @exileskimboards 🤝🔥 #fypシ #surfing #surf #barrel #waves #epic #skills #hectic #skimboard #skimboarding,0,64500,15,1651550483
605,7093578639232535813,2022-05-03,What kind of wave was that 🤯😱 #fypシ #fypシ゚viral #fyy #foryou #explore #waves #surf #skimboard #blue,Que onda foi essa 🤯😱 #fypシ #fypシ゚viral #fyy #foryou #explore #waves #surf #skimboard #blue,1,72500,21,1651602482
606,7094005372410760453,2022-05-04,Playing hide and seek 🤪 Big #skimboard barrel 🔥 #fyp #surf #barrel #trick #skills #fyy #wave #epic,Brincando de pique esconde 🤪 Tubão de #skimboard 🔥 #fyp #surf #barrel #trick #skills #fyy #wave #epic,1,138800,7,1651701844
607,7094230605184978182,2022-05-05,What's your score for this wave? 💯🙏 @exileskimboards #fy #fyp #foryou #skimboard #skimboarding #skim #surf #skate #waves #tricks,Qual a nota dessa onda? 💯🙏 @exileskimboards #fy #fyp #foryou #skimboard #skimboarding #skim #surf #skate #waves #tricks,1,65900,10,1651754280
608,7094615655554583814,2022-05-06,Another beautiful wave rolling through your timeline 🙅‍♂️ #fypシ゚viral #fypdongggggggg #fyppppppppppppppppppppppp #skimboard #surf #skate #wave #ocean #barrel,Mais uma onda linda passando na sua timeline 🙅‍♂️ #fypシ゚viral #fypdongggggggg #fyppppppppppppppppppppppp #skimboard #surf #skate #wave #ocean #barrel,1,79200,9,1651843932
609,7094654141565357318,2022-05-06,It'd be funny if it wasn't tragic 🤣😭 #esseaisoueu #fail #wipeout #fy #fyy #fyyy #fyp #foryou #tiktokbr,Seria engraçado se não fosse trágico 🤣😭 #esseaisoueu #fail #wipeout #fy #fyy #fyyy #fyp #foryou #tiktokbr,1,62200,8,1651852892
610,7095052155245038853,2022-05-07,Skimboard is easy 😂🤪 #tutorial #howto #skimboard #surfing #waves #epic #fun #fypシ゚viral #fy #fyp,Skimboard é moleza 😂🤪 #tutorial #howto #skimboard #surfing #waves #epic #fun #fypシ゚viral #fy #fyp,1,129500,12,1651945561
611,7095358179529231622,2022-05-08,Wings For Life World Run 2022 🤩 @redbullbr #fy #fyy #fyp #run #running #corrida #sports #health #action,Wings For Life World Run 2022 🤩 @redbullbr #fy #fyy #fyp #run #running #corrida #sports #health #action,0,521200,9,1652016813
612,7095546496908676357,2022-05-09,This is the #WingsForLifeWorldRun vibe ❤️ Running for those who can't 🏃‍♂️ @redbullbr #fy #fyy #fyp #run #running #lifestyle #vibes #redbull,Essa a vibe da #WingsForLifeWorldRun ❤️ Correndo por aqueles que ainda não podem 🏃‍♂️ @redbullbr #fy #fyy #fyp #run #running #lifestyle #vibes #redbull,1,47700,16,1652060663
613,7095762212626713862,2022-05-09,I turned into a cartoon 🤩 #fy #fyy #fyp #foryou #viral #drawing #draw #desenho #art #skimboard #surf #waves,Eu virei um desenho animado 🤩 #fy #fyy #fyp #foryou #viral #drawing #draw #desenho #art #skimboard #surf #waves,1,60900,15,1652110884
614,7096071998115253510,2022-05-10,Ah damn 🤪 #fypシ #fypシ゚viral #skimboard #surf #skate #funk #tiktokbr #viral,Ai droga 🤪 #fypシ #fypシ゚viral #skimboard #surf #skate #funk #tiktokbr #viral,1,92100,15,1652183014
615,7096502932832603398,2022-05-11,So crazy 🤪🤣 #fyp #fypシ゚viral #fy #fail #wipeout #skimboard #esporte #praia #onda #viral,Que loucura 🤪🤣 #fyp #fypシ゚viral #fy #fail #wipeout #skimboard #esporte #praia #onda #viral,1,87300,10,1652283348
616,7096651208953187590,2022-05-12,Late night session 💡⚡️🌜#fy #fyp #foryou #viral #skimboard #surf #night #explore,Rolézinho noturno 💡⚡️🌜#fy #fyp #foryou #viral #skimboard #surf #night #explore,1,63700,13,1652317871
617,7096916124993883397,2022-05-12,Ate it on the skimboard as always 🤪 #fy #fyy #foryou #fyp #skimboard #skim #surf #waves #viral #tiktokbr,Piei de skimboard como sempre 🤪 #fy #fyy #foryou #fyp #skimboard #skim #surf #waves #viral #tiktokbr,1,57100,12,1652379550
618,7097249034116533510,2022-05-13,I only go out at night if it's like this 🤪⚡️ #fyp #foryou #fyy #night #sextou #festa #party #skimboard #praia,Só dou rolé a noite se for assim 🤪⚡️ #fyp #foryou #fyy #night #sextou #festa #party #skimboard #praia,1,70600,14,1652457062
619,7098182613545798918,2022-05-16,"We're back and I missed this so much #BoraTime❤️🔥☄️🚀🚂💪🌟🏆🍀♻️I was missing this, we are back 🇧🇷🏆 #fy #fyy #fyp #champion #campeao #skimboard #brasil","Estamos de volta e eu estava com saudades #BoraTime❤️🔥☄️🚀🚂💪🌟🏆🍀♻️I was missing this, we are back 🇧🇷🏆 #fy #fyy #fyp #champion #campeao #skimboard #brasil",1,78300,9,1652674430
620,7098439165913730309,2022-05-16,The crowd went nuts 🤪 #fy #fyy #fyp #foryou #fypシ゚viral #fypシ #skimboard #surf #skate #campeonato #tiktokbr,A galera ficou maluca 🤪 #fy #fyy #fyp #foryou #fypシ゚viral #fypシ #skimboard #surf #skate #campeonato #tiktokbr,1,210000,15,1652734162
621,7098446001303719174,2022-05-16,What score would you give these tricks?! #fypシ゚viral #fypシ #fyy #foryou #skimboard #surf #skate #campeonato,Qual nota você daria pra essas manobras?! #fypシ゚viral #fypシ #fyy #foryou #skimboard #surf #skate #campeonato,1,463800,7,1652735753
622,7098840935953386758,2022-05-17,Today's surf was with this crew 🤩 @redbullbr #fy #fyy #fyp #foryou #skimboard #surf #skate #lendas #bbb #trap #musica,Hoje o surf foi com essa galerinha aí 🤩 @redbullbr #fy #fyy #fyp #foryou #skimboard #surf #skate #lendas #bbb #trap #musica,1,19400,15,1652827707
623,7098862040420191494,2022-05-18,This shot came out so sick 🤩 #fy #fyy #foryou #fypシ #aviao #wavepool #malvadao #skimboard #surf #skate #praia #saopaulo,Essa imagem ficou muito irada 🤩 #fy #fyy #foryou #fypシ #aviao #wavepool #malvadao #skimboard #surf #skate #praia #saopaulo,1,84300,13,1652832621
624,7099186108986117381,2022-05-18,Straight up paradise 🙌💙 Thanks @redbullbr for the invite! #fy #fyy #fyp #wavepool #paradise #redbull #surf #surfing,Papo de paraíso mesmo 🙌💙 Obrigado @redbullbr pelo convite! #fy #fyy #fyp #wavepool #paradise #redbull #surf #surfing,1,82800,17,1652908073
625,7099523219337596166,2022-05-19,Hey skimboarder 🤪 #fy #fyp #foryou #surfing #surf #skate #surfe #skim #skimboard #fyy,Hey skimboarder 🤪 #fy #fyp #foryou #surfing #surf #skate #surfe #skim #skimboard #fyy,0,79900,18,1652986563
626,7099532531309022469,2022-05-19,That’s a crazy wave 🔥 #fy #fyp #fyy #foryou #cominginhot #surfing #surf #skate #skimboard,That’s a crazy wave 🔥 #fy #fyp #fyy #foryou #cominginhot #surfing #surf #skate #skimboard,0,20100,13,1652988730
627,7099617643266624769,2022-05-20,So classic 🥶 #classicalmusic #surf #surfing #bigwaves #ocean #power #art #lifestyle,So classic 🥶 #classicalmusic #surf #surfing #bigwaves #ocean #power #art #lifestyle,0,56200,39,1653008546
628,7099846846268312837,2022-05-20,"So, would you go?! 🥶 #surfing #surfe #aventura #coragem #bigwaves #oceano #ressaca #skimboard",E aí você iria?! 🥶 #surfing #surfe #aventura #coragem #bigwaves #oceano #ressaca #skimboard,1,103200,38,1653061913
629,7100231552885411077,2022-05-21,My dream 🎮🕹 @FURIA @redbullbr 🤩🔥 Video by @JOTA 💪 #videogame #games #athletesoftiktok #skimboard #surf #gaming #gamingontiktok,Meu sonho 🎮🕹 @FURIA @redbullbr 🤩🔥 Video by @JOTA 💪 #videogame #games #athletesoftiktok #skimboard #surf #gaming #gamingontiktok,1,7179,30,1653151484
630,7100591083771546885,2022-05-22,I love this 🔥❤️🚀 #vaiprofycaramba #vaiprofyinferno #skimboard #surf #surfing #campeonato #campeao #tiktokbr #viral,Gosto muito 🔥❤️🚀 #vaiprofycaramba #vaiprofyinferno #skimboard #surf #surfing #campeonato #campeao #tiktokbr #viral,1,46300,11,1653235195
631,7101570811672218886,2022-05-25,Surfing a wave on a river in Austria 🇦🇹😱 Riding a wave in the middle of a river 🏄‍♂️🌊 #fyp #fyy #foryou #nature #surf #surfing #europe #river #austria #viral,Surfing a wave on a river in Austria 🇦🇹😱 Surfando uma onda no meio de um rio 🏄‍♂️🌊 #fyp #fyy #foryou #nature #surf #surfing #europe #river #austria #viral,1,48200,18,1653463308
632,7101809798219451653,2022-05-25,"If he posted it, he's alive 🤣 #fy #fyp #foryou #vaiprofyinferno #viral #fail #tiktok #rio #surf #ondas #loucura",Se postou é porque tá vivo 🤣 #fy #fyp #foryou #vaiprofyinferno #viral #fail #tiktok #rio #surf #ondas #loucura,1,21400,13,1653518949
633,7102066103928573190,2022-05-26,Living it up in Austria 🇦🇹❤️ Thank you @redbullbr for this incredible experience! #fyp #foryou #travel #work #business #lifestyle #trip #redbull #austria #europe,Vivências na Austria 🇦🇹❤️ Obrigado @redbullbr por essa experiência incrível! #fyp #foryou #travel #work #business #lifestyle #trip #redbull #austria #europe,1,8291,90,1653578625
634,7102424933904518405,2022-05-27,First time doing motorized surfing 🏄‍♂️🚀 Look what happened at the end hahaha 🤪🤣 #fy #fyp #vaiprofycaramba #fail #epic #tiktoker #viral #lifestyle #surf #motors #sports,Primeira vez fazendo surf motorizado 🏄‍♂️🚀 Olha o que aconteceu no final kkkk 🤪🤣 #fy #fyp #vaiprofycaramba #fail #epic #tiktoker #viral #lifestyle #surf #motors #sports,1,58900,24,1653662171
635,7103477181556247813,2022-05-30,Don't try this at home kids 🤪 @Adrien Raza #skimboard #skimboarding #skate #surf #tiktokportugal #europe #shopping #havefun #skills,Não façam isso em casa crianças 🤪 @Adrien Raza #skimboard #skimboarding #skate #surf #tiktokportugal #europe #shopping #havefun #skills,1,105700,12,1653907169
636,7103639718109203717,2022-05-30,Last night's night ride 🌃🏄‍♂️ what's this sport even called?! #skate #surf #skim #skimboard #urban #city #streets #slide #downhill,Rolézinho noturno de ontem 🌃🏄‍♂️ qual o nome desse esporte?! #skate #surf #skim #skimboard #urban #city #streets #slide #downhill,1,109700,10,1653945010
637,7103969802963766533,2022-05-31,True friendship 🤣 #friends #fun #cominginhot #fail #epic #viral #skimboard,True friendship 🤣 #friends #fun #cominginhot #fail #epic #viral #skimboard,0,1200000,8,1654021865
638,7104026235336019206,2022-05-31,Is this the little move everyone keeps talking about? 🤪🤣 #jogadinha #tiktoker #surf #skim #skate #passinho #epic #skills,Essa é a tal da jogadinha que tanto falam? 🤪🤣 #jogadinha #tiktoker #surf #skim #skate #passinho #epic #skills,1,424500,11,1654035004
639,7104433003169942790,2022-06-02,What a beauty 💙🤪 #fypシ #foryoupage #fyy #skimboard #surf #skate #praia #verao #surfista #tiktoker #viral,Que belezinha 💙🤪 #fypシ #foryoupage #fyy #skimboard #surf #skate #praia #verao #surfista #tiktoker #viral,1,48300,15,1654129714
640,7104439752841088261,2022-06-02,First time I've ever done this in my life 🤩 #AMusicaQueSalvaria #strangerthings #movie #life #skate #street #skimboard,Primeira vez que faço isso na vida 🤩 #AMusicaQueSalvaria #strangerthings #movie #life #skate #street #skimboard,1,75500,14,1654131286
641,7104601981288729861,2022-06-02,That one was gnarly ☠️🤯 #fail #wipeout #queda #caiu #machucou #skimboard #corrida #surf #meudeus,Essa foi sinistra ☠️🤯 #fail #wipeout #queda #caiu #machucou #skimboard #corrida #surf #meudeus,1,97600,8,1654169056
642,7104758701784878342,2022-06-02,Classic be right back 🤣#PepsiApplePieChallenge #fyp #fy #foryou #challenge,Famoso vou ali e já volto 🤣#PepsiApplePieChallenge #fyp #fy #foryou #challenge,1,90100,12,1654205545
643,7104959955504991494,2022-06-03,Reply to @.giyan_ Delivered! What else do you guys want to see? 🤪😘 #challenge #desafio #jogadinha #skimboard #surfista #responder,Responder @.giyan_ Tá entregue! O que mais vocês querem ver? 🤪😘 #challenge #desafio #jogadinha #skimboard #surfista #responder,1,96200,13,1654252403
644,7105091986826333446,2022-06-03,"Standing on the corner, saw these stairs and rode them down on a #skimboard 🤪 #maluco #funk #viral #skate #surf #cidade #marola #fy #fyp","Parado na esquina, vi essa escada e desci ela de #skimboard 🤪 #maluco #funk #viral #skate #surf #cidade #marola #fy #fyp",1,3300000,13,1654283144
645,7105413091822734597,2022-06-04,Reply to @emanuelladecamargo__ A true warrior 😂 #filming #skate #skimboard #iphone #videos #surfing #action #skills #run #PepsiApplePieChallenge,Responder @emanuelladecamargo__ Um verdadeiro guerreiro 😂 #filming #skate #skimboard #iphone #videos #surfing #action #skills #run #PepsiApplePieChallenge,1,2500000,9,1654357907
646,7106137276429634821,2022-06-06,Let's go 🤣 #fail #queda #praia #surf #skimboard #wipeout #shorebreak #maluco #surfista,Vambora 🤣 #fail #queda #praia #surf #skimboard #wipeout #shorebreak #maluco #surfista,1,323800,11,1654526519
647,7106261922143620357,2022-06-06,This is why I LOVE SKIMBOARDING ❤️ #skimboard #skim #surf #waves #barr #shorebreak #ocean #mothernature #meioambiente #diamundialdomeioambiente #natureza #lovers,This is why I LOVE SKIMBOARDING ❤️ #skimboard #skim #surf #waves #barr #shorebreak #ocean #mothernature #meioambiente #diamundialdomeioambiente #natureza #lovers,0,10700,10,1654555542
648,7106632057379360006,2022-06-07,Planned mistake 🤣 #sertanejo #praia #surfista #erroplanejado #fail #quase #sorte,Erro planejado 🤣 #sertanejo #praia #surfista #erroplanejado #fail #quase #sorte,1,898800,12,1654641720
649,7106807104844991749,2022-06-08,Which wave was the sickest ?? Comment below 🙌❤️ #skimboard #surf #surfing #funk #tiktokbr #natureza #meioambiente #praia #verao #portugal #europa,Qual onda foi mais legal ?? Comenta aí 🙌❤️ #skimboard #surf #surfing #funk #tiktokbr #natureza #meioambiente #praia #verao #portugal #europa,1,14500,10,1654682479
650,7107345647426194694,2022-06-09,All that matters is having fun 🤣😭 #fun #diversão #skimboard #surf #skate #praia #ondas #fail,O importante é se divertir 🤣😭 #fun #diversão #skimboard #surf #skate #praia #ondas #fail,1,77300,13,1654807866
651,7107742673523477766,2022-06-10,THAT ENERGY 🔥🚀 #campeonato #skimboard #naquelepique #surf #fy #fyp #contest #brasil,AQUELE PIQUE 🔥🚀 #campeonato #skimboard #naquelepique #surf #fy #fyp #contest #brasil,1,32900,10,1654900305
652,7108053520451964165,2022-06-11,So which one was the best?! Drop your scoreee 💪🏆 #campeonato #challenge #skimboard #contest #skimboarding #surf #surfingislife,E ai qual foi a melhor?! Solta a notaaaa 💪🏆 #campeonato #challenge #skimboard #contest #skimboarding #surf #surfingislife,1,15900,28,1654972680
653,7108892209398746374,2022-06-14,Day one of the Brazilian Skimboard Championship 💪🇧🇷 #skimboard #skimboarding #surfing #campeonato #brasileiro #ubatuba #sununga #surf #surfista #vlog,Primeiro dia de Campeonato Brasileiro de Skimboard 💪🇧🇷 #skimboard #skimboarding #surfing #campeonato #brasileiro #ubatuba #sununga #surf #surfista #vlog,1,7783,55,1655167954
654,7108892331813719302,2022-06-14,Day two of the Brazilian Skimboard Championship 💪🇧🇷 #skimboard #skimboarding #surfing #campeonato #brasileiro #ubatuba #sununga #surf #surfista #vlog,Segundo dia de Campeonato Brasileiro de Skimboard 💪🇧🇷 #skimboard #skimboarding #surfing #campeonato #brasileiro #ubatuba #sununga #surf #surfista #vlog,1,5680,59,1655167982
655,7108907195978272006,2022-06-14,When the board snaps 😭🤣🤪 #pov #historia #storytelling #skimboard #surf #prancha #surfista #praia #ondas #fail #fun,Quando a prancha quebra 😭🤣🤪 #pov #historia #storytelling #skimboard #surf #prancha #surfista #praia #ondas #fail #fun,1,106000,19,1655171443
656,7109161919197596934,2022-06-14,I love #skimboarding ❤️🚀 #fyp #heylover #waves #beach #surf #tricks #fun,I love #skimboarding ❤️🚀 #fyp #heylover #waves #beach #surf #tricks #fun,0,6916,9,1655230749
657,7109289645359287558,2022-06-15,Zuando meu dog kakakakaka 🐶🤣❤️ #reileao #lionking #movie #fun #dog #surf #surfing #doggy #pup,Zuando meu dog kakakakaka 🐶🤣❤️ #reileao #lionking #movie #fun #dog #surf #surfing #doggy #pup,0,13700,6,1655260494
658,7109455895158934790,2022-06-15,Getting my dog to ride a skim 🤣 #dog #cachorro #surf #skim #skimboard #forfun #brincadeira,Botando meu dog pra andar de skim 🤣 #dog #cachorro #surf #skim #skimboard #forfun #brincadeira,1,111700,5,1655299197
659,7109534440526744838,2022-06-15,That day was wild 🥶🥵 #storm #surf #surfing #crazy #waves #brasil #surfer #surfingislife,Esse dia tava louco 🥶🥵 #storm #surf #surfing #crazy #waves #brasil #surfer #surfingislife,1,41300,11,1655317482
660,7109981985744915717,2022-06-16,"What a beautiful day, just how I love it 🍀🏡💙🙌 #lifestyle #vibes #goodvibes #pov #life #skimboard #surfer #riodejaneiro #brasil",Que dia lindo do jeito que eu amo 🍀🏡💙🙌 #lifestyle #vibes #goodvibes #pov #life #skimboard #surfer #riodejaneiro #brasil,1,6847,32,1655421686
661,7110185766734564614,2022-06-17,It's a beauty 🍇 #skimboard #surf #praia #ondas #skate #strangerthings #passthedutchie #music #vibes #lifestyle,Tá uma uva 🍇 #skimboard #surf #praia #ondas #skate #strangerthings #passthedutchie #music #vibes #lifestyle,1,22700,9,1655469132
662,7110257456026094854,2022-06-17,One way then the other 🤩♻️ #TikTokDragSync #ArraialTikTok #GuyExe #Skimboard,Pra um lado e pro outro 🤩♻️ #TikTokDragSync #ArraialTikTok #GuyExe #Skimboard,1,69900,12,1655485823
663,7110583848827751685,2022-06-18,Look at this hottie @Re 😎 🤣 #fy #fyp #style #lifestyle #foryou #surfista #surfer #riodejaneiro,Ai que gato de @Re 😎 🤣 #fy #fyp #style #lifestyle #foryou #surfista #surfer #riodejaneiro,1,10600,9,1655561818
664,7110698077014609157,2022-06-18,Rolling up in style 🤩 #fyp #style #praia #surfista #surf #skimboard #riodejaneiro,Chegando com estilo 🤩 #fyp #style #praia #surfista #surf #skimboard #riodejaneiro,1,88400,8,1655588414
665,7110963198412508422,2022-06-19,SkimCria ❤️🖤 #foryou #fyp #bailedaserra #skimboard #surf #surfing #praia,SkimCria ❤️🖤 #foryou #fyp #bailedaserra #skimboard #surf #surfing #praia,1,91700,8,1655650142
666,7111137448746405126,2022-06-20,E essa vibe? 🤩 #fy #fyp #skimboard #surf #surfing #waves #ocean #vibes #lifestyle #beach,E essa vibe? 🤩 #fy #fyp #skimboard #surf #surfing #waves #ocean #vibes #lifestyle #beach,0,15600,42,1655690715
667,7111388810281258246,2022-06-20,Best #malvadao dance you've ever seen 🤣 #fyp #dancinha #malvadao3 #tiktokbrasil #cachorro,Melhor dancinha do #malvadao que vocês já viram 🤣 #fyp #dancinha #malvadao3 #tiktokbrasil #cachorro,1,7814,13,1655749237
668,7112085263576337670,2022-06-22,So many waves today 🌊 #skimboard #surf #esporte #ondas #praia #mar #oceano #tujaparouprapensar #tiktokbrasil,Hoje deu muita onda 🌊 #skimboard #surf #esporte #ondas #praia #mar #oceano #tujaparouprapensar #tiktokbrasil,1,258800,29,1655911396
669,7112603111046335749,2022-06-24,I love these songs from @TikTok Brasil 🇧🇷❤️🤪 #funk #fyp #decria #skimboard #surf #viral,Eu amo essas musicas do @TikTok Brasil 🇧🇷❤️🤪 #funk #fyp #decria #skimboard #surf #viral,1,19900,20,1656031966
670,7112800384569199877,2022-06-24,Oh yeah yeah yeah 🤣 #skimboard #skimboarding #california #santacruz #surfing #surf #waves #fun,Oh yeah yeah yeah 🤣 #skimboard #skimboarding #california #santacruz #surfing #surf #waves #fun,0,12800,13,1656077896
671,7113951820803869958,2022-06-27,And that's how I won the first stop of the #Skimboard World Tour 🏆🌎 #boratime #bailenomorro #funk #tiktok #viral #fyp,E assim eu fui campeão da primeira etapa do Circuito Mundial de #Skimboard 🏆🌎 #boratime #bailenomorro #funk #tiktok #viral #fyp,1,65300,12,1656345987
672,7113954107685195013,2022-06-27,One more wave from the #Skimboard World Championship 🏆🌎 #fyp #skimboarding #contest #vibes #sunset #waves #ocean,Mais uma onda do Campeonato Mundial de #Skimboard 🏆🌎 #fyp #skimboarding #contest #vibes #sunset #waves #ocean,1,19800,10,1656346517
673,7114107789949160710,2022-06-28,🏆 1st stop of the United Skim Tour ✅ #skimboarding #california #worldchampion #cap #viral #surfing #competition,🏆 1st stop of the United Skim Tour ✅ #skimboarding #california #worldchampion #cap #viral #surfing #competition,0,18300,13,1656382304
674,7114886431222385925,2022-06-30,Always all the way up 🚀 📈 Fpv work by @Paddy Mack #drone #fpv #skimboard #surfing #waves #allthewayup #epic #viral,Always all the way up 🚀 📈 Fpv work by @Paddy Mack #drone #fpv #skimboard #surfing #waves #allthewayup #epic #viral,0,11300,12,1656563597
675,7115993877382843654,2022-07-03,Geo Bryan doing his thing 🔥 #skimboarding #sunset #surf #vibes #summer #beach #skills,Geo Bryan doing his thing 🔥 #skimboarding #sunset #surf #vibes #summer #beach #skills,0,117900,11,1656821446
676,7116371013234855173,2022-07-04,This is just so fun 🤩 @Exile Skimboards #skimboarding #fun #california #thewedge #epicwaves #surfing #barrel,This is just so fun 🤩 @Exile Skimboards #skimboarding #fun #california #thewedge #epicwaves #surfing #barrel,0,172900,17,1656909253
677,7117116174600506629,2022-07-06,They inspire me so much ❤️ #kids #groms #skimboarding #surfing #life #cute #love,They inspire me so much ❤️ #kids #groms #skimboarding #surfing #life #cute #love,0,107000,57,1657082749
678,7117745329297952006,2022-07-07,#Reverso no skim 🤣 #skimboard #tiktok #viral #surfing #effects #fun,#Reverso no skim 🤣 #skimboard #tiktok #viral #surfing #effects #fun,0,27600,10,1657229229
679,7117862974701800709,2022-07-08,My dream is @Casimiro Miguel reacting to a #skimboard video 🤣 #casimiro #react #fun #viral,Meu sonho é o @Casimiro Miguel reagir a um vídeo de #skimboard 🤣 #casimiro #react #fun #viral,1,33000,16,1657256626
680,7118244980614860038,2022-07-09,I love watching the little kids #skimboarding 😍 @exileskimboards #skim #surf #surfinglife #beach #groms #california,I love watching the little kids #skimboarding 😍 @exileskimboards #skim #surf #surfinglife #beach #groms #california,0,30500,25,1657345570
681,7118547003176504582,2022-07-10,@SoLagLocal with the epic drone clip 🔥 #fyp #foryou #skimboarding #surfing #waves #ocean #drone #tiktokviral #topoff,@SoLagLocal with the epic drone clip 🔥 #fyp #foryou #skimboarding #surfing #waves #ocean #drone #tiktokviral #topoff,0,14000000,16,1657415886
682,7118771470754385157,2022-07-10,This is so satisfying 🤤 📹: @BEEFS TV #fyp #foryou #aesthetic #chill #viral #skimboard #skimboarding #waves #surfing #california #surf #vibes,This is so satisfying 🤤 📹: @BEEFS TV #fyp #foryou #aesthetic #chill #viral #skimboard #skimboarding #waves #surfing #california #surf #vibes,0,28800,15,1657468146
683,7119187005631679750,2022-07-11,This is Brazil 🇧🇷😂 📹: @solaglocal #fyp #foryou #tiktok #tiktokbr #brazil #brasil #funk #surfista #skimboard,This is Brazil 🇧🇷😂 📹: @solaglocal #fyp #foryou #tiktok #tiktokbr #brazil #brasil #funk #surfista #skimboard,0,93500,14,1657564895
684,7120249886624189701,2022-07-14,Have you ever seen this? 🐬🏄‍♂️🌊🚤🌅🔥✨ #fyp #fyy #dolphins #nature #surfing #boat #wakesurfing #california #sunset,Have you ever seen this? 🐬🏄‍♂️🌊🚤🌅🔥✨ #fyp #fyy #dolphins #nature #surfing #boat #wakesurfing #california #sunset,0,12500,16,1657812368
685,7120381171044863237,2022-07-14,Welcome to @exileskimboards ❤️#skimboarding #skim #skimboard #boards #review #tour #pov #tips,Welcome to @exileskimboards ❤️#skimboarding #skim #skimboard #boards #review #tour #pov #tips,0,71500,29,1657842937
686,7121545686809660677,2022-07-18,Sorry for being away I was competing 🙏❤️ Desculpa o sumiço estava competindo 🏆 #skimboarding #worldchampion #followyourdreams,Sorry for being away I was competing 🙏❤️ Desculpa o sumiço estava competindo 🏆 #skimboarding #worldchampion #followyourdreams,0,867500,7,1658114075
687,7121779308489673990,2022-07-18,Buzzer beater on the final 🔥 That perfect 10 in the world championship final 🇧🇷🏆 #fy #fyp #foryou #skimboarding #skimboard #surfing #surf #worldchamp #champ,Buzzer beater on the final 🔥 Aquela nota 10 na final do campeonato mundial 🇧🇷🏆 #fy #fyp #foryou #skimboarding #skimboard #surfing #surf #worldchamp #champ,1,71600,8,1658168463
688,7122477473312378118,2022-07-20,Videogame vibes 🎮 🕹 @FURIA #fyp #fy #fyy #surfing #surf #skimboard #skimboarding #videogame #supermario #furia,Pique videogame 🎮 🕹 @FURIA #fyp #fy #fyy #surfing #surf #skimboard #skimboarding #videogame #supermario #furia,1,76600,7,1658331018
689,7122898384444230917,2022-07-21,When the contest gets big waves 🤤🤤🤤 #skimboard #ondas #praia #surf #skimboarding #fyp #fypage #fy,Quando o campeonato tem altas ondas 🤤🤤🤤 #skimboard #ondas #praia #surf #skimboarding #fyp #fypage #fy,1,172300,9,1658429019
690,7122944129423674629,2022-07-21,Best day ever? 🤯 Best day of my life? @Red Bull Brasil @furia @exileskimboards #fyp #fyy #fy #skimboarding #insane #surfing #sendit,Melhor dia da vida? 🤯 Best day of my life? @Red Bull Brasil @furia @exileskimboards #fyp #fyy #fy #skimboarding #insane #surfing #sendit,1,97500,13,1658439670
691,7123291495003704581,2022-07-22,Stop 1 of the world championship ❤️🔥☄️🚀🚂💪🌟🏆🍀♻️🇧🇷🌎🐺🥷 #boratime #skimboard #campeao #surfe #fy #fyy #fyp,1ª etapa do campeonato mundial ❤️🔥☄️🚀🚂💪🌟🏆🍀♻️🇧🇷🌎🐺🥷 #boratime #skimboard #campeao #surfe #fy #fyy #fyp,1,9705,58,1658520547
692,7124741850736577797,2022-07-26,These waves make me suffer for love 😅😅😅😅 #fyp #fy #fyy #viral #surf #surfista #ondas #epico #tiktokbr,Essas ondas me fazem sofrer por amor 😅😅😅😅 #fyp #fy #fyy #viral #surf #surfista #ondas #epico #tiktokbr,1,60700,20,1658858235
693,7125075987670240517,2022-07-27,🤣🤣🐶🐶 he plays so hard #jackrussel #dog #cachorro #fun #brincadeira #diversão,🤣🤣🐶🐶 brinca muito #jackrussel #dog #cachorro #fun #brincadeira #diversão,1,13600,4,1658936031
694,7125077685218626821,2022-07-27,Did a podcast for the first time in my life 🤩 Thanks @evermart for the invite to be on #EverCast 🎙 #TáEeever #Evermart #Podcast #Resenha,Participei de um Podcast pela primeira vez na vida 🤩 Obrigado @evermart pelo convite pra participar do #EverCast 🎙 #TáEeever #Evermart #Podcast #Resenha,1,9419,35,1658936427
695,7125534261477739781,2022-07-28,Best form 🇧🇷🏆 #fy #fyy #fyp #campeao #surf #skimboard #mundial #boratime,Melhor forma 🇧🇷🏆 #fy #fyy #fyp #campeao #surf #skimboard #mundial #boratime,1,684800,11,1659042732
696,7125881165881412869,2022-07-29,"@Iran Ferreira (Lai) pulls up at the bowling alley, legend 🇧🇷❤️🤩🎳 #receba #boliche #bowling #luvadepedreiro",@Iran Ferreira (Lai) brota no boliche ídolo 🇧🇷❤️🤩🎳 #receba #boliche #bowling #luvadepedreiro,1,12100,13,1659123502
697,7126905783823977734,2022-08-01,So crazyyyyy 🚀 #aipreto #l7nnon #skimboarding #skimboard #bigwaves #itacoatiara #niteroi #riodejaneiro #surf #surfista #maluco,Que loucuraaaaa 🚀 #aipreto #l7nnon #skimboarding #skimboard #bigwaves #itacoatiara #niteroi #riodejaneiro #surf #surfista #maluco,1,150400,20,1659362066
698,7127388615914622213,2022-08-02,One more little wave from the weekend 🍇🍯 📹 @Yunes Khader #surf #surfing #itacoatiara #niteroi #riodejaneiro #skimboard #bigwave,Mais uma ondinha do final de semana 🍇🍯 📹 @Yunes Khader #surf #surfing #itacoatiara #niteroi #riodejaneiro #skimboard #bigwave,1,12100,11,1659474482
699,7127763941765287173,2022-08-03,It’s a vibe ✨ Edit by @Devin 📹#boratime ❤️🔥☄️🚀🚂💪🌟🏆🍀♻️🇧🇷🌎🥷🥋 @#worlchampion #skimboarding #drake #jimmycooks #21savage #clip,It’s a vibe ✨ Edit by @Devin 📹#boratime ❤️🔥☄️🚀🚂💪🌟🏆🍀♻️🇧🇷🌎🥷🥋 @#worlchampion #skimboarding #drake #jimmycooks #21savage #clip,0,37900,62,1659561871
700,7128124815101267206,2022-08-04,I'm gonna commit to this 💪 #skills #fun #fail #fy #fyy #fyp #riodejaneiro #praia #surf,Vou investir nisso 💪 #skills #fun #fail #fy #fyy #fyp #riodejaneiro #praia #surf,1,19400,5,1659645893
701,7128184444757888261,2022-08-05,Sincronizado 👌 #skimboard #skimboarding #fy #fyp #fyyy #surf #skate #tricks #skills #drake #trap,Sincronizado 👌 #skimboard #skimboarding #fy #fyp #fyyy #surf #skate #tricks #skills #drake #trap,0,732000,8,1659659779
702,7128418481535601925,2022-08-05,Stop 2 of the Skimboard World Championship #boratime ❤️🔥☄️🚀🚂💪🌟🏆🍀♻️🇧🇷🌎🥷🥋 #skimboarding #champion #worldchamp #surfing #contest,2ª etapa do Campeonato Mundial de Skimboard #boratime ❤️🔥☄️🚀🚂💪🌟🏆🍀♻️🇧🇷🌎🥷🥋 #skimboarding #champion #worldchamp #surfing #contest,1,7280,65,1659714267
703,7129573131932519685,2022-08-08,"Come with me, I'll explain on the way 🤪 #fy #fyp #fyy #athletesoftiktok #skimboard #skimboarding #truquedemagica #magic #surfing #skateboard",Cola comigo no caminho eu te explico 🤪 #fy #fyp #fyy #athletesoftiktok #skimboard #skimboarding #truquedemagica #magic #surfing #skateboard,1,14100,11,1659983105
704,7129947636949355781,2022-08-09,Right & left ♻️ #athletesoftiktok #skimboard #riodejaneiro #fypシ #DesafioPLL #OPalcoETodoSeu,Direita & esquerda ♻️ #athletesoftiktok #skimboard #riodejaneiro #fypシ #DesafioPLL #OPalcoETodoSeu,1,57900,9,1660070300
705,7131111119556513030,2022-08-12,Training before another #Skimboard World Championship ❤️🔥☄️🚀🚂💪🌟🏆🍀♻️🇧🇷🌎🐺🥷 #boratime #skim #surfing #deweybeach #eastcoast #skimboarding,Treino antes de mais um Campeonato Mundial de #Skimboard ❤️🔥☄️🚀🚂💪🌟🏆🍀♻️🇧🇷🌎🐺🥷 #boratime #skim #surfing #deweybeach #eastcoast #skimboarding,1,6670,44,1660341196
706,7131121245201911045,2022-08-12,Skimboarding is ART 🖼 #fy #fyy #fyp #video #quality #skills #seacabo #crispy #satisfyingvideo #skimboard,Skimboarding is ART 🖼 #fy #fyy #fyp #video #quality #skills #seacabo #crispy #satisfyingvideo #skimboard,0,18700,9,1660343553
707,7131515377594502406,2022-08-14,Finals day tomorrow ❤️🔥☄️🚀🚂💪🌟🏆🍀♻️🇧🇷🌎🐺🥷 #boratime #skimboard #unitedstates #champion #worldchamp #letsgo,Algumas ondas durante a 3ª etapa do Campeonato Mundial // Finals day tomorrow ❤️🔥☄️🚀🚂💪🌟🏆🍀♻️🇧🇷🌎🐺🥷 #boratime #skimboard #unitedstates #champion #worldchamp #letsgo,1,6274,29,1660435320
708,7132504234909633798,2022-08-16,I just won the 3rd stop of United Skim Tour 🤩🏆 Champion of the 3rd stop of the Skimboard World Championship #skimboard #surfing #invincible #worldchampion #champ #winner #athletesoftiktok,I just won the 3rd stop of United Skim Tour 🤩🏆 Fui campeão da 3ª etapa do Campeonato Mundial de Skimboard #skimboard #surfing #invincible #worldchampion #champ #winner #athletesoftiktok,1,12900,10,1660665554
709,7132593557147323654,2022-08-16,Follow your dreams ✅ Do what you love ✅ Work hard ✅ Make it happen ✅ #fy #fyp #athlete #athletesoftiktok #highperformance #worldchampion #contest #vibes #skimboarding #surfing,Follow your dreams ✅ Do what you love ✅ Work hard ✅ Make it happen ✅ #fy #fyp #athlete #athletesoftiktok #highperformance #worldchampion #contest #vibes #skimboarding #surfing,0,118400,11,1660686352
710,7132600527556185349,2022-08-16,After contest party 🏆🎉❤️ That party after the contest 🤪 #party #backstage #skimboarding #lifestyle #havefun,After contest party 🏆🎉❤️ Aquela farra depois do campeonato 🤪 #party #backstage #skimboarding #lifestyle #havefun,1,5904,16,1660687975
711,7134744254890429702,2022-08-22,That vibe only California gives you 🤩😍 #Skimboard #SkimCria #Fy #Fyp #Sunset #California,Aquela vibe que só a California proporciona 🤩😍 #Skimboard #SkimCria #Fy #Fyp #Sunset #California,1,213700,8,1661187103
712,7135107902536207621,2022-08-23,Classic skimboarding session 🤩 #skimboard #california #fy #fyp #fyy #surfing #waves #skills #athletesoftiktok,Classic skimboarding session 🤩 #skimboard #california #fy #fyp #fyy #surfing #waves #skills #athletesoftiktok,0,5784,66,1661271770
713,7135333162338569478,2022-08-24,A lot going on 🔥 #skimboarding #skimboard #surfing #sports #california #fy #fyp #fyyyyyyyyyyyyyyyy,A lot going on 🔥 #skimboarding #skimboard #surfing #sports #california #fy #fyp #fyyyyyyyyyyyyyyyy,0,9780,8,1661324222
714,7136023181034409221,2022-08-26,Summer + Waves + Skimboarding = 🤩 #summer #vibes #lifestyle #viral #fypシ #fyyyyyy #skimboarding #shorebreak #waves,Summer + Waves + Skimboarding = 🤩 #summer #vibes #lifestyle #viral #fypシ #fyyyyyy #skimboarding #shorebreak #waves,0,11300,8,1661484880
715,7136217948879965445,2022-08-26,Feel the vibez 🚀 #flying #air #trick #skills #epic #sendit #surfing #skimboarding #sunset #california #viral #fypage,Feel the vibez 🚀 #flying #air #trick #skills #epic #sendit #surfing #skimboarding #sunset #california #viral #fypage,0,14400,6,1661530222
716,7136232467345722629,2022-08-26,SE ACABO 🤯 #skimboarding #surfing #surf #fail #wipeout #viral #seacabo #fy #fyp #fypシ #explore #sendit #athletesoftiktok,SE ACABO 🤯 #skimboarding #surfing #surf #fail #wipeout #viral #seacabo #fy #fyp #fypシ #explore #sendit #athletesoftiktok,0,56400,9,1661533602
717,7137402949180869893,2022-08-29,10 point ride? 🤩 Best wave of the contest #skimboarding #athletesoftiktok #surfing #waves #worldchampion #surf #ocean #insane #sendit #viral #fy #fyp,10 point ride? 🤩 Melhor onda do campeonato #skimboarding #athletesoftiktok #surfing #waves #worldchampion #surf #ocean #insane #sendit #viral #fy #fyp,1,74500,12,1661806129
718,7137480568651926790,2022-08-30,Another epic wave from the #Skimboard World Championship 🇧🇷🏆 #fypシ゚viral #fyp #tiktokbrasil #skimboarding #surfing,Mais uma onda épica durante o Campeonato Mundial de #Skimboard 🇧🇷🏆 #fypシ゚viral #fyp #tiktokbrasil #skimboarding #surfing,1,149300,15,1661824201
719,7137721501326920966,2022-08-30,Epic water shot by @solaglocal 🙌 #skimboarding #ocean #nature #doja #surfing #barrel #gopro #watersports,Epic water shot by @solaglocal 🙌 #skimboarding #ocean #nature #doja #surfing #barrel #gopro #watersports,0,1800000,13,1661880297
720,7137823843195833605,2022-08-31,First wave of the session 🙌 Primeira onda do dia 🤩 #vibin #surfing #skimboarding #epic #viral #fyp #foryou #explore,First wave of the session 🙌 Primeira onda do dia 🤩 #vibin #surfing #skimboarding #epic #viral #fyp #foryou #explore,0,808800,13,1661904125
721,7138056127853464837,2022-08-31,Best contest wave of my life 😍 captured by @SoLagLocal #fy #fyp #fyyy #skimboard #skimboarding #surfing #surf #waves #epic #shorebreak,Best contest wave of my life 😍 captured by @SoLagLocal #fy #fyp #fyyy #skimboard #skimboarding #surfing #surf #waves #epic #shorebreak,0,8976,15,1661958206
722,7138134861067406597,2022-08-31,Just for fun 😂 Just messing around 🤪 #fun #funny #zoeira #viral #skimboard #troll,Just for fun 😂 Só de kaô 🤪 #fun #funny #zoeira #viral #skimboard #troll,1,449700,10,1661976537
723,7138581230508985606,2022-09-02,Nothing like a contest with big waves rolling in 🤤 #skimboard #campeonato #contest #surfing #surf #waves #ocean #california,Nada como um campeonato rolando altas ondas 🤤 #skimboard #campeonato #contest #surfing #surf #waves #ocean #california,1,77800,9,1662080470
724,7138728271033732358,2022-09-02,Any little wave will do 🙌🤩 #fyp #fy #fypシ #skimboarding #surfing #waves #california #beach #waves #oceano #praia #sunset,Qualquer ondinha 🙌🤩 #fyp #fy #fypシ #skimboarding #surfing #waves #california #beach #waves #oceano #praia #sunset,1,11400,9,1662114705
725,7138877183270931717,2022-09-02,Another epic wave captured by @SoLagLocal #Skimboarding #Surfing #Barrel #Pov #Barrel #Wave #Ocean #LiveOutlandish #GoPro,Another epic wave captured by @SoLagLocal #Skimboarding #Surfing #Barrel #Pov #Barrel #Wave #Ocean #LiveOutlandish #GoPro,0,5112,13,1662149373
726,7139061709389466885,2022-09-03,Poetry in movement ✨ Poetry in motion 🤩 #visualz #lifestyle #trend #explore #fy #fyp #fyyyyyyyyyyyyyyyy #skimboarding #surfing #aerial #artsy,Poesia em movimento ✨ Poetry in motion 🤩 #visualz #lifestyle #trend #explore #fy #fyp #fyyyyyyyyyyyyyyyy #skimboarding #surfing #aerial #artsy,1,3952,8,1662192339
727,7139234198144994566,2022-09-03,Skimboard paradise 🤩 #skimboarding #surfing #skimboard #waves #ocean #paradise #lagunabeach #california #surf,Skimboard paradise 🤩 #skimboarding #surfing #skimboard #waves #ocean #paradise #lagunabeach #california #surf,0,27000,10,1662232498
728,7139298225340566789,2022-09-03,Happy to be back in Portugal 🇵🇹❤️ #fyp #foryou #pravoce #portugal #tiktokportugal #cascais #lisboa #skimboard #surf,Feliz de estar de volta em Portugal 🇵🇹❤️ #fyp #foryou #pravoce #portugal #tiktokportugal #cascais #lisboa #skimboard #surf,1,5371,6,1662247406
729,7139427772409056517,2022-09-04,Couple waves during the world championships of #skimboarding 🔥 #california #lagunabeach #surf #contest #waves #alisobeach,Couple waves during the world championships of #skimboarding 🔥 #california #lagunabeach #surf #contest #waves #alisobeach,0,12700,23,1662277572
730,7139627234356169989,2022-09-04,What did you think of this wave? 😱 #skimboarding #react #contest #wave #surfing #surf #ocean,O que você achou dessa onda? 😱 #skimboarding #react #contest #wave #surfing #surf #ocean,1,5458,8,1662324011
731,7140013862534794501,2022-09-05,Comment if you think so 😃 Comment if you agree 🙌 #satisfying #satisfyingvideo #satisfatório #skimboard #surf #ocean #calm #waves #viral,Comment if you think so 😃 Comenta se você concorda 🙌 #satisfying #satisfyingvideo #satisfatório #skimboard #surf #ocean #calm #waves #viral,1,6556,10,1662414031
732,7140194235814382853,2022-09-06,Skimboard na California 🥰 #fyp #fy #fyy #surfing #surfer #skimboarding #surfista #california #usa #tiktok,Skimboard na California 🥰 #fyp #fy #fyy #surfing #surfer #skimboarding #surfista #california #usa #tiktok,0,6088,6,1662456033
733,7140321254430575877,2022-09-06,Didn't even see it coming 😂 #fyp #fy #skimboard #fail #wipeout #quetirofoiesse #funny #viral,Nem vi de onde veio 😂 #fyp #fy #skimboard #fail #wipeout #quetirofoiesse #funny #viral,1,11400,5,1662485598
734,7140411202596818181,2022-09-06,Hopped on the trend 🥳 #fyp #fy #skimboarder #surfista #profissao #dowhatyoulove #trend,Trendzada 🥳 #fyp #fy #skimboarder #surfista #profissao #dowhatyoulove #trend,1,6952,6,1662506541
735,7140599331832270085,2022-09-07,Hyped for the next #skimboard contests 🔥💪 #contest #surfing #skimboarding #skills #highscore #epic #onfire,Ansioso pros próximos campeonatos de #skimboard 🔥💪 #contest #surfing #skimboarding #skills #highscore #epic #onfire,1,4993,22,1662550344
736,7140742235955399942,2022-09-07,Made it to Spain 🇪🇸🤩❤️ #fyp #skimboard #contest #fy #surf #sunset #waves #compilation #spain #espanha,Cheguei na Espanha 🇪🇸🤩❤️ #fyp #skimboard #contest #fy #surf #sunset #waves #compilation #spain #espanha,1,4530,19,1662583615
737,7141141483763141914,2022-09-08,This wave was such a vibe 🔥🇪🇸 #fy #fyp #foryou #skimboarding #skimboard #sunset #spain #cariz #viral,Essa onda foi mo vibe 🔥🇪🇸 #fy #fyp #foryou #skimboarding #skimboard #sunset #spain #cariz #viral,1,5032,21,1662676589
738,7141317932981816581,2022-09-09,Vai vai vai 🚀 #skimboard #surf #surfing #skimboarding #skate #sport #air #trick #fly #waves #sunset,Vai vai vai 🚀 #skimboard #surf #surfing #skimboarding #skate #sport #air #trick #fly #waves #sunset,0,7663,10,1662717659
739,7142950682931285254,2022-09-13,Best day of my life? 🥹 Melhor dia da vida? #pov #fyp #fy #worldchampion #skimboarding #skimboard #dreams,Best day of my life? 🥹 Melhor dia da vida? #pov #fyp #fy #worldchampion #skimboarding #skimboard #dreams,0,16400,16,1663097809
740,7143725805191924998,2022-09-15,Spain 🇪🇸 🔥 #fy #fyp #raw #skimboarding #viral #sports,Spain 🇪🇸 🔥 #fy #fyp #raw #skimboarding #viral #sports,0,4835,12,1663278285
741,7143802003335023878,2022-09-16,When the contest gets big waves 🤩 #skimboard #surf #waves #wsl #skimboarding #waves #ocean,Quando tem altas ondas no campeonato 🤩 #skimboard #surf #waves #wsl #skimboarding #waves #ocean,1,8863,9,1663296025
742,7144006674242702598,2022-09-16,Impossible tricks on my @exileskimboards 🚀 Clip by @solaglocal 🏆 #fy #fyp #missionimpossible #viral #gopro #skimboard #skate #surf,Impossible tricks on my @exileskimboards 🚀 Clip by @solaglocal 🏆 #fy #fyp #missionimpossible #viral #gopro #skimboard #skate #surf,0,6386,10,1663343677
743,7144178342583946501,2022-09-17,Told ya 😉 #fy #fyp #skimboarding #viral #satisfying #surfing #skills #awesome #california,Told ya 😉 #fy #fyp #skimboarding #viral #satisfying #surfing #skills #awesome #california,0,10200,12,1663383648
744,7146308832979930374,2022-09-22,Flying high 🚀 #fypシ #fypシ゚viral #tiktokbrasil #skimboard #surf #manobra #viral #surfista,Voando alto 🚀 #fypシ #fypシ゚viral #tiktokbrasil #skimboard #surf #manobra #viral #surfista,1,8121,6,1663879691
745,7146523679382457606,2022-09-23,That trick was SICK 🔥 Filmed by @solaglocal #skimboarding #surfing #skate #sports #wave #athlete,Essa manobra foi BRABA 🔥 Filmed by @solaglocal #skimboarding #surfing #skate #sports #wave #athlete,1,6076,11,1663929717
746,7146629426283859206,2022-09-23,What a scene 🍯 #skimboard #surf #skate #skimboarding #waves #tricks #skate #surfer #california #fy #fyp,Aquela cena 🍯 #skimboard #surf #skate #skimboarding #waves #tricks #skate #surfer #california #fy #fyp,1,5731,9,1663954334
747,7146686429161082118,2022-09-23,"Last one of the day, I promise 🤪 Filmed by @solaglocal #gopro #watershot #barrel #pov #skimboard #surf",A última desse dia eu prometo 🤪 Filmed by @solaglocal #gopro #watershot #barrel #pov #skimboard #surf,1,5447,8,1663967605
748,7146996700140424454,2022-09-24,The day I became two-time World Champion 🥺🏆🌎 #fy #fypシ #viral #sonho #lifestyle #tiktokbrasil #skimboard #worldchamp,O dia que fui Bicampeão Mundial 🥺🏆🌎 #fy #fypシ #viral #sonho #lifestyle #tiktokbrasil #skimboard #worldchamp,1,9004,10,1664039847
749,7147352921716346118,2022-09-25,I love skimboarding in California 🇺🇸❤️ @exileskimboards #skimboard #surf #surfing #skimboarding #waves #wave #rider #ocean #nature,I love skimboarding in California 🇺🇸❤️ @exileskimboards #skimboard #surf #surfing #skimboarding #waves #wave #rider #ocean #nature,0,32700,14,1664122786
750,7147739640210984198,2022-09-26,Such a clean ride 🤯✌️ #fyp #fy #foryou #mustwatch #sports #athlete #satisfaction #satifactory #surf #skimboarding,Such a clean ride 🤯✌️ #fyp #fy #foryou #mustwatch #sports #athlete #satisfaction #satifactory #surf #skimboarding,0,58700,10,1664212825
751,7148030699059170566,2022-09-27,I liked the last one best 🚀 #fy #fyp #skimboard #surfing #sports #waves #esporte #atleta #surf #surfista,Eu gostei mais da última 🚀 #fy #fyp #skimboard #surfing #sports #waves #esporte #atleta #surf #surfista,1,4974,21,1664280595
752,7148101061880974598,2022-09-27,Best day ever 🤩 2x Skimboarding World Champion 🏆 🌎 #followyourdreams #praisegod #blessed #lifestyle #bestday #fypシ #skimboarding #worldchampion,Best day ever 🤩 2x Skimboarding World Champion 🏆 🌎 #followyourdreams #praisegod #blessed #lifestyle #bestday #fypシ #skimboarding #worldchampion,0,4824,13,1664296975
753,7148392914844929285,2022-09-28,This wave SWALLOWED me 😱🤯 #esseaisoueu #fail #wipeout #quasemorri #surf #ondasgrandes #nazare #avalanche #viral,Essa onda me ENGOLIU 😱🤯 #esseaisoueu #fail #wipeout #quasemorri #surf #ondasgrandes #nazare #avalanche #viral,1,6425,8,1664364930
754,7148529218249395462,2022-09-28,Perfect 10 in the Skimboard World Championship final 🌎 🏆 #fypシ #fypage #viral #skimboard #surf #tiktokbrasil #athletesoftiktok,Nota 10 na final do Campeonato Mundial de Skimboard 🌎 🏆 #fypシ #fypage #viral #skimboard #surf #tiktokbrasil #athletesoftiktok,1,9791,8,1664396663
755,7148812496403565829,2022-09-29,My little video game 🎮 🕹 @FURIA #fyyy #vaiprofypfv #furia #esports #game #skimboard #sports,Meu videogamezinho 🎮 🕹 @FURIA #fyyy #vaiprofypfv #furia #esports #game #skimboard #sports,1,4050,13,1664462620
756,7148965319049088262,2022-09-30,At the speed of light ⚡️ @Red Bull Brasil #viral #fyp #skimboard #surf #skate #sports #skills,Na velocidade da luz ⚡️ @Red Bull Brasil #viral #fyp #skimboard #surf #skate #sports #skills,1,4350,3,1664498206
757,7149151183653965062,2022-09-30,De SKIMBOARD 🏄‍♂️ em NAZARÉ 🌊 #fypシ #fy #fyp #viral #surf #skimboard #nazare #bigwaves #insane #epic #sendit,De SKIMBOARD 🏄‍♂️ em NAZARÉ 🌊 #fypシ #fy #fyp #viral #surf #skimboard #nazare #bigwaves #insane #epic #sendit,0,31200,20,1664541481
758,7149375473859022086,2022-10-01,Just a little trick at the contest 🤷‍♂️ #fypシ #fyp #jogador #jogadorcaro #camisa10 #skimboard #surfista #marrento #brasil #ousadia #alegria,Qualquer manobrinha no campeonato 🤷‍♂️ #fypシ #fyp #jogador #jogadorcaro #camisa10 #skimboard #surfista #marrento #brasil #ousadia #alegria,1,6275,8,1664593706
759,7149730611878546693,2022-10-02,Best song you'll hear today + most satisfying video on your feed ❤️‍🔥 #fy #fyyyyyyyyyyyyyyyy #tiktokbrasil #viral #satisfatório #skimboard #surf #brasil,Melhor música que você vai ouvir hoje + Vídeo mais satisfatório do seu feed ❤️‍🔥 #fy #fyyyyyyyyyyyyyyyy #tiktokbrasil #viral #satisfatório #skimboard #surf #brasil,1,4432,14,1664676390
760,7149959514735791366,2022-10-02,Surfing feels so good ❤️🤩 #surf #surfing #surfe #ondas #wsl #wslbrasil #surfista #waves #surfer,Surfar é muito bom ❤️🤩 #surf #surfing #surfe #ondas #wsl #wslbrasil #surfista #waves #surfer,1,7258,11,1664729679
761,7150054399216307461,2022-10-02,LET'S GOOO 🗣🔊🔛 #borabill #tiktokbrasil #viral #skimboard #surfista #surf #esporte,VAMOOOO 🗣🔊🔛 #borabill #tiktokbrasil #viral #skimboard #surfista #surf #esporte,1,10700,10,1664751777
762,7150288490616458501,2022-10-03,One of my favorite ways to mess around 😂🤩 #fy #fyp #foryou #surf #surfing #skimboard #skimboarding #waves #jetski #boat #ocean #teamwork #havefun,Uma das minhas brincadeiras favoritas 😂🤩 #fy #fyp #foryou #surf #surfing #skimboard #skimboarding #waves #jetski #boat #ocean #teamwork #havefun,1,8407,30,1664806280
763,7150406838654225669,2022-10-03,Got it 🤪,Peguei 🤪,1,9894,11,1664833835
764,7151800253505604869,2022-10-07,This place is basically Disney to me 😂 #fy #fyp #foryou #skimboard #surf #piscinadeondas #praiadagrama,Isso daí é tipo a Disney pra mim 😂 #fy #fyp #foryou #skimboard #surf #piscinadeondas #praiadagrama,1,10600,15,1665158261
765,7152881185453067526,2022-10-10,This song is a Brazilian national treasure 🇧🇷😂 #tiktokbrasil #brasileiro #surfista #surf #surfing #viral #fyp,Essa música é um Patrimônio Histórico do Brasil 🇧🇷😂 #tiktokbrasil #brasileiro #surfista #surf #surfing #viral #fyp,1,4553,17,1665409937
766,7153749115204029701,2022-10-12,Look at this wave in Rio de Janeiro 🇧🇷 💎 #fyp #fy #tiktokbr #surf #skimboard #riodejaneiro,Olha essa onda no Rio de Janeiro 🇧🇷 💎 #fyp #fy #tiktokbr #surf #skimboard #riodejaneiro,1,10200,6,1665612016
767,7155200602115542277,2022-10-16,Today's little cruise around Rio 🍇 #fyp #fy #riodejaneiro #rj #role #barradatijuca #surf #skate #ondas #mar #jetski,Rolézinho de hoje no RJ 🍇 #fyp #fy #riodejaneiro #rj #role #barradatijuca #surf #skate #ondas #mar #jetski,1,6151,46,1665949966
768,7155979014182538501,2022-10-18,Today was so good 🤝❤️‍🔥 #riodejaneiro #rj #skimboard #surf #surfista #praia #verão #carioca,Hoje tava muito bom 🤝❤️‍🔥 #riodejaneiro #rj #skimboard #surf #surfista #praia #verão #carioca,1,5879,11,1666131205
769,7157519006616931590,2022-10-23,This wave almost eat me alive 🤯😂 Essa onda quase me engoliu haha #fyp #fy #fail #almostfail #hectic #crazy #waves #ocean #nature #surf #viral,This wave almost eat me alive 🤯😂 Essa onda quase me engoliu haha #fyp #fy #fail #almostfail #hectic #crazy #waves #ocean #nature #surf #viral,0,9232,7,1666489768
770,7157756115676122374,2022-10-23,One of the best places in the world to #SKIMBOARD 🇲🇽❤️‍🔥 @exileskimboards #fy #fyp #foryou #massive #drake #viral #surfing #waves #satisfying,Um dos melhores lugares do mundo pra fazer #SKIMBOARD 🇲🇽❤️‍🔥 @exileskimboards #fy #fyp #foryou #massive #drake #viral #surfing #waves #satisfying,1,15500,10,1666544969
771,7163042898504600838,2022-11-06,Going FAST 🏄‍♂️⚡️ #Skimboard #Nazaré 🚁 Drone by @johannes_hertel #bigwaves #surfing #drone,Going FAST 🏄‍♂️⚡️ #Skimboard #Nazaré 🚁 Drone by @johannes_hertel #bigwaves #surfing #drone,0,6853,23,1667775895
772,7163499208912260358,2022-11-08,Who’s next on the roller coaster?,Who’s next on the roller coaster?,0,350000,12,1667882153
773,7163655988317392133,2022-11-08,The big wave paradise 📍🇵🇹 ❤️‍🔥 #Nazare #Surf #BigWaves #Skimboard #Skimboarding #Portugal #Paradise,The big wave paradise 📍🇵🇹 ❤️‍🔥 #Nazare #Surf #BigWaves #Skimboard #Skimboarding #Portugal #Paradise,0,108100,21,1667918643
774,7164280404759874821,2022-11-10,Babe's first tow in 😍 #Surf #towin #jetski #redbull #Brasil #riodejaneiro,Primeiro tow in da gata 😍 #Surf #towin #jetski #redbull #Brasil #riodejaneiro,1,235400,14,1668064027
775,7164447393398738182,2022-11-10,We go fast @Exile Skimboards 🚀 #fyp #fy #skimboard #surfing #surf #waves #speed #fast #sports,We go fast @Exile Skimboards 🚀 #fyp #fy #skimboard #surfing #surf #waves #speed #fast #sports,0,4619,21,1668102902
776,7164900351085186310,2022-11-11,Rule #1 🫡 #sendit #viral #fail #wipeout #skimboard #surf #shorebreak #waves #crazy,Rule #1 🫡 #sendit #viral #fail #wipeout #skimboard #surf #shorebreak #waves #crazy,0,14200,12,1668208366
777,7165235799418490117,2022-11-12,LIFE IS AWESOME LET'S GO ENJOY IT 🤩 #fyp #fy #viral #sunset #lifestyle #goodvibe #bless #surf #jetski,A VIDA É IRADA BORA CURTIR 🤩 #fyp #fy #viral #sunset #lifestyle #goodvibe #bless #surf #jetski,1,4279,14,1668286467
778,7165366625133169926,2022-11-13,Sempre na back 🫶🏼✨ #Nazare #BigWaves #teamwork #surf #skimboarding,Sempre na back 🫶🏼✨ #Nazare #BigWaves #teamwork #surf #skimboarding,0,10600,20,1668316938
779,7165742954189966598,2022-11-14,,,0,5358,14,1668404562
780,7165970921524710661,2022-11-14,Keep sending it 🚀 #sendit #icantstop #skimboarding #surfing #dowhatyoulove #athlete,Keep sending it 🚀 #sendit #icantstop #skimboarding #surfing #dowhatyoulove #athlete,0,17800,15,1668457626
781,7166391025903127813,2022-11-15,I miss this 🤪🇲🇽❤️‍🔥 #skimboarding #shorebreak #surfing #waves #ocean #sports #nature #sunset,I miss this 🤪🇲🇽❤️‍🔥 #skimboarding #shorebreak #surfing #waves #ocean #sports #nature #sunset,0,17600,14,1668555441
782,7166602099617271046,2022-11-16,Routine in Nazaré 🫡🇵🇹❤️‍🔥 Nothing like one day after another #rotina #lifestyle #atleta #pov #fyp #skimboard #surfista #ondasgigantes,Rotina em Nazaré 🫡🇵🇹❤️‍🔥 Nada como um dia após o outro dia #rotina #lifestyle #atleta #pov #fyp #skimboard #surfista #ondasgigantes,1,7102,41,1668604585
783,7166857357325061382,2022-11-17,Saved this one on time 😂 #skimboarding #trafalgar #spain,Saved this one on time 😂 #skimboarding #trafalgar #spain,0,13900,10,1668664020
784,7167085088646155525,2022-11-17,#raw,#raw,0,12900,10,1668717039
785,7167359664861089029,2022-11-18,Let’s go team @lucaschumbo 🫡🚀 @Red Bull Brasil 📹 @yunesview #surf #nazare #bigwaves #teamwork #team #redbull,Let’s go team @lucaschumbo 🫡🚀 @Red Bull Brasil 📹 @yunesview #surf #nazare #bigwaves #teamwork #team #redbull,0,6320,37,1668780969
786,7167916372373097734,2022-11-20,Thank you so much Cabo 🫶🏼🇲🇽✨ #skimboarding #mexico #shorebreak #cabosanlucas,Muchas gracias Cabo 🫶🏼🇲🇽✨ #skimboarding #mexico #shorebreak #cabosanlucas,1,166800,19,1668910592
787,7169153633840418054,2022-11-23,Pirates in the background 🏴‍☠️ #mexico #skimboarding #shorebreak #pirate,Pirates in the background 🏴‍☠️ #mexico #skimboarding #shorebreak #pirate,0,10600,9,1669198664
788,7169687053528026373,2022-11-24,Skimboard tutorial for the kids 🫶🏼✨ #skimboarding #tutorial #skimboardtutorial #brasil #leblon,Tutorial skimboard para os cria 🫶🏼✨ #skimboarding #tutorial #skimboardtutorial #brasil #leblon,1,226800,326,1669322856
789,7170051440713518341,2022-11-25,"No matter the day you have, remember to smile in the end 😁 #skimboarding #badday #wipeout #shorebreak","No matter the day you have, remember to smile in the end 😁 #skimboarding #badday #wipeout #shorebreak",0,13600,14,1669407697
790,7170406873173249285,2022-11-26,"Season stoped for now, thank you for all the support 🫶🏼 foco na recuperação por agora 🙌🏼 #skimboarding #bigwaves #recovery","Season stoped for now, thank you for all the support 🫶🏼 foco na recuperação por agora 🙌🏼 #skimboarding #bigwaves #recovery",0,10800,20,1669490452
791,7170659202963115270,2022-11-27,Nothing beats this feeling 🤤 Nada melhor que essa vibe ❤️‍🔥 #surf #skimboard #bigwaves #ocean #reggae #goodvibes #adrenaline #jetski #lifestyle,Nothing beats this feeling 🤤 Nada melhor que essa vibe ❤️‍🔥 #surf #skimboard #bigwaves #ocean #reggae #goodvibes #adrenaline #jetski #lifestyle,0,19300,20,1669549203
792,7171121043812257029,2022-11-28,Can’t stop thinking about this spot 💭#skimboarding #sider #shorebreak,Can’t stop thinking about this spot 💭#skimboarding #sider #shorebreak,0,716000,11,1669656733
793,7171526826848800005,2022-11-29,How beautiful is the power of the ocean? #nofins #skimboarding #bigwaves,How beautiful is the power of the ocean? #nofins #skimboarding #bigwaves,0,11700,22,1669751211
794,7171782855947848965,2022-11-30,🇵🇹 Anyone here from Portugal ?! #nazaré #portugal #tiktokportugal #surf #ondasgrandez,🇵🇹 Tem alguém aí de Portugal ?! #nazaré #portugal #tiktokportugal #surf #ondasgrandez,1,494300,11,1669810823
795,7172175523358035205,2022-12-01,Is it even possible? #skimboarding #portugal #dreamtrick,Será que é possível? #skimboarding #portugal #dreamtrick,1,12700,11,1669902254
796,7172481958839143685,2022-12-02,"You can call me up for the World Cup ⚽️🤪 So, comment how many keepie uppies you counted! #futebol #soccer #challenge #desafio #copadomundo2022 #copa #worldcup #tiktokportugal","Já podem me escalar pra Copa do Mundo ⚽️🤪 E aí, comenta quantas embaixadinhas você contou! #futebol #soccer #challenge #desafio #copadomundo2022 #copa #worldcup #tiktokportugal",1,6483,53,1669973598
797,7172566738171596038,2022-12-02,Motivational video of the day 😂 @joaodserrao #skimboard #fail #motivacao #tiktokportugal #funny,Vídeo motivacional do dia 😂 @joaodserrao #skimboard #fail #motivacao #tiktokportugal #funny,1,14400,7,1669993334
798,7172901485645188357,2022-12-03,Didn't catch a shark but I fell in love with this sunset 🫶🏼🇵🇹 #skimboarding #tubarao #shorebreak #sunset,Não peguei tubarão mas fiquei apaixonado por esse sunset 🫶🏼🇵🇹 #skimboarding #tubarao #shorebreak #sunset,1,12200,13,1670071276
799,7172984612090547461,2022-12-03,#raw using a foamie skimboard @exileskimboards,#raw using a foamie skimboard @exileskimboards,0,10200,8,1670090628
800,7173254030712507653,2022-12-04,Looks chill on video but in real life it's terrifying 😅😂🤪 #jetski #surf #ondas #mar #tiktok #challenge #adrenalina,No vídeo parece tranquilo mas na vida real dá muito medo 😅😂🤪 #jetski #surf #ondas #mar #tiktok #challenge #adrenalina,1,97500,20,1670153361
801,7173714247518539014,2022-12-05,HOW TOW IN SURFING WORKS 🚤 🏄‍♂️ Tag a friend to do this with you 🙏 #howto #tutorial #surfing #surf #stepbystep #sports #friends #nature,HOW TOW IN SURFING WORKS 🚤 🏄‍♂️ Tag a friend to do this with you 🙏 #howto #tutorial #surfing #surf #stepbystep #sports #friends #nature,0,30400,33,1670260510
802,7173744895713234182,2022-12-05,Who recognizes this spot? Special thanks to the legend Hugo Pinheiro 🫶🏼 #skimboarding #torredebelem #portugal,Quem reconhece o lugar? Um obrigado especial à lenda Hugo Pinheiro 🫶🏼 #skimboarding #torredebelem #portugal,1,69100,60,1670267646
803,7174122026284764421,2022-12-06,✍️✍️✍️ #motivation #inspiration #goodvibes #sunset #dream #lifeisgood #grateful,✍️✍️✍️ #motivation #inspiration #goodvibes #sunset #dream #lifeisgood #grateful,0,10300,4,1670355454
804,7174144265256209670,2022-12-06,Got to play around in Serra da Estrela 🏔️ #skimboarding #snow #skim #portugal,Serra da Estrela deu para brincar 🏔️ #skimboarding #snow #skim #portugal,1,189200,18,1670360631
805,7174410337628867846,2022-12-07,Things that only happen to me… 🤣🦅💩🤷‍♂️ #fail #engraçado #blogueiro #tiktok #fyp,Coisas que só acontecem comigo… 🤣🦅💩🤷‍♂️ #fail #engraçado #blogueiro #tiktok #fyp,1,14600,24,1670422587
806,7174471037445262597,2022-12-07,Only in Portugal comments 😂 #portugal #skimboarding #shorebreak,Comentários únicos portugueses 😂 #portugal #skimboarding #shorebreak,1,127400,12,1670436713
807,7174833514444000518,2022-12-08,Going full send into the sand on this one 🤣🤪 #foryou #sendit #wipeout #fail #attempt #surfing #tiktokviral,Going full send into the sand on this one 🤣🤪 #foryou #sendit #wipeout #fail #attempt #surfing #tiktokviral,0,31000,10,1670521109
808,7175220088138747142,2022-12-09,I feel reborn every time #skimboarding #nazare #bigwaves,I feel reborn every time #skimboarding #nazare #bigwaves,0,88400,25,1670611116
809,7175584180640713990,2022-12-10,"Magical and powerful place, still recovering from it ❤️‍🩹 #skimboarding #bigwave","Magical and powerful place, still recovering from it ❤️‍🩹 #skimboarding #bigwave",0,25100,32,1670695887
810,7175828883114134790,2022-12-11,My playground 🤩💙 The most fun wave in the world 🌎💭 #foryou #fyp #360camera #tiktokviral #surfing #360waves #waves #explore #outdoor,My playground 🤩💙 A onda mais divertida do mundo 🌎💭 #foryou #fyp #360camera #tiktokviral #surfing #360waves #waves #explore #outdoor,1,20900,16,1670752867
811,7176245230008634630,2022-12-12,Sacode igual no mar 🌊😂😵‍💫 #foryou #fail #surfing #surfer #caldo #wavepool #artificial #barrel,Sacode igual no mar 🌊😂😵‍💫 #foryou #fail #surfing #surfer #caldo #wavepool #artificial #barrel,0,86200,15,1670849801
812,7176384137350139141,2022-12-12,I love skimboarding these waves 🥰 #skimboarding #wavepool,I love skimboarding these waves 🥰 #skimboarding #wavepool,0,87600,11,1670882142
813,7176716761528683781,2022-12-13,Can’t wait to be back out there 💪😤 #surfing #skimboard #bigwaves #nazare #motivation #sports #drone,Can’t wait to be back out there 💪😤 #surfing #skimboard #bigwaves #nazare #motivation #sports #drone,0,17000,11,1670959587
814,7177407821158386949,2022-12-15,Never leave your friend behind. Even if there’s a giant wave coming 🌊😳🤝 #friendship #jetski #surfing #bigwaves #tiktokviral #foryou #fyp #adrenaline,Never leave your friend behind. Even if there’s a giant wave coming 🌊😳🤝 #friendship #jetski #surfing #bigwaves #tiktokviral #foryou #fyp #adrenaline,0,10400000,17,1671120485
815,7177451994674744581,2022-12-15,Those things exist? 🤔 #skimboarding #NoFins #NoStraps,Those things exist? 🤔 #skimboarding #NoFins #NoStraps,0,43800,12,1671130771
816,7177819797000965381,2022-12-16,"If you ever wonder how we keep ourselves alive, this is how 👉🏼🛟 #safety #bigwavesurfing #safetyvest","If you ever wonder how we keep ourselves alive, this is how 👉🏼🛟 #safety #bigwavesurfing #safetyvest",0,464500,21,1671216407
817,7178209856283790597,2022-12-17,This is what skimboarding Nazaré feels like #skimboarding #nazare #bigwavesurfing #bigwaves,This is what skimboarding Nazaré feels like #skimboarding #nazare #bigwavesurfing #bigwaves,0,17900,15,1671307225
818,7178556603417873669,2022-12-18,Guess where? 📍🌎 Anyone know what place this is? #fyp #foryou #skimboard #surfing #waves #ocean #beach #sports #athlete #travel #world,Guess where? 📍🌎 Alguém adivinha que lugar é esse? #fyp #foryou #skimboard #surfing #waves #ocean #beach #sports #athlete #travel #world,1,21300,18,1671387958
819,7178608354774797573,2022-12-18,Did I went faster then the jetski? #bigwaves #bigwaverider #skimboarding #towin #nazare,Did I went faster then the jetski? #bigwaves #bigwaverider #skimboarding #towin #nazare,0,4500000,34,1671400008
820,7178972027380845830,2022-12-19,Wave pool session 🌊 🏊 🏄‍♂️ Still can’t believe this stuff exists #wavepool #waves #ocean #artificial #mindblown #pov #fyp #foryou #surfing #skimboard #360camera,Wave pool session 🌊 🏊 🏄‍♂️ Still can’t believe this stuff exists #wavepool #waves #ocean #artificial #mindblown #pov #fyp #foryou #surfing #skimboard #360camera,0,16200,32,1671484682
821,7178974929126296838,2022-12-19,TikTok gamer 🤣🤣🤣 #eununca #namorada #jogos #fun @nicolestank,Gamer de tiktok 🤣🤣🤣 #eununca #namorada #jogos #fun @nicolestank,1,17900,59,1671485357
822,7178996197145709830,2022-12-19,How many jetskis do you count? 🤔 safety it’s never enough when comes to big waves 🙌🏼 #bigwaves #towin #bigwavesurfing #skimboarding,How many jetskis do you count? 🤔 safety it’s never enough when comes to big waves 🙌🏼 #bigwaves #towin #bigwavesurfing #skimboarding,0,113800,24,1671490311
823,7179541752980704517,2022-12-21,What goes through my head when I'm riding a #skimboard 💭😅 #pov #surf #surfista #tiktokportugal #viral #fun #atleta #esporte #comedia,O que se passa na minha cabeça quando estou andando de #skimboard 💭😅 #pov #surf #surfista #tiktokportugal #viral #fun #atleta #esporte #comedia,1,419000,10,1671617336
824,7179703490321632518,2022-12-21,My friends reacting 🤣 #reactions #skimboarding #surfing #sports #fun #react #shorebreak #athlete #tricks #skills,My friends reacting 🤣 #reactions #skimboarding #surfing #sports #fun #react #shorebreak #athlete #tricks #skills,0,43400,16,1671654988
825,7179707991002713350,2022-12-21,Little Portuguese paradises 🇵🇹🫶🏼 #paraiso #paradise #namorada #portugal,Pequenos paraísos portugueses 🇵🇹🫶🏼 #paraiso #paradise #namorada #portugal,1,32900,17,1671656036
826,7180019894690368773,2022-12-22,I love #skimboarding ❤️‍🔥 #foryou #fypdongggggggg #tiktokviral,I love #skimboarding ❤️‍🔥 #foryou #fypdongggggggg #tiktokviral,0,62700,9,1671728659
827,7180094887839370502,2022-12-22,Moments that will stay forever #bigwaves #skimboarding #towin #nazare,Moments that will stay forever #bigwaves #skimboarding #towin #nazare,0,115600,18,1671746118
828,7180417202259037445,2022-12-23,Forever an iconic place #bigwaves #towin #nazare,Forever an iconic place #bigwaves #towin #nazare,0,653000,21,1671821164
829,7181542975539776774,2022-12-26,This was the Christmas plan 😍🎪🎉 #circo #show #circus #fun #diversao #natal #portugal #lisboa #fyp,O programa de Natal foi esse 😍🎪🎉 #circo #show #circus #fun #diversao #natal #portugal #lisboa #fyp,1,31500,11,1672083277
830,7181767061616594182,2022-12-27,Vacation in Portugal with my girl ❤️🇵🇹 #ferias #vacation #portugal #explore #lifestyle #outdoor #sunset #castle #travel #relationship,Férias em Portugal com a gata ❤️🇵🇹 #ferias #vacation #portugal #explore #lifestyle #outdoor #sunset #castle #travel #relationship,1,19700,11,1672135456
831,7181849882590858501,2022-12-27,Hard times 🤣 @lucaschumbo @yunesview #pov #fun #routine #nazare #portugal,Tempos difíceis 🤣 @lucaschumbo @yunesview #pov #fun #routine #nazare #portugal,1,159700,6,1672154736
832,7181933128959790342,2022-12-27,"Throwback to this magic session in the Algarve in 2019, edited by @pedrosantosribeirovideo on Instagram #skimboarding #portugal #algarve #shorebreak","Recordar esta session mágica no Algarve em 2019, editada pelo @pedrosantosribeirovideo no Instagram #skimboarding #portugal #algarve #shorebreak",1,27600,133,1672174117
833,7182339683320401158,2022-12-28,"Lost in Amazon, after skimboarding the iconic Amazon river wave Pororoca #lost #amazon #skimboarding","Lost in Amazon, after skimboarding the iconic Amazon river wave Pororoca #lost #amazon #skimboarding",0,1100000,189,1672268776
834,7182342896866086150,2022-12-28,Part 2 of lost in Amazon after skimboarding an iconic river wave #lost #amazon #skimboarding #rescue,Part 2 of lost in Amazon after skimboarding an iconic river wave #lost #amazon #skimboarding #rescue,0,154500,192,1672269524
835,7182642854928452869,2022-12-29,Which trick do you guys like the most? #skimboarding #shorebreak #sunset,Which trick do you guys like the most? #skimboarding #shorebreak #sunset,0,58900,9,1672339364
836,7182991946275638534,2022-12-30,"While I'm injured and can't surf, we watch the boys put on a show @lucaschumbo 🤝 #portugal #nazare #lucaschumbo #surf #surfista #ondas","Enquanto to machucado e não posso surfar, a gente assiste o show dos amigos @lucaschumbo 🤝 #portugal #nazare #lucaschumbo #surf #surfista #ondas",1,159500,9,1672420641
837,7183025813783055622,2022-12-30,Rescue time always on point! Here’s my pov of skimboarding big waves 🌊 #skimboarding #bigwave #pov,Rescue time always on point! Here’s my pov of skimboarding big waves 🌊 #skimboarding #bigwave #pov,0,73600,29,1672428527
838,7183342241350536453,2022-12-31,"THANK YOU 2022 🤝 Grateful for everything, hyped for what’s coming #fyp #2022 #newyear #vibes #lifestyle #sunset #dreams #","THANK YOU 2022 🤝 Grateful for everything, hyped for what’s coming #fyp #2022 #newyear #vibes #lifestyle #sunset #dreams #",0,36000,3,1672502202
839,7183370892313988358,2022-12-31,Sliding far for this one 🏄🏼‍♂️💨 #skimboarding #shorebreak,Sliding far for this one 🏄🏼‍♂️💨 #skimboarding #shorebreak,0,10100000,8,1672508873
840,7183771466125643013,2023-01-01,Nothing gives me more joy than passing everything I know on to the next generations 🤍 #skimboarding #criancas #novageracao,Nada me dá mais prazer que transmitir os ensinamentos para as próximas gerações 🤍 #skimboarding #criancas #novageracao,1,272900,15,1672602138
841,7184104242385390854,2023-01-02,Nothing like a good California barrel 🌊 cool clip by @solaglocal #skimboarding #barrel #shorebreak,Nothing like a good California barrel 🌊 cool clip by @solaglocal #skimboarding #barrel #shorebreak,0,2000000,12,1672679619
842,7184566638568623366,2023-01-03,Enjoying the vacation with my girl 🏍️ @Nicks #fyp #foryou #sunset #portugal #cascais #moto #ride #couple #goodvibes #lifestyle,Curtindo as férias com a gata 🏍️ @Nicks #fyp #foryou #sunset #portugal #cascais #moto #ride #couple #goodvibes #lifestyle,1,44300,8,1672787282
843,7185251201074613509,2023-01-05,Rio de Janeiro got me thirsty 🇧🇷🫶🏼 #skimboarding #riodejaneiro #brasil,Rio de Janeiro got me thirsty 🇧🇷🫶🏼 #skimboarding #riodejaneiro #brasil,0,394100,7,1672946665
844,7185616271122189573,2023-01-06,"Can’t resist some close rocks skimming, let me know if you spotted the 🌈 #skimboarding #rock #rainbow #dangerous","Can’t resist some close rocks skimming, let me know if you spotted the 🌈 #skimboarding #rock #rainbow #dangerous",0,562500,13,1673031664
845,7185990452816973062,2023-01-07,Get barreled at Aliso it’s a must when you go to Laguna Beach 🏖️ @bevinlunamusic #bob #skimboarding #barrel thanks for the clip @SoLagLocal,Get barreled at Aliso it’s a must when you go to Laguna Beach 🏖️ @bevinlunamusic #bob #skimboarding #barrel thanks for the clip @SoLagLocal,0,98700,7,1673118786
846,7186351161232887045,2023-01-08,We made it buddy 🤍 thanks for dreaming big #skimboarding #dreams #worldchampion #bigwaves,We made it buddy 🤍 thanks for dreaming big #skimboarding #dreams #worldchampion #bigwaves,0,202900,14,1673202770
847,7186702696810859782,2023-01-09,"I spent so many hours at this beach catching waves, one of my favorite training spots! #skimboarding #shorebreak #vidigal #brasil","I spent so many hours at this beach catching waves, one of my favorite training spots! #skimboarding #shorebreak #vidigal #brasil",0,8100000,8,1673284619
848,7187106501922688262,2023-01-10,After getting injured 6 weeks ago and working everyday to recover as fast as possible feels good to be finally doing what I love 🫡❤️ #surfing #skimboard #bigwaves #nazare #portugal #recovery #athlete #sports #extreme,After getting injured 6 weeks ago and working everyday to recover as fast as possible feels good to be finally doing what I love 🫡❤️ #surfing #skimboard #bigwaves #nazare #portugal #recovery #athlete #sports #extreme,0,77600,19,1673378639
849,7187123658672868613,2023-01-10,First big wave session after my knee injury! We’re back on track 💪🏼 #skimboarding #bigwaves #injury,First big wave session after my knee injury! We’re back on track 💪🏼 #skimboarding #bigwaves #injury,0,264400,16,1673382638
850,7187450979304967430,2023-01-11,Biggest barrel of my life #skimboarding #bigwaves #barrel,Biggest barrel of my life #skimboarding #bigwaves #barrel,0,271900,13,1673458845
851,7187807340102503685,2023-01-12,New generation always have the vibe ❤️ #skimboard #newgeneration #beach,New generation always have the vibe ❤️ #skimboard #newgeneration #beach,0,398900,12,1673541813
852,7188237420163239174,2023-01-13,This was a scary one 🫣 #skimboarding #bigwaves #wipeout,This was a scary one 🫣 #skimboarding #bigwaves #wipeout,0,613700,23,1673641949
853,7188578937390451974,2023-01-14,That’s skimboard 😌 cool shot by @SoLagLocal 🙌🏼 #skimboarding #shorebreak,That’s skimboard 😌 cool shot by @SoLagLocal 🙌🏼 #skimboarding #shorebreak,0,164600,11,1673721464
854,7188929667905195270,2023-01-15,"This huge set crossed by me while I was in the outside, there’s something unique about the power of nature that makes us feel so small and vulnerable, really special to feel this at the spot","This huge set crossed by me while I was in the outside, there’s something unique about the power of nature that makes us feel so small and vulnerable, really special to feel this at the spot",0,48600,30,1673803126
855,7189308046626147590,2023-01-16,My first time visiting an aquarium 🥹 My first time at the Lisbon Oceanarium 💙 #aquarium #aquario #oceanario #oceanariodelisboa #fyp #fy #portugal #lisboa #lisbon #tourism #travel #biology,My first time visiting an aquarium 🥹 Minha primeira vez no Oceanário de Lisboa 💙 #aquarium #aquario #oceanario #oceanariodelisboa #fyp #fy #portugal #lisboa #lisbon #tourism #travel #biology,1,24000,116,1673891226
856,7189337698623114502,2023-01-16,"Sometimes I can’t believe where my skimboard has brought me, might be my biggest wave of the season, what do you guys think? #skimboarding #bigwaves #nazare","Sometimes I can’t believe where my skimboard has brought me, might be my biggest wave of the season, what do you guys think? #skimboarding #bigwaves #nazare",0,73200,16,1673898130
857,7189723993488772357,2023-01-17,Did you ever saw a wave in X form? 🤯#skimboarding #shorebreak,Did you ever saw a wave in X form? 🤯#skimboarding #shorebreak,0,6500000,14,1673988068
858,7190110756044606725,2023-01-18,This one was close! #skimboarding #closecall #shorebreak,This one was close! #skimboarding #closecall #shorebreak,0,32100,10,1674078129
859,7190784139149217030,2023-01-20,Party waves are the most fun ones! Next time it’s on @Miguel Braz #skimboarding #shorebreak,Party waves are the most fun ones! Next time it’s on @Miguel Braz #skimboarding #shorebreak,0,30200,13,1674234903
860,7191135417893178630,2023-01-21,This board is too much fun! #skimboarding #beginnerboard #shorebreak,This board is too much fun! #skimboarding #beginnerboard #shorebreak,0,954600,16,1674316693
861,7191511409757375750,2023-01-22,This one was chasing me 🌊 #skimboarding #bigwaves,This one was chasing me 🌊 #skimboarding #bigwaves,0,37200,16,1674404235
862,7191919964570258694,2023-01-23,360 shuv going down the wave feels too good 🥰 #skimboarding #bigwaves #360shuvit #3shuv,360 shuv going down the wave feels too good 🥰 #skimboarding #bigwaves #360shuvit #3shuv,0,376100,18,1674499358
863,7192277154699169030,2023-01-24,The random reactions are the best 🥰 #skimboard #bigwaves,As reações aleatórias são as melhores 🥰 #skimboard #bigwaves,1,132700,11,1674582521
864,7192650371439889669,2023-01-25,"My favorite skim spot of all time, this wave is just something else✨ #skimboarding #sider","My favorite skim spot of all time, this wave is just something else✨ #skimboarding #sider",0,236300,17,1674669421
865,7193023482396019973,2023-01-26,One day I’ll slide to another continent #skimboarding #slide #shorebreak,One day I’ll slide to another continent #skimboarding #slide #shorebreak,0,249000,8,1674756292
866,7193788826706283781,2023-01-28,When the tide gets too high and you need to go to the other side of the beach 🪨🏄🏼‍♂️,When the tide gets too high and you need to go to the other side of the beach 🪨🏄🏼‍♂️,0,23700,12,1674934486
867,7194178883502034181,2023-01-29,This one was heavy 😂 #wipeout #wave #skimboarding #shorebreak,This one was heavy 😂 #wipeout #wave #skimboarding #shorebreak,0,36300,13,1675025303
868,7194496865474186501,2023-01-30,First time landing a big spin on a big wave! Wait for the sketchy ending 🥵 gnarly music by @Infamous Stiffs #getitstraight #skimboarding #bigwaves,First time landing a big spin on a big wave! Wait for the sketchy ending 🥵 gnarly music by @Infamous Stiffs #getitstraight #skimboarding #bigwaves,0,16800,10,1675099340
869,7194887645925870853,2023-01-31,"The place where I learned how to skimboard! I spend most of the year traveling the world in search of the most unique and giant waves, but I will never forget my roots 🇧🇷❤️ #skimboarding #rio #brasil #shorebreak","The place where I learned how to skimboard! I spend most of the year traveling the world in search of the most unique and giant waves, but I will never forget my roots 🇧🇷❤️ #skimboarding #rio #brasil #shorebreak",0,77000,6,1675190327
870,7195226425308302619,2023-02-01,Cherry on top of the cake 🍰 is the massage at the end of the wave 🌊 #skimboarding #wipeout,Cherry on top of the cake 🍰 is the massage at the end of the wave 🌊 #skimboarding #wipeout,0,19400,14,1675269206
871,7195673548097096965,2023-02-02,One of my favorite spots of all time #skimboarding #shorebreak,One of my favorite spots of all time #skimboarding #shorebreak,0,25700,9,1675373307
872,7195955692405116166,2023-02-03,Nazaré gave some shorebreak love 🥰 @Far West #whatarewewaitingfor #skimboarding,Nazaré gave some shorebreak love 🥰 @Far West #whatarewewaitingfor #skimboarding,0,16300,9,1675438999
873,7196403416187309318,2023-02-04,"First time skimboarding with a 360 camera, what do you guys think? 🤔 #skimboarding #shorebreak","First time skimboarding with a 360 camera, what do you guys think? 🤔 #skimboarding #shorebreak",0,19700,6,1675543243
874,7196731499461332229,2023-02-05,Respondendo a @growmaniax I love playing around with rocks 😂 #skimboarding #shorebreak,Respondendo a @growmaniax I love playing around with rocks 😂 #skimboarding #shorebreak,0,1500000,21,1675619631
875,7197111962088574214,2023-02-06,Got a pretty close perspective of the ground this day 😂 #skimboarding,Got a pretty close perspective of the ground this day 😂 #skimboarding,0,20300,6,1675708214
876,7197525628436925701,2023-02-07,Replying to @João Serrão the new color is better 😂 #skimboarding,Respondendo a @João Serrão the new color is better 😂 #skimboarding,1,26200,8,1675804529
877,7197837135465041157,2023-02-08,Which one is the best perspective? 🤔 #skimboarding,Which one is the best perspective? 🤔 #skimboarding,0,32300,13,1675877057
878,7198238186294742278,2023-02-09,crazy to think that the day before I was catching the biggest waves of my life on this same beach #skimboarding #shorebreak,crazy to think that the day before I was catching the biggest waves of my life on this same beach #skimboarding #shorebreak,0,42200,9,1675970433
879,7198611946051095814,2023-02-10,Little barrel for breakfast #skimboarding #shorebreak,Little barrel for breakfast #skimboarding #shorebreak,0,22900,11,1676057459
880,7199405861159046405,2023-02-12,I love this place 🇵🇹 #Nazare #skimboard #shorebreak #portugal,I love this place 🇵🇹 #Nazare #skimboard #shorebreak #portugal,0,18800,9,1676242304
881,7199737433410358534,2023-02-13,One of the most perfect conditions I’ve seen so far 🌊 thanks for the clip @lucasjavabrito 🫶🏼 #skimboarding #bigwaves,One of the most perfect conditions I’ve seen so far 🌊 thanks for the clip @lucasjavabrito 🫶🏼 #skimboarding #bigwaves,0,33200,20,1676319504
882,7200073019866320133,2023-02-14,This one got me stoked 🥰 #skimboarding #shorebreak #wave,This one got me stoked 🥰 #skimboarding #shorebreak #wave,0,2000000,12,1676397640
883,7200455625338309894,2023-02-15,It’s always a mystery #skimboarding #shorebreak #360camera,It’s always a mystery #skimboarding #shorebreak #360camera,0,34200,11,1676486722
884,7200824524412177670,2023-02-16,I never thought it would end that way #skimboarding #shorebreak,I never thought it would end that way #skimboarding #shorebreak,0,1600000,9,1676572612
885,7201171757250727174,2023-02-17,The POV just got a lot more fun with this thing #skimboarding #shorebreak #360camera,The POV just got a lot more fun with this thing #skimboarding #shorebreak #360camera,0,21400,14,1676653459
886,7201580650984459525,2023-02-18,Dodging rocks 🪨 #skimboarding #shorebreak #wave,Dodging rocks 🪨 #skimboarding #shorebreak #wave,0,34400,12,1676748662
887,7201935916603149573,2023-02-19,Decided to take the skimboard to the forest 🌳 should I do it again? 🤔#skimboarding #forest #floresta,Decidi levar o skimboard para a floresta 🌳 será que repito? 🤔#skimboarding #forest #floresta,1,264600,13,1676831379
888,7202284104019217670,2023-02-20,Sometimes you just need to send it! @wearestarryeyes #jetlag #skimboarding #shorebreak,Sometimes you just need to send it! @wearestarryeyes #jetlag #skimboarding #shorebreak,0,33500,21,1676912447
889,7202662150257593606,2023-02-21,One of my favorite spots of all time 🥰 #skimboarding #shorebreak,One of my favorite spots of all time 🥰 #skimboarding #shorebreak,0,35600,7,1677000467
890,7203032344687643910,2023-02-22,One of the best conditions I’ve seen! Waves were insane #skimboarding #bigwaves #laydown,One of the best conditions I’ve seen! Waves were insane #skimboarding #bigwaves #laydown,0,41300,13,1677086660
891,7203438290744134918,2023-02-23,Respondendo a @Td my favorite type of constructions 🥰 #skimboarding #shorebreak,Respondendo a @Td my favorite type of constructions 🥰 #skimboarding #shorebreak,0,66400,12,1677181177
892,7203786027121642757,2023-02-24,I challenged my friends @Lucas Chumbo and @Justine Dupont to try my @Exile Skimboards and they killed it!! Wanna see more of that guys 🤪 #skimboarding #bigwaves #bigwavesskimboarding,I challenged my friends @Lucas Chumbo and @Justine Dupont to try my @Exile Skimboards and they killed it!! Wanna see more of that guys 🤪 #skimboarding #bigwaves #bigwavesskimboarding,0,217400,19,1677262140
893,7204164409432739078,2023-02-25,Best way to explore the coast 🏄🏼‍♂️ #skimboard #shorebreak,Best way to explore the coast 🏄🏼‍♂️ #skimboard #shorebreak,0,72800,19,1677350240
894,7204557828219079942,2023-02-26,Endless liner for lunch 😋 #skimboarding #shorebreak #liner,Endless liner for lunch 😋 #skimboarding #shorebreak #liner,0,367800,15,1677441840
895,7204907344302542086,2023-02-27,The mud at the end 😂 #skimboarding #skimeverything #forest,The mud at the end 😂 #skimboarding #skimeverything #forest,0,389700,15,1677523218
896,7205270990429883653,2023-02-28,Am I too late for this one? #wipeout #bigwaves #jetski #dumbwaystodye,Am I too late for this one? #wipeout #bigwaves #jetski #dumbwaystodye,0,65500,7,1677607886
897,7205638658668498181,2023-03-01,And I still don’t know which perspective is the best for my waves 🤔 #skimboarding #bigwaves #perspective,And I still don’t know which perspective is the best for my waves 🤔 #skimboarding #bigwaves #perspective,0,33500,12,1677693491
898,7206004464690515206,2023-03-02,Sometimes I fly like a 🐝 #skimboarding #shorebreak,Às vezes eu voo como uma 🐝 #skimboarding #shorebreak,1,37600,12,1677778662
899,7206415481748737286,2023-03-03,Lil nugget for breakfast 🥰 #skimboarding #bigwave #barrel,Lil nugget for breakfast 🥰 #skimboarding #bigwave #barrel,0,71100,11,1677874359
900,7206766711352167685,2023-03-04,Sliding to barrel 🥰 #duckyneptune #charlie #skimboarding #shorebreak,Sliding to barrel 🥰 #duckyneptune #charlie #skimboarding #shorebreak,0,369400,13,1677956135
901,7207128798767238405,2023-03-05,The place where magic happens #walkthrough #bigwaves #towing #surf #skimboarding,The place where magic happens #walkthrough #bigwaves #towing #surf #skimboarding,0,134900,206,1678040441
902,7207493516769922309,2023-03-06,Replying to @ArturGabrielPrimo Portuguese version for you guys 🫶🏼,Respondendo a @ArturGabrielPrimo versão portuguesa para vocês 🫶🏼,1,338400,205,1678125359
903,7207886027778772230,2023-03-07,Almost reached the boat ⛵️ #skimboarding #slide,Almost reached the boat ⛵️ #skimboarding #slide,0,279400,15,1678216756
904,7208219891546000645,2023-03-08,Liners for brunch 😋 #skimboarding #shorebreak,Liners for brunch 😋 #skimboarding #shorebreak,0,190200,14,1678294481
905,7208586173810232581,2023-03-09,"The swell was too good, had to do it #skimboarding #bigwaves #tsunami","The swell was too good, had to do it #skimboarding #bigwaves #tsunami",0,395300,17,1678379762
906,7209009717241236741,2023-03-10,Hometown session 🥰 #skimboarding #shorebreak #3shuv,Hometown session 🥰 #skimboarding #shorebreak #3shuv,0,67900,7,1678478376
907,7209381084713192709,2023-03-11,Getting ready to take on the giant waves of Nazaré 🌊 #skimboarding #ondasgigantes #towing,Preparação para enfrentar as ondas gigantes da Nazaré 🌊 #skimboarding #ondasgigantes #towing,1,382100,106,1678564842
908,7209758893826690309,2023-03-12,He got a big one 🏄🏼‍♂️😂 #fishing #surf #skimboarding,He got a big one 🏄🏼‍♂️😂 #fishing #surf #skimboarding,0,511900,35,1678652806
909,7210101507386002694,2023-03-13,Everything but the right answer #skimboarding #trick #shorebreak,Everything but the right answer #skimboarding #trick #shorebreak,0,108600,6,1678732578
910,7210483365345103109,2023-03-14,Slide and back for lunch 😋 #skimboarding #shorebreak #slide,Slide and back for lunch 😋 #skimboarding #shorebreak #slide,0,549600,13,1678821487
911,7210862404568141062,2023-03-15,Can’t get enough of this routine 🥰 #skimboarding #session #shorebreak #beachcleaning,Can’t get enough of this routine 🥰 #skimboarding #session #shorebreak #beachcleaning,0,54800,82,1678909738
912,7211225700186082566,2023-03-16,How to skimboard - The secret of the sport #skimboarding #tutorial #skimboardtutorial #howtoskimboard,How to skimboard - The secret of the sport #skimboarding #tutorial #skimboardtutorial #howtoskimboard,0,535500,302,1678994324
913,7211612458170060037,2023-03-17,Can you see any difference from the surf boards in the back? 🤔 #skimboarding #bigwaves #towing,Can you see any difference from the surf boards in the back? 🤔 #skimboarding #bigwaves #towing,0,370200,19,1679084373
914,7211952797242117381,2023-03-18,Slideeee till you make it 😌 #skimbording #shorebreak #slide #wave,Slideeee till you make it 😌 #skimbording #shorebreak #slide #wave,0,547800,13,1679163616
915,7212337829563616517,2023-03-19,I was missing some barrels 🥰 #skimboarding #barrel #shorebreak,I was missing some barrels 🥰 #skimboarding #barrel #shorebreak,0,468100,11,1679253264
916,7212669992800750853,2023-03-20,The fundamentals of skimboard #skimboarding #tutorial #regular #goofy,The fundamentals of skimboard #skimboarding #tutorial #regular #goofy,0,162300,37,1679330600
917,7213074094688931078,2023-03-21,This one made me slide a bit #skimboarding #shorebreak #slide,This one made me slide a bit #skimboarding #shorebreak #slide,0,273900,12,1679424688
918,7213434242921991430,2023-03-22,Someone called it ✨ #skimboarding #shine #wave #shorebreak #slide,Someone called it ✨ #skimboarding #shine #wave #shorebreak #slide,0,99100,12,1679508541
919,7213822098660265222,2023-03-23,"The shorebreak caught this seagull and she almost didn’t make it, glad that we were there to save her #seagull #shorebreak #rescue","The shorebreak caught this seagull and she almost didn’t make it, glad that we were there to save her #seagull #shorebreak #rescue",0,276700,14,1679598848
920,7214196903968378118,2023-03-24,Felt like an eagle 🦅 on this one #skimboarding #fly #shorebreak,Felt like an eagle 🦅 on this one #skimboarding #fly #shorebreak,0,28600,14,1679686111
921,7214547239191055621,2023-03-25,Rockin trough waves 🌊🤘🏼 @Infamous Stiffs #skimboarding #shorebreak,Rockin trough waves 🌊🤘🏼 @Infamous Stiffs #skimboarding #shorebreak,0,38400,13,1679767683
922,7214956321236323589,2023-03-26,Slow motion hits different 🥰#skimboarding #shorebreak #slowmotion,Slow motion hits different 🥰#skimboarding #shorebreak #slowmotion,0,113400,13,1679862927
923,7215332508999732486,2023-03-27,"Last session in Portugal, capture and edit by @João Amado (johns.way on instagram) music by thdsmusics #skimboarding #shorebreak #slowmo #tricks","Last session in Portugal, capture and edit by @João Amado (johns.way on instagram) music by thdsmusics #skimboarding #shorebreak #slowmo #tricks",0,11400,61,1679950516
924,7215647917699304709,2023-03-28,To the lady that stole my focus 🫶🏼😂 filmed by @jonhs.way #sexylady #skimboarding #slide #slowmo #shorebreak,To the lady that stole my focus 🫶🏼😂 filmed by @jonhs.way #sexylady #skimboarding #slide #slowmo #shorebreak,0,30400,14,1680023953
925,7216057701124656390,2023-03-29,First time being part of a movie 🤩 (sci fi) @offripskim stay tuned for this! #skimboarding #movie,First time being part of a movie 🤩 (sci fi) @offripskim stay tuned for this! #skimboarding #movie,0,14200,13,1680119363
926,7216429064913997062,2023-03-30,Slow motion 🤝🏼 flying upside down #skimboarding #flying #aerial #shorebreak #slowmo,Slow motion 🤝🏼 flying upside down #skimboarding #flying #aerial #shorebreak #slowmo,0,37400,10,1680205827
927,7216768164477078789,2023-03-31,Skimboard tutorial - how to get more speed #tutorial #skimboarding #howtoskimboard,Skimboard tutorial - how to get more speed #tutorial #skimboarding #howtoskimboard,0,114700,167,1680284780
928,7217149819444399365,2023-04-01,"Replying to @vitorfraga_ no wipeout, no complete session 😂 #wipeout #caldo #skimboarding #shorebreak",Respondendo a @vitorfraga_ sem caldo a session não está completa 😂 #wipeout #caldo #skimboarding #shorebreak,1,30900,11,1680373641
929,7217546402476444933,2023-04-02,Definitely the hardest trick on a skimboard #skimboarding #varialflip #shorebreak #trick,Definitely the hardest trick on a skimboard #skimboarding #varialflip #shorebreak #trick,0,57700,7,1680465978
930,7217916649658273029,2023-04-03,Novelty wave in Portugal #skimboarding #siderwave #shorebreak,Novelty wave in Portugal #skimboarding #siderwave #shorebreak,0,135700,19,1680552184
931,7218259013585128710,2023-04-04,Just leaked the sexret of my performance 🫣,Just leaked the sexret of my performance 🫣,0,23700,15,1680631895
932,7218624734940990725,2023-04-05,"Any skimboarder dream, thanks life 🫶🏼 #skimboarding #shorebreak #liner #trick","Any skimboarder dream, thanks life 🫶🏼 #skimboarding #shorebreak #liner #trick",0,793400,9,1680717048
933,7219013651796135174,2023-04-06,My type of 🇺🇸 highway #skimboarding #shorebreak #highway #wave #slide,My type of 🇺🇸 highway #skimboarding #shorebreak #highway #wave #slide,0,23000,15,1680807600
934,7219527013965532421,2023-04-08,Back to back with my friend Zac Henderson in the most iconic sider #skimboarding #shorebreak #sider,Back to back with my friend Zac Henderson in the most iconic sider #skimboarding #shorebreak #sider,0,106700,33,1680927127
935,7219888986746096902,2023-04-09,"Most epic session i had in a while with @andre_magarao, california st...","Most epic session i had in a while with @andre_magarao, california st...",0,66700,66,1681011406
936,7220260703129570565,2023-04-10,Still working on it but so stoked I’ve been landing a couple! #skimboarding #varialflip #shorebreak #trick #wave,Still working on it but so stoked I’ve been landing a couple! #skimboarding #varialflip #shorebreak #trick #wave,0,31500,10,1681097952
937,7220481388040948998,2023-04-10,First time getting florida waves 🇺🇸 #skimeverything #slide #ollie #wave,First time getting florida waves 🇺🇸 #skimeverything #slide #ollie #wave,0,76100,8,1681149332
938,7220987355769965830,2023-04-12,The combo you need 🚁🌊 #skimboarding #slide #trick #5shuv,The combo you need 🚁🌊 #skimboarding #slide #trick #5shuv,0,114500,9,1681267140
939,7221343659059383557,2023-04-13,Sometimes you just need to go the distance for that barrel #skimboarding #barrel #slide,Sometimes you just need to go the distance for that barrel #skimboarding #barrel #slide,0,66200,10,1681350097
940,7221552662519581958,2023-04-13,Only a skimboard required 😌,Only a skimboard required 😌,0,179800,16,1681398758
941,7222095418086214918,2023-04-15,This in and out felt good,This in and out felt good,0,54300,10,1681525130
942,7222340337627319558,2023-04-15,🦅 to the 🌊,🦅 to the 🌊,0,41600,7,1681582153
943,7222839224398023941,2023-04-17,Skimboard tutorial Part 3 - Timing of the drop #skimboarding #tutorial #timing,Skimboard tutorial Part 3 - Timing of the drop #skimboarding #tutorial #timing,0,106200,117,1681698311
944,7223084231377898757,2023-04-17,Missing these big ones #skimboarding #shovit #bigwaves,Missing these big ones #skimboarding #shovit #bigwaves,0,191600,15,1681755355
945,7223417598992649477,2023-04-18,Helicopter combo to a wave 🚁 #skimboarding #3shovit #5shovit #wave #shorebreak,Helicopter combo to a wave 🚁 #skimboarding #3shovit #5shovit #wave #shorebreak,0,103100,8,1681832972
946,7223834122135915781,2023-04-19,The meca of skimboarding 🫶🏼 #california #skimboarding #shorebreak,The meca of skimboarding 🫶🏼 #california #skimboarding #shorebreak,0,85000,28,1681929956
947,7224317245193800965,2023-04-21,The worst it could happen #rescue #rescuegoeswrong #bigwaves,The worst it could happen #rescue #rescuegoeswrong #bigwaves,0,11000000,28,1682042439
948,7224595595812457734,2023-04-21,Good to be back 🇧🇷🫶🏼 so good to be back #skimboarding #sider #shorebreak,Good to be back 🇧🇷🫶🏼 muito bom estar de volta #skimboarding #sider #shorebreak,1,107100,17,1682107246
949,7224954041338547483,2023-04-22,Flying high #skimboarding #fly #shorebreak,Flying high #skimboarding #fly #shorebreak,0,59900,7,1682190704
950,7225327869654797573,2023-04-23,Sliding and flying for breakfast 😋 video by @johns.way #skimboarding #shorebreak #slide #fly #360,Sliding and flying for breakfast 😋 video by @johns.way #skimboarding #shorebreak #slide #fly #360,0,60200,13,1682277742
951,7225665414364171525,2023-04-24,Big combo to start the week 😌 #lunch #skimboarding #shorebreak #combo,Big combo to start the week 😌 #lunch #skimboarding #shorebreak #combo,0,38000,8,1682356332
952,7226063753165507845,2023-04-25,Finless is the way 😌 #skimboarding #bigwaves #towing #jetski,Finless is the way 😌 #skimboarding #bigwaves #towing #jetski,0,58500,23,1682449079
953,7226419924267207941,2023-04-26,Believe in your dreams #skimboarding #shorebreak #bigwaves,Believe in your dreams #skimboarding #shorebreak #bigwaves,0,34600,177,1682532005
954,7226752078239091974,2023-04-27,Session with little mike is way more challenging 😂🫶🏼 #skimboarding #shorebreak #dog,Session with little mike is way more challenging 😂🫶🏼 #skimboarding #shorebreak #dog,0,107400,24,1682609341
955,7227163216500067589,2023-04-28,Flying through ✈️ #skimboarding #shorebreak,Flying through ✈️ #skimboarding #shorebreak,0,34800,7,1682705066
956,7227503748464037125,2023-04-29,This year we scored some fun ones 😌 #skimboarding #bigwaves #towing #jetski,This year we scored some fun ones 😌 #skimboarding #bigwaves #towing #jetski,0,51000,20,1682784353
957,7227929501970205957,2023-04-30,My dog never stops chasing me 🐕#skimboarding #shorebreak #barrel,My dog never stops chasing me 🐕#skimboarding #shorebreak #barrel,0,42100,11,1682883481
958,7228283860348308742,2023-05-01,Skimboard tutorial - Part 4: Water Drop 🌊 #skimboarding #tutorial #waterdrop #shorebreak,Skimboard tutorial - Part 4: Water Drop 🌊 #skimboarding #tutorial #waterdrop #shorebreak,0,114400,134,1682965987
959,7228622218178153734,2023-05-02,The reaction says everything 😂 #skimboarding #shorebreak #liner #longboard,The reaction says everything 😂 #skimboarding #shorebreak #liner #longboard,0,367200,10,1683044768
960,7228976007900859654,2023-05-03,The story of the biggest wipeout of my life #jetski #bigwaves #wipeout #caldo,A história do maior caldo da minha vida #jetski #bigwaves #wipeout #caldo,1,3200000,120,1683127141
961,7229345405258059013,2023-05-04,Sliding far and pumping for this one 💪🏼 #skimboarding #slide #shorebreak #liner,Sliding far and pumping for this one 💪🏼 #skimboarding #slide #shorebreak #liner,0,215200,14,1683213147
962,7229722345110392069,2023-05-05,Old clip that needs to come back #skimboarding #shorebreak #barrel,Old clip that needs to come back #skimboarding #shorebreak #barrel,0,71000,10,1683300911
963,7230086880887393542,2023-05-06,Thanks for the filming and the play-by-play 🫶🏼😂 #skimboarding #shorebreak #sider #brazil,Valeu pela filmagem e relato 🫶🏼😂 #skimboarding #shorebreak #sider #brazil,1,19800,22,1683385785
964,7230446845179251973,2023-05-07,My favorite shorebreak in the world 🇧🇷🫶🏼 #skimbording #shorebreak #sider,My favorite shorebreak in the world 🇧🇷🫶🏼 #skimbording #shorebreak #sider,0,216600,19,1683469596
965,7230899111942278405,2023-05-08,Proud to run this race another year 🫶🏼 #wingsforlifeworldrun #redbull #run,Orgulho participar nesta corrida mais um ano 🫶🏼 #wingsforlifeworldrun #redbull #run,1,15100,65,1683574898
966,7231210128748449030,2023-05-09,What style should I do next #skimboarding #sider #california #thewedge,What style should I do next #skimboarding #sider #california #thewedge,0,17900,12,1683647312
967,7231578503479708934,2023-05-10,This day is going down in history @Red Bull Brasil #skimboarding #ondasgigantes #bigwaves,Esse dia vai ficar para a história @Red Bull Brasil #skimboarding #ondasgigantes #bigwaves,1,25400,77,1683733081
968,7231944932305505541,2023-05-11,I call it skurf 😌 #skimboarding #surf,I call it skurf 😌 #skimboarding #surf,0,139800,27,1683818397
969,7232330489854577926,2023-05-12,Nothing better then a good back to back sider ✨ #skimboarding #sider #shorebreak,Nothing better then a good back to back sider ✨ #skimboarding #sider #shorebreak,0,14300,30,1683908166
970,7232696567575170309,2023-05-13,The wave which made history 🙌🏼 I’m blessed to go from shorebreaks to these massive waves with my skimboard #skimboarding #bigwaves,The wave which made history 🙌🏼 I’m blessed to go from shorebreaks to these massive waves with my skimboard #skimboarding #bigwaves,0,64500,22,1683993401
971,7233081676811881734,2023-05-14,Californina liners hit different #skimboarding #liner #shorebreak,Californina liners hit different #skimboarding #liner #shorebreak,0,218600,16,1684083066
972,7233452452262071558,2023-05-15,"Sometimes you just need to fly, the shorts helped me out here @Red Bull #skimboarding #fly #shorebreak","Sometimes you just need to fly, the shorts helped me out here @Red Bull #skimboarding #fly #shorebreak",0,252000,9,1684169394
973,7234205252549872901,2023-05-17,The best magic trick you’ll see today #shorebreak #skimboarding #magic #SeSujarFazBem,The best magic trick you’ll see today #shorebreak #skimboarding #magic #SeSujarFazBem,0,157000,11,1684344668
974,7234540713936129286,2023-05-18,The tow in days started on concrete! From there to big waves 😂 early urban skim session @Adrien Raza #skimboarding #concrete #towing,The tow in days started on concrete! From there to big waves 😂 early urban skim session @Adrien Raza #skimboarding #concrete #towing,0,55800,13,1684422774
975,7234914852517563653,2023-05-19,The chaos that I love 🌊 🇧🇷🇲🇽#skimboarding #shorebreak #brasil #mexico,The chaos that I love 🌊 🇧🇷🇲🇽#skimboarding #shorebreak #brasil #mexico,0,38400,61,1684509884
976,7235330259166498054,2023-05-20,Combo for breakfast 😋 #skimboarding #combo #shorebreak #liner,Combo for breakfast 😋 #skimboarding #combo #shorebreak #liner,0,95000,7,1684606605
977,7235660328137133318,2023-05-21,One feet floater 🦶🏼#skimboarding,One feet floater 🦶🏼#skimboarding,0,16600,9,1684683453
978,7236062752190516485,2023-05-22,Was not expecting that ending 😅 #skimboarding #shorebreak #sider,Was not expecting that ending 😅 #skimboarding #shorebreak #sider,0,36600,15,1684777152
979,7236416267182230789,2023-05-23,That one was close 😅 #skimboarding #shorebreak,Essa foi perto 😅 #skimboarding #shorebreak,1,295400,15,1684859461
980,7236806679877127429,2023-05-24,Sharing is caring 🫶🏼 with my friend @rjward21 #skimboarding #shorebreak #mexico,Sharing is caring 🫶🏼 with my friend @rjward21 #skimboarding #shorebreak #mexico,0,85800,9,1684950360
981,7237170095250869509,2023-05-25,"Mexican waves are special, still don’t believe that I came out from this one 😂 #skimboarding #shorebreak #mexico","Mexican waves are special, still don’t believe that I came out from this one 😂 #skimboarding #shorebreak #mexico",0,64300,14,1685034975
982,7237552234123349254,2023-05-26,Is this the most legendary wave in Europe? #skimboarding #shorebreak,Será a onda mais lendária da Europa? #skimboarding #shorebreak,1,28200,12,1685123948
983,7237921555139939590,2023-05-27,Love this shorebreak 🇲🇽🫶🏼✨ #skimboarding #shorebreak #mexico,Love this shorebreak 🇲🇽🫶🏼✨ #skimboarding #shorebreak #mexico,0,16500,12,1685209938
984,7238296974758366470,2023-05-28,The rocks make it so much fun #skimboarding #rocks,The rocks make it so much fun #skimboarding #rocks,0,174500,8,1685297347
985,7238607662009650438,2023-05-29,Watching @World Surf League in surf ranch brought me memories of this epic place #skimboarding #surfranch,Watching @World Surf League in surf ranch brought me memories of this epic place #skimboarding #surfranch,0,180200,21,1685369685
986,7239015425315589381,2023-05-30,Probably one of the most crazy waves I caught during a competition! #skimboarding #competition,Probably one of the most crazy waves I caught during a competition! #skimboarding #competition,0,107600,14,1685464624
987,7239371313075211525,2023-05-31,California siders always had my heart #skimboarding #california #shorebreak,California siders always had my heart #skimboarding #california #shorebreak,0,62100,10,1685547485
988,7239743583392206085,2023-06-01,My partner in crime 🐶 #littlemike #dog #skimboarding,My partner in crime 🐶 #littlemike #dog #skimboarding,0,202700,10,1685634161
989,7240108582165810438,2023-06-02,And when the @Red Bull Bragantino mascot turned into a skim kid?,E quando a mascote da @Red Bull Bragantino virou skim cria?,1,18300,25,1685719143
990,7240479303669009669,2023-06-03,California barrels can never be too much #skimboarding #shorebreak,California barrels can never be too much #skimboarding #shorebreak,0,266400,14,1685805460
991,7240848359584533765,2023-06-04,Nothing beats a session in the backyard 🇧🇷 #skimboarding #brazil #shorebreak,Não tem nada como sessão no quintal 🇧🇷 #skimboarding #brazil #shorebreak,1,84100,11,1685891387
992,7241270007664037125,2023-06-05,The history of skimboarding straight from PodPah #skimboarding #historia #podpah,História do Skimboard diretamente do PodPah #skimboarding #historia #podpah,1,41700,100,1685989561
993,7241672944202599685,2023-06-06,"Skimboarding in Nazaré, @Podpah Podcast edition #skimboarding #nazare",Skimboard em Nazaré versão @Podpah Podcast #skimboarding #nazare,1,135500,77,1686083377
994,7241972156383399174,2023-06-07,Explaining big wave wipeouts on the @Podpah Podcast #apneia #ondasgigantes,Explicando o caldo de ondas giganges no @Podpah Podcast #apneia #ondasgigantes,1,47100,64,1686153042
995,7242372494903086342,2023-06-08,Dodging every obstacle in the final 😂 #skimboarding #campeonato,Contornando todos os obstáculos na final 😂 #skimboarding #campeonato,1,108700,16,1686246254
996,7242719583080058117,2023-06-09,Small ones in the backyard #skimboarding #shorebreak,Small ones in the backyard #skimboarding #shorebreak,0,21800,11,1686327065
997,7243143170131987717,2023-06-10,The truth about the skimboard on a giant wave on the @Podpah Podcast #skimboarding #ondasgigantes,A verdade sobre a prancha de skimboard em onda gigante no @Podpah Podcast #skimboarding #ondasgigantes,1,12700,93,1686425691
998,7243495829074447622,2023-06-11,Nothing like a barrel for breakfast ✨ #california #skimboarding #shorebreak #barrel,Nothing like a barrel for breakfast ✨ #california #skimboarding #shorebreak #barrel,0,32600,10,1686507800
999,7243861002167520518,2023-06-12,My favorite wave in the world! #skimboarding #brazil #shorebreak,My favorite wave in the world! #skimboarding #brazil #shorebreak,0,21100,22,1686592822
1000,7244222942303866118,2023-06-13,The paddle that we love #skimboarding #sununga #brazil,The paddle that we love #skimboarding #sununga #brazil,0,87600,25,1686677094
1001,7244579535017069829,2023-06-14,Biggest backflip on a skimboard? #skimboarding #backflip #flying,Biggest backflip on a skimboard? #skimboarding #backflip #flying,0,184700,16,1686760121
1002,7244967892343622917,2023-06-15,"I tried the best man made wave! Perfect swell in Boa Vista village, São Paulo 🇧🇷 Thank you so much for the opportunity ✨ #perfectswell #boavistavillage #skimboarding","I tried the best man made wave! Perfect swell in Boa Vista village, São Paulo 🇧🇷 Muito obrigado pela oportunidade ✨ #perfectswell #boavistavillage #skimboarding",1,34400,24,1686850541
1003,7245361455510457605,2023-06-16,A wild Fink appears in the air #skimboarding #flying #shorebreak,A wild Fink appears in the air #skimboarding #flying #shorebreak,0,16700,8,1686942177
1004,7245730316772461829,2023-06-17,The best skim playground #skimboarding #shorebreak,The best skim playground #skimboarding #shorebreak,0,79500,22,1687028057
1005,7246067595214966021,2023-06-18,Tail loose is the mood #skimboarding,Tail loose is the mood #skimboarding,0,126400,10,1687106586
1006,7246511725212683525,2023-06-19,Skimboard + Surf = Skurf,Skimboard + Surf = Skurf,0,32900,19,1687209995
1007,7246816440408395014,2023-06-20,Should i get 3 waves next time? #skimboarding #shorebreak,Should i get 3 waves next time? #skimboarding #shorebreak,0,25900,15,1687280939
1008,7247172130415119621,2023-06-21,Shaky 360 but it held 😂 #skimboarding #shorebreak,360 tremido mas segurou 😂 #skimboarding #shorebreak,1,85700,13,1687363755
1009,7247568394642279686,2023-06-22,"If you love it, you know 🫶🏼 #skimboarding #shorebreak #skimcria",Quem ama sabe 🫶🏼 #skimboarding #shorebreak #skimcria,1,839800,14,1687456017
1010,7247975211524508934,2023-06-23,From back when Portugal had waves aka winter #skimboarding #shorebreak,De quando havia ondas em Portugal aka inverno #skimboarding #shorebreak,1,27600,11,1687550737
1011,7248300567380970758,2023-06-24,Why not joining both? 🤷🏽‍♂️ #skimboarding #skate #surf,Why not joining both? 🤷🏽‍♂️ #skimboarding #skate #surf,0,30700,9,1687626491
1012,7248661424380054790,2023-06-25,Solo session for practice,Solo session for practice,0,31600,20,1687710508
1013,7249027546497486086,2023-06-26,Spinning my way through the week #skimboarding,Rodopiando pela semana fora #skimboarding,1,167600,11,1687795754
1014,7249412146583375110,2023-06-27,Getting low and slow for the barrel,Getting low and slow for the barrel,0,30000,10,1687885299
1015,7249746925082217733,2023-06-28,"Small shorebreak, small superman #skimboarding","Small shorebreak, small superman #skimboarding",0,396800,7,1687963246
1016,7250130317401509126,2023-06-29,Nothing better then sharing waves with friends #skimboarding,Nothing better then sharing waves with friends #skimboarding,0,234400,22,1688052511
1017,7250400953323621638,2023-06-30,Caught a portuguese south swell #skimboarding #wave,Caught a portuguese south swell #skimboarding #wave,0,10700000,12,1688115524
1018,7251239357342960901,2023-07-02,The European mission has begun #skimboarding,The European mission has begun #skimboarding,0,182300,9,1688310730
1019,7251664392872398086,2023-07-03,Spinning through the week like #skimboarding,Spinning through the week like #skimboarding,0,1200000,9,1688409691
1020,7252005361962487045,2023-07-04,Rocks are a skimboarders best friends #skimboarding #rock,Rocks are a skimboarders best friends #skimboarding #rock,0,1500000,14,1688489079
1021,7252345341121400070,2023-07-05,Slinding far for this one #skimboarding,Slinding far for this one #skimboarding,0,100200,9,1688568236
1022,7253101045990231301,2023-07-07,How to go from a beach to another #skimboarding,How to go from a beach to another #skimboarding,0,1000000,12,1688744189
1023,7253453089812778246,2023-07-08,Skimboarding in the summer be like,Skimboarding in the summer be like,0,32700000,13,1688826153
1024,7254607666830462214,2023-07-11,Flying in my favorite wave in the world,Flying in my favorite wave in the world,0,53500,23,1689094976
1025,7254996569399889158,2023-07-12,You have to forget them when you’re skimboarding,You have to forget them when you’re skimboarding,0,3400000,9,1689185524
1026,7255332593367862533,2023-07-13,Skimboarding 🤝🏼 Rocks,Skimboarding 🤝🏼 Rocks,0,50000,20,1689263760
1027,7256427858908695814,2023-07-16,"Sharing is caring, specially this wave 🫶🏼","Sharing is caring, specially this wave 🫶🏼",0,50100,11,1689518772
1028,7257220744252329221,2023-07-18,"The ending slide felt too good, first competition won in the 2023 UST, one step closer 🙌🏼","The ending slide felt too good, first competition won in the 2023 UST, one step closer 🙌🏼",0,94200,41,1689703381
1029,7257551070631595269,2023-07-19,The combo in the end felt really good #skimboarding,The combo in the end felt really good #skimboarding,0,39800,9,1689780290
1030,7257888518897241349,2023-07-20,Little waves get me happy,Little waves get me happy,0,60700,13,1689858858
1031,7258329709195431174,2023-07-21,Flying through the week like,Flying through the week like,0,40700,5,1689961582
1032,7258662402038729990,2023-07-22,"Always good to be back 🇺🇸 can’t wait to get more barrels like this, video by @SoLagLocal #barrel","Always good to be back 🇺🇸 can’t wait to get more barrels like this, video by @SoLagLocal #barrel",0,211400,10,1690039042
1033,7259020136878132485,2023-07-23,Rocks make the perfect waves for skimboarding,Rocks make the perfect waves for skimboarding,0,96200,7,1690122335
1034,7259425069342952709,2023-07-24,"Straight from yesterday’s competition, let’s go the next stop 💪🏼","Straight from yesterday’s competition, let’s go the next stop 💪🏼",0,35700,8,1690216614
1035,7259791817720335621,2023-07-25,Winter waves > Summer waves,Winter waves > Summer waves,0,53500,10,1690302005
1036,7260197221533093125,2023-07-26,Square waves 🤝🏼 skimboarders,Square waves 🤝🏼 skimboarders,0,639100,21,1690396395
1037,7260451963559546118,2023-07-27,Even with bad conditions we had a battle till the end 💪🏼 the world title is coming 🏆,Even with bad conditions we had a battle till the end 💪🏼 the world title is coming 🏆,0,43200,81,1690455707
1038,7260891858283302149,2023-07-28,Sometimes I feel like changing boards mid wave 😂,Sometimes I feel like changing boards mid wave 😂,0,789500,8,1690558128
1039,7261562918410505477,2023-07-30,Combining skate with waves 🏄🏼‍♂️,Combining skate with waves 🏄🏼‍♂️,0,59100,11,1690714379
1040,7262033423689125126,2023-07-31,"Going downstairs, trying to keep up with @Adrien Raza 😂 #skimboarding","Going downstairs, trying to keep up with @Adrien Raza 😂 #skimboarding",0,144500,14,1690823920
1041,7262415200450530565,2023-08-01,Sliding far for this one #skimboarding #shorebreak,Sliding far for this one #skimboarding #shorebreak,0,66100,11,1690912809
1042,7262828734028238085,2023-08-02,If you don’t fall the session is not complete 😂 #skimboarding,If you don’t fall the session is not complete 😂 #skimboarding,0,75200,5,1691009092
1043,7263138850317421830,2023-08-03,Stairs skimboarding is the new sport we need #skimboarding #stairs,Stairs skimboarding is the new sport we need #skimboarding #stairs,0,125500,16,1691081297
1044,7263566896895675653,2023-08-04,Better comes in the end 😂 #skimboarding #shorebreak,Better comes in the end 😂 #skimboarding #shorebreak,0,3000000,28,1691180960
1045,7264264330776956165,2023-08-06,I had to check the other side too 😂 #skimboarding #shorebreak,I had to check the other side too 😂 #skimboarding #shorebreak,0,81700,23,1691343343
1046,7264629478918262022,2023-08-07,Had to take the jeans 😂 #skimboarding #jeans,Had to take the jeans 😂 #skimboarding #jeans,0,79300,20,1691428361
1047,7265062963172691206,2023-08-08,This day was magic 🪄 #skimboarding,This day was magic 🪄 #skimboarding,0,56100,18,1691529290
1048,7265081058054442246,2023-08-08,"Falls are part of my routine as an athlete, but what matters most is always getting back up and moving on to the next challenge. And when the pain shows up, leave it to @dorflexoficial the number 1 in fighting pain¹ #DeixaComigo #publicidade","As quedas fazem parte da minha rotina de atleta mas o mais importante é sempre levantar e seguir em frente para os próximos desafios. Já quando a dor aparece, deixa com @dorflexoficial o número 1 no combate das dores¹ #DeixaComigo #publicidade",1,36400,29,1691533504
1049,7265386211005435141,2023-08-09,Pope Francis blessed our swell for this season ✨ #bigwaves Thanks for the inspiration @Nic Von Rupp 🫶🏼,Pope Francis blessed our swell for this season ✨ #bigwaves Thanks for the inspiration @Nic Von Rupp 🫶🏼,0,39400,37,1691604551
1050,7265775106184465669,2023-08-10,Exists and i skimmed it 🥹 #skimboarding #wavepool,Exists and i skimmed it 🥹 #skimboarding #wavepool,0,106100,26,1691695098
1051,7266145157328719110,2023-08-11,South of Portugal trested us good 🌊 #skimboarding #liner,South of Portugal trested us good 🌊 #skimboarding #liner,0,122800,18,1691781256
1052,7266366572820712709,2023-08-12,Delaware competition it’s on #skimboarding,Delaware competition it’s on #skimboarding,0,117000,39,1691832810
1053,7266783672190176518,2023-08-13,My favorite place in the world 🫶🏼 #skimboarding,My favorite place in the world 🫶🏼 #skimboarding,0,179900,18,1691929922
1054,7267187428262448389,2023-08-14,The power of the ocean is something unique #skimboarding #bigwaves,The power of the ocean is something unique #skimboarding #bigwaves,0,183300,16,1692023930
1055,7268002344007191813,2023-08-16,"The waves that made me win the last competition, one more to go 🙌🏼 #skimboarding #competition","The waves that made me win the last competition, one more to go 🙌🏼 #skimboarding #competition",0,118400,18,1692213668
1056,7268316236675665157,2023-08-17,"FPV 🤝🏼 Skimboarding, video by @Paddy Mack","FPV 🤝🏼 Skimboarding, video by @Paddy Mack",0,72000,11,1692286751
1057,7268632671813782790,2023-08-18,Had to go for a back massage after this landing #skimboarding #bigwaves,Had to go for a back massage after this landing #skimboarding #bigwaves,0,865900,20,1692360426
1058,7269094296857398533,2023-08-19,California sunset barrel #skimboarding,California sunset barrel #skimboarding,0,29200,5,1692467907
1059,7269437243599686917,2023-08-20,If you doubt check the board flying in the end 😂 #skimboarding #bigwaves,If you doubt check the board flying in the end 😂 #skimboarding #bigwaves,0,40500,32,1692547755
1060,7270100350659759365,2023-08-22,Best sunset session I’ve ever had #skimboarding,Best sunset session I’ve ever had #skimboarding,0,48100,13,1692702147
1061,7270478588162428166,2023-08-23,Storm brought some love 🌊 #skimboarding,Storm brought some love 🌊 #skimboarding,0,1100000,13,1692790213
1062,7270879002183634181,2023-08-24,My favorite 😌 #skimboarding #shorebreak,My favorite 😌 #skimboarding #shorebreak,0,259200,5,1692883440
1063,7271256595705646342,2023-08-25,California combo 🦭🏄🏼‍♂️ #skimboarding #sealion,California combo 🦭🏄🏼‍♂️ #skimboarding #sealion,0,34300,8,1692971355
1064,7271638195098356997,2023-08-26,"Thanks universe, for this magical session 🫶🏼✨ #skimboarding #sunset #shorebreak","Thanks universe, for this magical session 🫶🏼✨ #skimboarding #sunset #shorebreak",0,22100,63,1693060204
1065,7271970356909362438,2023-08-27,A dream session to remember #skimbaording,A dream session to remember #skimbaording,0,2000000,11,1693137541
1066,7272448362501197062,2023-08-28,We did it!!! 3rd time in a row 🙌🏼🏆✨ bora timeee #skimboarding #worldchampion #ust,We did it!!! 3rd time in a row 🙌🏼🏆✨ bora timeee #skimboarding #worldchampion #ust,0,28100,51,1693248837
1067,7272784825986239750,2023-08-29,The boogie board at the end 😂 #skimboarding #shorebreak,The boogie board at the end 😂 #skimboarding #shorebreak,0,36500,15,1693327176
1068,7273194269140126982,2023-08-30,The best hurricane session I’ve ever had #california #skimboarding,The best hurricane session I’ve ever had #california #skimboarding,0,788700,7,1693422507
1069,7273525620166937861,2023-08-31,Taking a drive into this wave 🌊@slick_naim #takeadrive #skimboarding,Taking a drive into this wave 🌊@slick_naim #takeadrive #skimboarding,0,22800,12,1693499655
1070,7273854442473065733,2023-09-01,Battling to get this one @Bryce MacEvoy #infinite #skimboarding,Battling to get this one @Bryce MacEvoy #infinite #skimboarding,0,62100,10,1693576215
1071,7274308991998528774,2023-09-02,"Living the dream, thanks skimboarding 🫶🏼✨ #skimboarding #california #dream","Living the dream, thanks skimboarding 🫶🏼✨ #skimboarding #california #dream",0,686600,8,1693682048
1072,7274685276432174342,2023-09-03,Risking his life for the shot #skimboarding #filmer #shorebreak,Risking his life for the shot #skimboarding #filmer #shorebreak,0,833400,10,1693769660
1073,7275060094545480966,2023-09-04,"If you ever forget your shorst, it’s confirmed that jeans work too 😂 #skimboarding #jeans","If you ever forget your shorst, it’s confirmed that jeans work too 😂 #skimboarding #jeans",0,29200,60,1693856928
1074,7275732987872955654,2023-09-06,"Already missing the California waves, thanks for the shot @SoLagLocal","Already missing the California waves, thanks for the shot @SoLagLocal",0,83800,13,1694013599
1075,7276143821098978566,2023-09-07,The POV I’ll never forget #worldrecord #bigwaves #skimboarding,The POV I’ll never forget #worldrecord #bigwaves #skimboarding,0,35000,23,1694109252
1076,7276486563641527558,2023-09-08,Shorebreak barrels are too much fun #california #shorebreak #barrel,Shorebreak barrels are too much fun #california #shorebreak #barrel,0,1900000,11,1694189053
1077,7276890320846081286,2023-09-09,"Second stop of the european championship, tomorrow finals! #europeanchampionship #finals","Second stop of the european championship, tomorrow finals! #europeanchampionship #finals",0,221900,13,1694283061
1078,7277254911031528710,2023-09-10,"Had to fight for this one, California dreaming ✨ #skimboarding #california","Had to fight for this one, California dreaming ✨ #skimboarding #california",0,120500,11,1694367948
1079,7277598456200301829,2023-09-11,Sliding and twisting ✨ @ʍօօժվվ 🤍 #explore #skimboarding #shorebreak,Sliding and twisting ✨ @ʍօօժվվ 🤍 #explore #skimboarding #shorebreak,0,25900,10,1694447936
1080,7278042324431588614,2023-09-12,"Always good to be back 🇪🇸✨ europe skimboarding tour, only one left 💪🏼 #euroskimtour #skimboarding","Always good to be back 🇪🇸✨ europe skimboarding tour, only one left 💪🏼 #euroskimtour #skimboarding",0,84600,37,1694551283
1081,7278396152117021958,2023-09-13,"My smile says everything about this contest, we got such good waves ✨ #skimboarding #contest #competition","My smile says everything about this contest, we got such good waves ✨ #skimboarding #contest #competition",0,174500,12,1694633665
1082,7278694016823201030,2023-09-14,"My biggest accomplishment, skimboarding giant waves #skimboarding #bigwaves #nazare","My biggest accomplishment, skimboarding giant waves #skimboarding #bigwaves #nazare",0,129000,95,1694703015
1083,7279123348422937861,2023-09-15,Time flies when you’re sliding out for perfect waves 🌊✨ @gabriela #timeless #skimboarding,Time flies when you’re sliding out for perfect waves 🌊✨ @gabriela #timeless #skimboarding,0,83600,11,1694802977
1084,7279493467926105349,2023-09-16,"The clash of the titans, a never ending battle 😂 who won this one? #skimboarding #boogieboard","The clash of the titans, a never ending battle 😂 who won this one? #skimboarding #boogieboard",0,177300,11,1694889153
1085,7279875025153379590,2023-09-17,Finals of my last contest in Spain 🇪🇸 #contest #skimboarding,Finals of my last contest in Spain 🇪🇸 #contest #skimboarding,0,46000,62,1694977993
1086,7280220460896374022,2023-09-18,One month left for the begining of the season 🌊 #bigwaves #skimboarding,One month left for the begining of the season 🌊 #bigwaves #skimboarding,0,17800,59,1695058420
1087,7280616713916255494,2023-09-19,Ready to take off ✈️ #skimboarding #shorebreak #flying,Ready to take off ✈️ #skimboarding #shorebreak #flying,0,20400,5,1695150678
1088,7281012033603128582,2023-09-20,The freedom of skimboarding big waves 🌊✨ #bigwaves #skimboarding,The freedom of skimboarding big waves 🌊✨ #bigwaves #skimboarding,0,164800,20,1695242723
1089,7281404461627559174,2023-09-21,Wait for the connection 🌊 my favorite spot in the world #skimboarding #wave,Wait for the connection 🌊 my favorite spot in the world #skimboarding #wave,0,36000,22,1695334092
1090,7281758194580393222,2023-09-22,Flowing in California ✨ #skimboarding #shorebreak,Flowing in California ✨ #skimboarding #shorebreak,0,27000,10,1695416452
1091,7282105071981120773,2023-09-23,Why walking when you can skimboarding? #shorebreak,Why walking when you can skimboarding? #shorebreak,0,599600,31,1695497215
1092,7282489454315441414,2023-09-24,Dog knew I was skimboarding from a beach to another 🐕,Dog knew I was skimboarding from a beach to another 🐕,0,28700,11,1695586711
1093,7282752902735678726,2023-09-25,The worst wipeout of my life. My team of professionals saved me after those waves. In the end everything was ok and I went back for the best wave of the day! #skimboarding #wipeout,The worst wipeout of my life. My team of professionals saved me after those waves. In the end everything was ok and I went back for the best wave of the day! #skimboarding #wipeout,0,33100,26,1695648049
1094,7283238398016408838,2023-09-26,"The most unreal session of my life, these X formed waves have insane power, making me cross the all beach in one go #skimboarding #squarewaves","The most unreal session of my life, these X formed waves have insane power, making me cross the all beach in one go #skimboarding #squarewaves",0,78900,77,1695761089
1095,7283604536495721734,2023-09-27,Summer time means obstacle course at the beach 🏖️,Summer time means obstacle course at the beach 🏖️,0,1600000,11,1695846336
1096,7283897799882673414,2023-09-28,"European Skimboard contests have been crazy! Next stop, France ✨ @DANIELA #somebody #skimboarding","European Skimboard contests have been crazy! Next stop, France ✨ @DANIELA #somebody #skimboarding",0,19800,9,1695914617
1097,7284357654170930437,2023-09-29,"A blessed journey, thank you skimboard 🫶🏼 #skimboarding #bigwaves #shorebreak","A blessed journey, thank you skimboard 🫶🏼 #skimboarding #bigwaves #shorebreak",0,4900000,21,1696021686
1098,7285096241594240262,2023-10-01,Getting stucked in a giang wave #skimboarding #wipeout,Getting stucked in a giang wave #skimboarding #wipeout,0,16000,23,1696193651
1099,7285484094669081861,2023-10-02,How to get barreled on shorebreak,How to get barreled on shorebreak,0,14500,6,1696283957
1100,7285781177376509190,2023-10-03,Can you count how many spins my board did on this wave? #skimboarding #spins,Can you count how many spins my board did on this wave? #skimboarding #spins,0,15200,9,1696353125
1101,7286198034961124614,2023-10-04,Grateful to share my skimboarding with the next generation ❤️,Grateful to share my skimboarding with the next generation ❤️,0,55600,66,1696450183
1102,7286588067022966021,2023-10-05,The creation of this moment ✨ #skimboarding #waves #sunset,The creation of this moment ✨ #skimboarding #waves #sunset,0,12100,6,1696540995
1103,7286954733368069381,2023-10-06,That’s how you should leave a competition #skimboarding,That’s how you should leave a competition #skimboarding,0,21400,9,1696626365
1104,7287322774320745733,2023-10-07,Crazy California sunset session #skimboarding,Crazy California sunset session #skimboarding,0,233900,7,1696712056
1105,7287736595426397446,2023-10-08,Taking skimboarding everywhere ✨,Taking skimboarding everywhere ✨,0,18100,14,1696808407
1106,7288453177131732229,2023-10-10,What a dream! Thanks for art bro @ManoBenke thanks for the art brother 🫶🏼 #skimboarding,What a dream! Thanks for art bro @ManoBenke obrigado pela arte irmão 🫶🏼 #skimboarding,1,10600,24,1696975250
1107,7288811726944881925,2023-10-11,My favorite type of turn ✨ #skimboarding,My favorite type of turn ✨ #skimboarding,0,282700,7,1697058729
1108,7289117448278723845,2023-10-12,My favorite way of surfing waves #skimboarding,My favorite way of surfing waves #skimboarding,0,23500,27,1697129911
1109,7289545010750590214,2023-10-13,California playground 🏄🏼‍♂️ #skimboarding,California playground 🏄🏼‍♂️ #skimboarding,0,15000,12,1697229461
1110,7290208172696964358,2023-10-15,Sometimes you just need to believe #skimboarding,Sometimes you just need to believe #skimboarding,0,310700,44,1697383863
1111,7290671022343245061,2023-10-16,France treated us good 🇫🇷 best liner day ever #skimboarding,France treated us good 🇫🇷 best liner day ever #skimboarding,0,5000000,24,1697491632
1112,7291077252639427846,2023-10-17,Hossegor has skimboard shorebreak!,Hossegor has skimboard shorebreak!,0,139800,19,1697586214
1113,7291444176644852998,2023-10-18,The chaos of the best shorebreak in the world #skimboarding,The chaos of the best shorebreak in the world #skimboarding,0,140100,26,1697671644
1114,7291710851705310469,2023-10-19,They couldn’t resist much to surfing with the boards 😂,They couldn’t resist much to surfing with the boards 😂,0,236900,95,1697733734
1115,7292455828378995973,2023-10-21,The board that gave me the most perfect wave of my life! A prancha que me deu a onda mais perfeita da minha vida! #skimboarding @Exile Skimboards @Red Bull Surfing,The board that gave me the most perfect wave of my life! A prancha que me deu a onda mais perfeita da minha vida! #skimboarding @Exile Skimboards @Red Bull Surfing,0,111000,92,1697907188
1116,7292779756091706630,2023-10-22,Name this trick #skimboarding,Name this trick #skimboarding,0,201200,7,1697982607
1117,7293263388275117317,2023-10-23,There’s no better combination 😌 #skimboarding,There’s no better combination 😌 #skimboarding,0,13800,12,1698095211
1118,7293615026814864646,2023-10-24,European Skimboard paradise 🇫🇷✨,European Skimboard paradise 🇫🇷✨,0,28100,21,1698177084
1119,7294028086268464390,2023-10-25,"1, 2 or 3 ? 🤔 the skimboarding paradise is real","1, 2 or 3 ? 🤔 the skimboarding paradise is real",0,10800,61,1698273258
1120,7294642231389064454,2023-10-27,"Pair this audio with your cute pet, session with little mike 🐕 #Onereality #skimboarding","Pair this audio with your cute pet, session with little mike 🐕 #Onereality #skimboarding",0,41900,10,1698416248
1121,7295066856619052294,2023-10-28,The best European wave 🌊 #skimboarding #france,The best European wave 🌊 #skimboarding #france,0,23800,27,1698515115
1122,7295510336084512005,2023-10-29,The big wave season is here! Video by @Above Creators #skimboarding,The big wave season is here! Video by @Above Creators #skimboarding,0,58800,14,1698618373
1123,7295693702805114118,2023-10-30,Wave made by rocks? #skimboarding,Wave made by rocks? #skimboarding,0,12600,14,1698661064
1124,7296196159444667653,2023-10-31,The fastest way to cross a beach #skimboarding,The fastest way to cross a beach #skimboarding,0,1400000,20,1698778052
1125,7296574261970423046,2023-11-01,Wondering how many can I do 🤔,Wondering how many can I do 🤔,0,28200,10,1698866087
1126,7297313685964393733,2023-11-03,The most satisfying feeling #skimboarding,The most satisfying feeling #skimboarding,0,205000,9,1699038246
1127,7297758462358899974,2023-11-04,The perfect rock formations to create a unique wave 🌊 #skimboarding #shorebreak,The perfect rock formations to create a unique wave 🌊 #skimboarding #shorebreak,0,37400,23,1699141804
1128,7298061002573090053,2023-11-05,How did I caught the biggest wave ever surfed with a skimboard 🌊 full video in redbull tv: Skimboard Nazaré,How did I caught the biggest wave ever surfed with a skimboard 🌊 full video in redbull tv: Skimboard Nazaré,0,13800,60,1699212244
1129,7298677504695356678,2023-11-07,More and more passion #skimboarding,More and more passion #skimboarding,0,39300,8,1699355783
1130,7299229653405863174,2023-11-08,Skimboarders 🤝🏼 Chaotic waves,Skimboarders 🤝🏼 Chaotic waves,0,24200,20,1699484342
1131,7299433733419961606,2023-11-09,What saves my life during big wave wipeouts! #ondasgigantes #salvavidas #colete,O que salva a minha vida na hora dos caldos em ondas gigantes! #ondasgigantes #salvavidas #colete,1,1300000,95,1699531856
1132,7300149799662226694,2023-11-11,Never skimboard with something you don’t wanna loose 😂 #skimboarding #glasses,Never skimboard with something you don’t wanna loose 😂 #skimboarding #glasses,0,30400,15,1699698581
1133,7300704011508862213,2023-11-12,What saves my life when I wipeout in big waves! #safetyvest,What saves my life when I wipeout in big waves! #safetyvest,0,236400,18,1699827618
1134,7301087271179128070,2023-11-13,No fins and no straps 🫢 the most beautiful wave of my life! #skimboarding,No fins and no straps 🫢 the most beautiful wave of my life! #skimboarding,0,26400,22,1699916853
1135,7301656479076044037,2023-11-15,"When in California, a barrel is necessary #skimboarding #barrel","When in California, a barrel is necessary #skimboarding #barrel",0,19700,7,1700049381
1136,7302191603588877573,2023-11-16,The search brought me to shorebreak paradise 🇫🇷✨ #skimboarding,The search brought me to shorebreak paradise 🇫🇷✨ #skimboarding,0,20800,25,1700173977
1137,7302496874932604165,2023-11-17,The most satisfying trick on a skimboard 😌,The most satisfying trick on a skimboard 😌,0,17400,5,1700245051
1138,7302881166195952901,2023-11-18,"Skimboard competitions are usually in a small area of the beach, but this one would carry us through the all beach 😂 and then we had to run back fast to get another one!","Skimboard competitions are usually in a small area of the beach, but this one would carry us through the all beach 😂 and then we had to run back fast to get another one!",0,87000,29,1700334525
1139,7303593255554272518,2023-11-20,Fins free on big waves 🧘🏼✨ #skimboarding #bigwaves,Fins free on big waves 🧘🏼✨ #skimboarding #bigwaves,0,18400,23,1700500321
1140,7303950830376373509,2023-11-21,Craziest competition ever! Can you count how many tricks was it? 👀 #skimboarding #competition,Craziest competition ever! Can you count how many tricks was it? 👀 #skimboarding #competition,0,24700,23,1700583577
1141,7304390669747981574,2023-11-22,No fins club 🙋🏼‍♂️ #skimboarding,No fins club 🙋🏼‍♂️ #skimboarding,0,283800,32,1700685986
1142,7304801380940647685,2023-11-23,The question I have the most 😂 big part of skimboarding is actually falling! A few wipeouts of the last years #skimboarding,The question I have the most 😂 big part of skimboarding is actually falling! A few wipeouts of the last years #skimboarding,0,31900,14,1700781611
1143,7305124370114989318,2023-11-24,"Believe it or not, that’s a skimboard 👆🏼","Believe it or not, that’s a skimboard 👆🏼",0,22700,12,1700856813
1144,7305525603581578501,2023-11-25,Making the impossible possible 🫡,Making the impossible possible 🫡,0,28200,15,1700950233
1145,7305813153227476230,2023-11-26,Pushing skimboarding to the highest level ! Thank you Nazaré 🙏🏼,Pushing skimboarding to the highest level ! Thank you Nazaré 🙏🏼,0,29000,27,1701017182
1146,7306569134702136582,2023-11-28,Accidental 720 on big wave 🤔 video by: @Yunes Khader,Accidental 720 on big wave 🤔 video by: @Yunes Khader,0,40400,20,1701193198
1147,7306947891824807173,2023-11-29,The most dangerous that I’ve done (without crashing 😂),The most dangerous that I’ve done (without crashing 😂),0,1000000,28,1701281385
1148,7307256597032488198,2023-11-30,From shorebreak to gigantic 🌊 #skimboarding,From shorebreak to gigantic 🌊 #skimboarding,0,76100,9,1701353260
1149,7308097832383286533,2023-12-02,The best mix you can have 😌 #skimboarding,The best mix you can have 😌 #skimboarding,0,521600,17,1701549126
1150,7308484888900963590,2023-12-03,3 things ✍🏼 thank you skimboarding and everyone that has been part of this journey 🫶🏼,3 things ✍🏼 thank you skimboarding and everyone that has been part of this journey 🫶🏼,0,14700,27,1701639244
1151,7308786975891295493,2023-12-04,People call us crazy but nothing can be done without a good preparation 💪🏼,People call us crazy but nothing can be done without a good preparation 💪🏼,0,172300,65,1701709580
1152,7309154840867769605,2023-12-05,That sounds better 😌 #skimboarding,That sounds better 😌 #skimboarding,0,80300,18,1701795230
1153,7309584204638063878,2023-12-06,The best competition I’ve ever seen! Never ending waves 🤤,The best competition I’ve ever seen! Never ending waves 🤤,0,166300,27,1701895201
1154,7309907737209621765,2023-12-07,That and an amazing liner 🤤,That and an amazing liner 🤤,0,27700,23,1701970526
1155,7310266501385506053,2023-12-08,Best of my Brasilian competitions #skimboarding,Best of my Brasilian competitions #skimboarding,0,37600,12,1702054057
1156,7310634030012091653,2023-12-09,The reality of competing in the 🇺🇸🇺🇸 #skimboarding #competiçao,A realidade das competições nos 🇺🇸🇺🇸 #skimboarding #competiçao,1,21900,62,1702139629
1157,7310970081431883013,2023-12-10,This one will be forever! My best backside barrel,This one will be forever! My best backside barrel,0,104300,13,1702217873
1158,7311655339307404549,2023-12-12,"Today I entered the danger zone, lucky that I had my guardian angels! #skimboarding #rescue #wipeout","Today I entered the danger zone, lucky that I had my guardian angels! #skimboarding #rescue #wipeout",0,33000,31,1702377423
1159,7312220749383617798,2023-12-13,Sometimes I don’t even look back so I don’t see how big the wave is 🌊 just focus on going forward 🤞🏼,Sometimes I don’t even look back so I don’t see how big the wave is 🌊 just focus on going forward 🤞🏼,0,61900,35,1702509068
1160,7312480585593801989,2023-12-14,Getting ready for giant waves is a whole other thing 🌊✨,Get ready para ondas gigantes é outra parada 🌊✨,1,46400,68,1702569565
1161,7312904325720722693,2023-12-15,You simply put all your weight in the back 😂,You simply put all your weight in the back 😂,0,66800,21,1702668223
1162,7313271374418693382,2023-12-16,"Skimboarding, the art of combining surf and skateboarding","Skimboarding, the art of combining surf and skateboarding",0,202100,12,1702753685
1163,7313970370493598982,2023-12-18,"“Stayin alive in shorebreak” is the number 10 of my most viral clips of 2023, this place has my heart! my favorite wave in the world to skim 🫶🏼✨ and definitely one of the most dangerous shorebreaks in the world. For the next 10 days I’ll post my 10 most viral clips of the year!","“Stayin alive in shorebreak” is the number 10 of my most viral clips of 2023, this place has my heart! my favorite wave in the world to skim 🫶🏼✨ and definitely one of the most dangerous shorebreaks in the world. For the next 10 days I’ll post my 10 most viral clips of the year!",0,125200,28,1702916431
1164,7314357936376122629,2023-12-19,"“The french liner” is the number 9 of my most viral videos of 2023. This place has a unique side current along the beach, which creates this perfect liner, the french wave was definitely my longest of the year","“The french liner” is the number 9 of my most viral videos of 2023. This place has a unique side current along the beach, which creates this perfect liner, the french wave was definitely my longest of the year",0,944400,24,1703006669
1165,7314758541321997573,2023-12-20,"“Skimboarding giant waves” is the number 8 of my most viral clips of 2023. This place is where the giant magic happens, Nazaré! Mountains made of water, which I had the luck to experience. More giant waves to come this season","“Skimboarding giant waves” is the number 8 of my most viral clips of 2023. This place is where the giant magic happens, Nazaré! Mountains made of water, which I had the luck to experience. More giant waves to come this season",0,2400000,34,1703099942
1166,7315122515242798342,2023-12-21,“When you’re chilling” is the number 7 of most viral clips of 2023. This is actually from some years ago at my local beach and this is how to protect yourself from Brazil heat and still skimboarding 😂,“When you’re chilling” is the number 7 of most viral clips of 2023. This is actually from some years ago at my local beach and this is how to protect yourself from Brazil heat and still skimboarding 😂,0,320300,17,1703184686
1167,7315842159201078534,2023-12-23,"""Crazy square waves"" is the number 6 of my viral clips of 2023. This place it's in south of Portugal and theres a very specific swell there which creates this epic sider wave on the rocks. Probably the most fun waves of the year!","""Crazy square waves"" is the number 6 of my viral clips of 2023. This place it's in south of Portugal and theres a very specific swell there which creates this epic sider wave on the rocks. Probably the most fun waves of the year!",0,7600000,14,1703352242
1168,7316140940954012934,2023-12-24,“Backyard skimming” is the number 5 of my most viral clips of 2023. This beach is my fundamental playground where I got most of my skill! My local spot in Rio de Janeiro,“Backyard skimming” is the number 5 of my most viral clips of 2023. This beach is my fundamental playground where I got most of my skill! My local spot in Rio de Janeiro,0,166000,10,1703421807
1169,7316640750161218821,2023-12-25,"“Slinding far” is the number 4 of my most viral clips of 2023. In this clip i did one of my biggest slides to a wave ever. Every time I watch it I can’t belive how far it was, finishing with a 540 shuvit ✨","“Slinding far” is the number 4 of my most viral clips of 2023. In this clip i did one of my biggest slides to a wave ever. Every time I watch it I can’t belive how far it was, finishing with a 540 shuvit ✨",0,75800,8,1703538181
1170,7316885833070546182,2023-12-26,“Wait for the wave” is the number 3 of my most viral clips of 2023. Very iconic and perfect wave,“Wait for the wave” is the number 3 of my most viral clips of 2023. Very iconic and perfect wave,0,267300,12,1703595242
1171,7317764729701977349,2023-12-28,"And the most viral clip of the year is “No reaction” ! This clip was legendary, loved all the positive and negative comments on it 😂","And the most viral clip of the year is “No reaction” ! This clip was legendary, loved all the positive and negative comments on it 😂",0,3000000,13,1703799882
1172,7318447968468618501,2023-12-30,A magic place with waves for everyone! This is Nazaré #skimboarding #ondasgigantes,Lugar mágico com ondas para qualquer pessoa! Essa é Nazaré #skimboarding #ondasgigantes,1,490400,61,1703958956
1173,7319157323618897158,2024-01-01,Starting the year with the biggest slide ever ! Video by @SoLagLocal,Starting the year with the biggest slide ever ! Video by @SoLagLocal,0,419400,15,1704124117
1174,7319497816336829701,2024-01-02,Skimboarding the most scary waves on the planet,Skimboarding the most scary waves on the planet,0,48800,28,1704203395
1175,7319824338838916358,2024-01-03,"To surf giant waves you need the best preparation possible! We risk our lives every time we go out there, so red bull put together the toughest, most complete big wave surf camp around! Thanks team and see you at the next one!","Para conseguir surfar ondas gigantes, terá que existir a melhor preparação possível! Arriscamos a nossa vida sempre que vamos para o mar, para isso a red bull preparou o surf camp mais riguroso e completo para ondas gigantes! Obrigado equipa e até ao próximo!",1,311400,89,1704279418
1176,7320322809350180101,2024-01-04,Best wave audio I have 🫶🏼,Melhor audio que tenho de onda 🫶🏼,1,45800,11,1704395476
1177,7320626298005638406,2024-01-05,Straight from a sci-fi movie 🪐 still can’t belive,Straight from a sci-fi movie 🪐 still can’t belive,0,32200,19,1704466137
1178,7321019023230029061,2024-01-06,The session only ends when there is a good fall 🤝🏼,The session only ends when there is a good fall 🤝🏼,0,50500,6,1704557574
1179,7321435627759619334,2024-01-07,One of the most challenging things I’ve ever done!,One of the most challenging things I’ve ever done!,0,30600,25,1704654573
1180,7321721155667184902,2024-01-08,The perfect little barrel,The perfect little barrel,0,34800,10,1704721052
1181,7322061613744344326,2024-01-09,Sliding far for this one,Sliding far for this one,0,55800,9,1704800322
1182,7322467062863973638,2024-01-10,Secret: Board magnet in my hands,Secret: Board magnet in my hands,0,51900,7,1704894722
1183,7322857919060512005,2024-01-11,Magic words for a magic California sunset,Magic words for a magic California sunset,0,126600,12,1704985726
1184,7323252164145564933,2024-01-12,When the good one comes 🌊,When the good one comes 🌊,0,31200000,18,1705077518
1185,7323911763974556934,2024-01-14,Surfing the same swell in hawaii and California!,Surfar a mesma ondulação no hawaii e California!,1,55300,89,1705231093
1186,7324411845362633990,2024-01-15,That final drop got me 🫠,That final drop got me 🫠,0,3500000,12,1705347527
1187,7324682765272763654,2024-01-16,California sunsets are something else,California sunsets are something else,0,45400,7,1705410607
1188,7325138503879167237,2024-01-17,"A responder a @Bbaseball_734 sorry buddy, you catch the next one! 🫶🏼","A responder a @Bbaseball_734 sorry buddy, you catch the next one! 🫶🏼",0,143200,61,1705516715
1189,7325506766005964038,2024-01-18,My first thought when I did skimboarding on big waves for the first time 🫠,My first thought when I did skimboarding on big waves for the first time 🫠,0,32400,17,1705602459
1190,7325876123580075269,2024-01-19,Goals for 2024 with @Red Bull @Red Bull Surfing,Goals for 2024 with @Red Bull @Red Bull Surfing,0,26200,29,1705688457
1191,7326170236934212869,2024-01-20,The perfect wave with a chaotic ending 😂,The perfect wave with a chaotic ending 😂,0,48500,26,1705756935
1192,7326856588768054533,2024-01-22,Can’t get better love from hawaii 🌊🩵,Can’t get better love from hawaii 🌊🩵,0,23200,26,1705916739
1193,7327267136869534981,2024-01-23,Someone called it ✨ #skimboarding #shine #wave #shorebreak #slide,Someone called it ✨ #skimboarding #shine #wave #shorebreak #slide,0,55200,13,1706012326
1194,7327747189034306822,2024-01-24,"Christmas Hawaii mission accomplished, best present possible 🎁🎄","Missão Havai natalício bem sucedida, melhor prenda possível 🎁🎄",1,27900,117,1706124098
1195,7328074759600721157,2024-01-25,Back when a storm almost destroyed Rio de Janeiro ⛈️🌊 and the news showed up to see me skimboarding at the fooded streets,Back when a storm almost destroyed Rio de Janeiro ⛈️🌊 and the news showed up to see me skimboarding at the fooded streets,0,129400,20,1706200367
1196,7328471553618758918,2024-01-26,"When the tide, the sun and the waves combine to make art","When the tide, the sun and the waves combine to make art",0,127400,10,1706292752
1197,7328782576984919301,2024-01-27,Sometimes you just need to believe,Sometimes you just need to believe,0,32700000,13,1706365168
1198,7329579645114846469,2024-01-29,Does this count as ASMR?,Does this count as ASMR?,0,47300,9,1706550750
1199,7329950030675102982,2024-01-30,These seconds feel like minutes with all that amount of water pushing you down,These seconds feel like minutes with all that amount of water pushing you down,0,3400000,61,1706636987
1200,7330354685083274502,2024-01-31,Skate or surf?,Skate or surf?,0,42700,9,1706731204
1201,7330755358408953094,2024-02-01,Replying to @justandrew the truth,Replying to @justandrew the truth,0,41200,60,1706824494
1202,7331107859188518150,2024-02-02,Should I post fails every friday?,Should I post fails every friday?,0,32400,8,1706906566
1203,7331464735843552517,2024-02-03,Found a little Portuguese paradise,Found a little Portuguese paradise,0,32600,11,1706989658
1204,7331788093252521222,2024-02-04,"Jumping over boards and running from dogs, the most chaotic wave of the day 😂","Jumping over boards and running from dogs, the most chaotic wave of the day 😂",0,39100,14,1707064943
1205,7332130119365971205,2024-02-05,When you forget about physics,When you forget about physics,0,173000,8,1707144579
1206,7332814832011414790,2024-02-07,"The scariest moment of my life! Getting lost in the Amazon with no way to contact anyone. To this day I don't know how I made it back to land without knowing which way to swim, or how I found someone in the middle of nowhere. Thank you to the people who saved me, without them I don't know where I'd be right now.","O momento mais assustador da minha vida! Ficar perdido na Amazónia sem qualquer forma de contacto, até hoje não sei como consegui chegar a terra sem saber para onde nadar e como encontrei alguém no meio do nada. Obrigado aos meus salvadores, sem eles não sei onde estaria neste momento.",1,3200000,343,1707304001
1207,7333298702867647749,2024-02-08,"Definitely the most fun I ever had in a competition, we need to go back 🇫🇷","Definitely the most fun I ever had in a competition, we need to go back 🇫🇷",0,256500,13,1707416661
1208,7333671654335270149,2024-02-09,"People ask for a fail Friday, and that’s what they’re getting","People ask for a fail Friday, and that’s what they’re getting",0,37400,7,1707503495
1209,7334054092068736261,2024-02-10,Sometimes you need to fly ✈️ @Red Electric #timeflies,Sometimes you need to fly ✈️ @Red Electric #timeflies,0,19800,8,1707592540
1210,7334467471115685126,2024-02-11,Who got priority in this one?,Who got priority in this one?,0,22500,15,1707688786
1211,7334765680207613189,2024-02-12,The reaction at the end said it all 🫣😂,A reação final disse tudo 🫣😂,1,64800,63,1707758217
1212,7335219272689388806,2024-02-13,The most beautiful wave in the world 🇧🇷,The most beautiful wave in the world 🇧🇷,0,15000,22,1707863828
1213,7335478058066955525,2024-02-14,Stormy days brought the fun @DADDYDRWG #imyourwasteoftime,Stormy days brought the fun @DADDYDRWG #imyourwasteoftime,0,17000,12,1707924080
1214,7336192563206032645,2024-02-16,Combo training for the world tour 😋,Combo training for the world tour 😋,0,20700,10,1708090440
1215,7336627751589334277,2024-02-17,Sometimes you have to take a leap of faith,Sometimes you have to take a leap of faith,0,9200000,13,1708191765
1216,7337069562514476293,2024-02-18,"Fail of the week, heavy shorebreak in mexico","Fail of the week, heavy shorebreak in mexico",0,25100,12,1708294632
1217,7337361400735550726,2024-02-19,"Skimboarding this wave was a crazy moment of my life, the first one I tried to catch got me right in the rocks but I was lucky to get my second chance and catch an insane barrel, thank you team for making this happening","Skimboarding this wave was a crazy moment of my life, the first one I tried to catch got me right in the rocks but I was lucky to get my second chance and catch an insane barrel, thank you team for making this happening",0,32800,66,1708362582
1218,7337698743526952197,2024-02-20,Rock formations by the beach are a skimboarder’s best friend,Rock formations by the beach are a skimboarder’s best friend,0,19700,16,1708441125
1219,7338078519160818949,2024-02-21,Jah bless the barrel 🌊,Jah bless the barrel 🌊,0,27300,15,1708529548
1220,7338389580204264710,2024-02-22,Skurfing chaotic waves in paradise 🇧🇷,Skurfing chaotic waves in paradise 🇧🇷,0,22300,21,1708601973
1221,7338886271915298054,2024-02-23,Skim battles in the craziest shorebreak on earth,Skim battles in the craziest shorebreak on earth,0,15000,22,1708717618
1222,7339174179607956742,2024-02-24,From the wave of the day to wipeout of the day really quick 😂,From the wave of the day to wipeout of the day really quick 😂,0,12900,13,1708784652
1223,7339610254616890629,2024-02-25,360 combo in coming 😵‍💫,360 combo in coming 😵‍💫,0,278700,10,1708886183
1224,7340014731698212102,2024-02-26,"Cancer is no joke guys, take every precaution you can to avoid it! Wear sunscreen, seriously","Cancer não é brincadeira galera, tomem todas as precauções necessárias a evitar esse problema! Usem protetor solar mesmo",1,12800,74,1708980358
1225,7340284812659297541,2024-02-27,The rain season is here 💦,The rain season is here 💦,0,79100,9,1709043241
1226,7340684571438058758,2024-02-28,"Name the last trick, i go first: armadillo air","Name the last trick, i go first: armadillo air",0,10500,5,1709136317
1227,7340956136125811973,2024-02-29,Sliding out for breakfast 😋,Sliding out for breakfast 😋,0,13400,9,1709199546
1228,7341364610093894918,2024-03-01,Fighting to catch a wave against all odds,Fighting to catch a wave against all odds,0,16000,12,1709294650
1229,7341718022324899077,2024-03-02,The power of the shorebreak,The power of the shorebreak,0,44600,10,1709376936
1230,7342110030616939781,2024-03-03,Coffee table with the brst view,Coffee table with the brst view,0,254100,12,1709468208
1231,7342502774145387782,2024-03-04,History in the making for skimboarding,History in the making for skimboarding,0,6079,60,1709559652
1232,7342846785779420422,2024-03-05,Not always as planned 😅,Not always as planned 😅,0,13300,5,1709639746
1233,7343250728204422405,2024-03-06,The search of the best shorebreaks in the world brought me to this magical place,The search of the best shorebreaks in the world brought me to this magical place,0,12700,11,1709733796
1234,7343588847697071365,2024-03-07,My favorite way to finish a wave,My favorite way to finish a wave,0,31200,10,1709812522
1235,7344041315472133382,2024-03-08,California liner gets perfect for skimboarding,California liner gets perfect for skimboarding,0,9738,9,1709917869
1236,7344394319085751558,2024-03-09,Addicted to this turn 🤭,Addicted to this turn 🤭,0,11200,7,1710000059
1237,7344779396152052997,2024-03-10,The cool way to catch waves,The cool way to catch waves,0,10800,8,1710089717
1238,7345513234369154310,2024-03-12,The truth behind skimboarding big waves,The truth behind skimboarding big waves,0,6888,61,1710260578
1239,7345901775435713797,2024-03-13,This one felt good 😋,This one felt good 😋,0,82400,11,1710351043
1240,7346351583543856389,2024-03-14,The best coffee you can have,The best coffee you can have,0,518800,8,1710455771
1241,7346692359289146629,2024-03-15,The most satisfied way to catch a wave,The most satisfied way to catch a wave,0,10600,10,1710535115
1242,7347033584584199429,2024-03-16,Crossing beaches with one wave,Crossing beaches with one wave,0,12800,13,1710614561
1243,7347471863267757318,2024-03-17,Skimboarding in another planet,Skimboarding in another planet,0,10000,9,1710716607
1244,7347681176359947525,2024-03-18,Definitely the most crazy barrel of my life,Definitely the most crazy barrel of my life,0,64100,62,1710765341
1245,7348140955079396613,2024-03-19,A dream come true 🫶🏼,A dream come true 🫶🏼,0,9854,25,1710872393
1246,7348455031559081221,2024-03-20,The most fun wave I caught in Portugal! This one is tricky but very cool with the beach crossing over the rocks,The most fun wave I caught in Portugal! This one is tricky but very cool with the beach crossing over the rocks,0,15300,14,1710945519
1247,7348836041484274949,2024-03-21,Trying to find the #rabbithole @Chris Gullace Music,Trying to find the #rabbithole @Chris Gullace Music,0,14100,9,1711034230
1248,7349175844432022789,2024-03-22,Morning flight connection ✈️,Morning flight connection ✈️,0,14900,15,1711113346
1249,7349686739159551238,2024-03-23,The summer waves are here 🇧🇷,The summer waves are here 🇧🇷,0,31100,12,1711232297
1250,7350056427412638982,2024-03-24,Flying out with the backwash in the end,Flying out with the backwash in the end,0,88900,11,1711318374
1251,7350321102326992134,2024-03-25,Technique for getting the big wave vest off 😂,Técnica para tirar o colete de ondas gigantes 😂,1,6326,61,1711379996
1252,7350710741600685318,2024-03-26,Believing in yourself is the first step to victory!,Acreditar em você mesmo é o primeiro passo para a vitoria!,1,98300,10,1711470717
1253,7351228357922606341,2024-03-28,The power of the ocean creates a side wave from the rocks,The power of the ocean creates a side wave from the rocks,0,7995,15,1711591233
1254,7351553596799880454,2024-03-28,What skimboarding a wave pool looks like @Red Bull @Red Bull Surfing,What skimboarding a wave pool looks like @Red Bull @Red Bull Surfing,0,16700,19,1711666960
1255,7351794177677610246,2024-03-29,Enjoying the shorebreak in the best way possible @Amir Ekbatani #inmylane,Enjoying the shorebreak in the best way possible @Amir Ekbatani #inmylane,0,11200,20,1711722973
1256,7352349007504510213,2024-03-31,Portuguese summer with waves 🇵🇹🌊,Portuguese summer with waves 🇵🇹🌊,0,15100,10,1711852155
1257,7352692738812579077,2024-04-01,Skimboarding in a wave pool,Skimboard numa piscina de ondas,1,26900,19,1711932187
1258,7352984144789392645,2024-04-01,"Sometimes you have to risk everything to save your teammates, its part of big wave surfing!","Sometimes you have to risk everything to save your teammates, its part of big wave surfing!",0,34200,61,1712000034
1259,7353349406197943557,2024-04-02,Living the skimboarding dream,Living the skimboarding dream,0,13100,9,1712085079
1260,7353689351420759302,2024-04-03,Rio + skimboard = perfection,Rio + skimboard = perfeição,1,107600,7,1712164228
1261,7354091989580664069,2024-04-04,Who caught the wave better? Me or the lady,Who caught the wave better? Me or the lady,0,152300,10,1712257975
1262,7354489686041185542,2024-04-05,Sliding in the backyard with my guy @Adrien Raza,Sliding in the backyard with my guy @Adrien Raza,0,2700000,17,1712350572
1263,7354741573365533957,2024-04-06,"Combo training season, getting ready for the world tour 💪🏼","Combo training season, getting ready for the world tour 💪🏼",0,22300,7,1712409217
1264,7355143829089045766,2024-04-07,"The combination i love the most, perfect sider wave with a trick in the connection","The combination i love the most, perfect sider wave with a trick in the connection",0,567600,15,1712502875
1265,7355498058991521029,2024-04-08,"The reaction says everything, morning crazy swell","The reaction says everything, morning crazy swell",0,85100,18,1712585351
1266,7356015093441744133,2024-04-09,The wave I love the most for skimboard ❤️,The wave I love the most for skimboard ❤️,0,107200,13,1712705732
1267,7356374225130704134,2024-04-10,"College doesn't make life easy for anyone, not even if you show up with the world champion trophy 😂","Faculdade não facilita vida de ninguém, mesmo que você traga o troféu de campeão mundial 😂",1,10500,68,1712789349
1268,7356747261130329349,2024-04-11,The barrel that almost took the drone down,The barrel that almost took the drone down,0,135300,11,1712876204
1269,7356996671831674117,2024-04-12,Messy waves for breakfast 😋 #Ibreathewithyou,Messy waves for breakfast 😋 #Ibreathewithyou,0,6489,13,1712934274
1270,7357760163274657030,2024-04-14,Should I get him a skimboard too?,Should I get him a skimboard too?,0,96800,9,1713112038
1271,7358291469217631494,2024-04-16,"Once you figure it out, you’ll never sink","Once you figure it out, you’ll never sink",0,208700,10,1713235744
1272,7358524376624532741,2024-04-16,No fins club 😌 #skimboarding,No fins club 😌 #skimboarding,0,12400,61,1713289970
1273,7359007940940107013,2024-04-18,Little mike wanted to jump in too 🐶,Little mike wanted to jump in too 🐶,0,217700,13,1713402558
1274,7359581787137281285,2024-04-19,Time to rise and shine ✨ world competition is almost here,Time to rise and shine ✨ world competition is almost here,0,7820,9,1713536168
1275,7359698687745903877,2024-04-19,"On the eve of the first stop of this year's World Tour the focus is total, but it's impossible not to look back and think about everything I went through to get here and everything I still have to face to reach this new goal … Good thing Dorflex Max has 2x more muscle relaxant and 2x more painkiller* for the intense pain that can come up along the way! Let's go teeeeam !!!! @Dorflex #publicidade DORFLEX®️ MAX (dipyrone monohydrate, orphenadrine citrate, anhydrous caffeine). Indications: relief of pain associated with muscle contractures, including tension headache. MS: 1.8620.0008. THE USE OF THIS MEDICATION MAY CARRY RISKS. Read the package insert carefully. IF SYMPTOMS PERSIST, A DOCTOR SHOULD BE CONSULTED. January/2024. MAT-BR-2401617 * Compared to the Dorflex tablet. References: 1- Dorflex MAX package insert.","Às vésperas da primeira etapa do Circuito Mundial desse ano o foco é total, mas impossível não olhar pra trás e refletir sobre tudo que passei até chegar aqui e tudo que ainda vou enfrentar até a conquista desse novo objetivo … Ainda bem que Dorflex Max tem 2x mais relaxante muscular e 2x mais analgésico* para as dores intensas que podem surgir neste caminho! Bora Timeeeee !!!! @Dorflex #publicidade DORFLEX®️ MAX (dipirona monoidratada, citrato de orfenadrina, cafeína anidra). Indicações: no alívio da dor associada a contraturas musculares, incluindo cefaleia tensional. MS: 1.8620.0008. O USO DO MEDICAMENTO PODE TRAZER ALGUNS RISCOS. Leia atentamente a bula. SE PERSISTIREM OS SINTOMAS, O MÉDICO DEVERÁ SER CONSULTADO.Janeiro/2024. MAT-BR-2401617 * Quando comparado ao comprimido de Dorflex. Referências: 1- Bula Dorflex MAX.",1,11700,41,1713563388
1276,7360339870876749062,2024-04-21,It’s part of the big waves game! The big swell arrived in Rio de Janeiro 🇧🇷,It’s part of the big waves game! The big swell arrived in Rio de Janeiro 🇧🇷,0,10500,19,1713712673
1277,7360845826651933957,2024-04-23,Think I can get Podpah out in giant waves? 🤪,Será que consigo levar Podpah para ondas gigantes? 🤪,1,4873,70,1713830475
1278,7361222667308993798,2024-04-24,The only way to get out of a floater 🚀 #skimboarding,The only way to get out of a floater 🚀 #skimboarding,0,6934,10,1713918216
1279,7361562042832145670,2024-04-24,What’s your favorite way? @Big Yard #stateofmind,What’s your favorite way? @Big Yard #stateofmind,0,9407,17,1713997234
1280,7361893808574860550,2024-04-25,Sliding on water forever ✨,Sliding on water forever ✨,0,24600,12,1714074477
1281,7362292624348220677,2024-04-26,World class wave for world class skimboarding w/ @Blair Conklin,World class wave for world class skimboarding w/ @Blair Conklin,0,18300,20,1714167335
1282,7362609129271135494,2024-04-27,A real tough guy 🐶,Verdadeiro casca de bala 🐶,1,11200,16,1714241025
1283,7363390392399695110,2024-04-29,"Never doubt of your dreams! Always trust the process and keep working, they will come ✨","Never doubt of your dreams! Always trust the process and keep working, they will come ✨",0,6033,14,1714422931
1284,7363805703141707014,2024-04-30,Trying to keep up with the beat 😂,Trying to keep up with the beat 😂,0,239400,10,1714519626
1285,7364190520286989574,2024-05-02,"Small board, big dreams ✨ #titan #skimboarding","Small board, big dreams ✨ #titan #skimboarding",0,5435,26,1714609223
1286,7364592829798141190,2024-05-03,"There it is, the history of skimboarding! everything I picked up on all my travels",A historia do skimboard está aí! informação que fui tendo em todas as minhas viagens,1,5185,106,1714702893
1287,7364855310806256901,2024-05-03,This is Brasil 🇧🇷 #skimboarding #bigwaves,This is Brasil 🇧🇷 #skimboarding #bigwaves,0,11500,6,1714764006
1288,7365288384048155910,2024-05-04,"Sometimes I wonder how does my skimboard handles all the big wave bumps, but then I just go for it 🤪","Sometimes I wonder how does my skimboard handles all the big wave bumps, but then I just go for it 🤪",0,15400,11,1714864842
1289,7365715399180029189,2024-05-06,"Once you go finless, you never go back #skimboarding","Once you go finless, you never go back #skimboarding",0,16500,10,1714964262
1290,7366068156814724358,2024-05-07,Skimboarders 🤝🏼 No gravity,Skimboarders 🤝🏼 No gravity,0,15600,12,1715046394
1291,7366450645689273606,2024-05-08,"Can’t get waves with any other board. No fins, no straps, lets go!","Can’t get waves with any other board. No fins, no straps, lets go!",0,19000,14,1715135449
1292,7366662400092687621,2024-05-08,Sliding with 2 boards hack #skimboarding,Sliding with 2 boards hack #skimboarding,0,1100000,16,1715184751
1293,7367789052944289029,2024-05-11,Might be one of the hardest trick on a skimboard 🤔 720 coming to the sand,Might be one of the hardest trick on a skimboard 🤔 720 coming to the sand,0,15700,15,1715447070
1294,7368294930961206533,2024-05-13,Still one of my craziest waves of all time,Still one of my craziest waves of all time,0,6485,30,1715564858
1295,7368901374819454214,2024-05-14,"Keep the dreams alive, thanks kid for never giving up ❤️","Keep the dreams alive, thanks kid for never giving up ❤️",0,4503,61,1715706053
1296,7369391169513475333,2024-05-16,Lucky that @Adrien Raza had the iphone on for this one,Lucky that @Adrien Raza had the iphone on for this one,0,14700,17,1715820093
1297,7369662730044722438,2024-05-16,The true beach happiness 🐶,The true beach happiness 🐶,0,45400,12,1715883320
1298,7370135104204705029,2024-05-18,My friend couldn’t believe it,My friend couldn’t believe it,0,93700,29,1715993304
1299,7370505027355430149,2024-05-19,Skimboarding big waves with the best angles possible! Whats your favorite?,Skimboarding big waves with the best angles possible! Whats your favorite?,0,6599,17,1716079434
1300,7370890644769754374,2024-05-20,When the swell meets the perfect light of the day ✨,When the swell meets the perfect light of the day ✨,0,56400,15,1716169217
1301,7371117182438214918,2024-05-20,"Bringing the old school edits back, the beach that made me the skimboarder that I am today 🇧🇷","Bringing the old school edits back, the beach that made me the skimboarder that I am today 🇧🇷",0,5988,30,1716221962
1302,7371925207260613894,2024-05-22,Getting ready for one more world title 🏆,Getting ready for one more world title 🏆,0,19100,17,1716410095
1303,7372215174909971718,2024-05-23,The wave of the day,The wave of the day,0,1200000,12,1716477607
1304,7372682012425080070,2024-05-24,Maybe the best pool session I've ever had,Talvez a melhor sessão de piscina que alguma vez tive,1,24300,61,1716586304
1305,7372906701554601221,2024-05-25,The rocks were calling for me,The rocks were calling for me,0,71000,12,1716638616
1306,7373383965467741445,2024-05-26,Sliding across the ocean for this one,Sliding across the ocean for this one,0,36100,8,1716749739
1307,7373767814571658502,2024-05-27,Redbull gave me wings 🪽,Redbull gave me wings 🪽,0,63600,7,1716839110
1308,7374138181958077702,2024-05-28,Ready for the next big swell to hit this place,Ready for the next big swell to hit this place,0,13400,23,1716925343
1309,7374638460763720966,2024-05-30,The perfect combination of sports ✨ #skimboarding,The perfect combination of sports ✨ #skimboarding,0,93100,7,1717041824
1310,7375085200142814470,2024-05-31,The best way to cross the beach 🏄🏼‍♂️,The best way to cross the beach 🏄🏼‍♂️,0,19100,16,1717145839
1311,7375670361335008518,2024-06-01,Grabbing and never letting go #shopnostalgia,Grabbing and never letting go #shopnostalgia,0,7576,16,1717282081
1312,7376017772502846725,2024-06-02,"If you believe hard, any wave can be a barrel","If you believe hard, any wave can be a barrel",0,24500,8,1717362970
1313,7376382679798910214,2024-06-03,"The project of a lifetime, only possible with my family @Red Bull @Red Bull Surfing","The project of a lifetime, only possible with my family @Red Bull @Red Bull Surfing",0,6386,36,1717447932
1314,7376907532675075334,2024-06-05,My secret is to have a @Red Bull vefore 🚀,My secret is to have a @Red Bull vefore 🚀,0,17300,9,1717570134
1315,7377506256359034118,2024-06-06,Thinking if it’s possible to do 3 🤔,Thinking if it’s possible to do 3 🤔,0,22400,7,1717709536
1316,7378029296717286662,2024-06-08,"While everyone runs from the storm, I make the most of its power 🌊","Enquanto toda a gente foge da tempestade, eu aproveito a força dela 🌊",1,83900,62,1717831315
1317,7378980302682721542,2024-06-10,Who was faster? 🤔 me or @Lucas Chumbo,Who was faster? 🤔 me or @Lucas Chumbo,0,12300,21,1718052739
1318,7379654536882916614,2024-06-12,Skimboard layback to barrel 🫣,Skimboard layback to barrel 🫣,0,36400,13,1718209721
1319,7380127778756218117,2024-06-13,Paradise on earth for skimboarding exists,Paradise on earth for skimboarding exists,0,2600000,27,1718319906
1320,7380800826412961030,2024-06-15,Running > paddling 🌊 #skimboarding,Running > paddling 🌊 #skimboarding,0,2900000,16,1718476611
1321,7381237747257806085,2024-06-16,"The combination of skate and surf, skimboard 💞","The combination of skate and surf, skimboard 💞",0,16300,8,1718578340
1322,7381817567947656453,2024-06-18,The best coffee view in the world?,The best coffee view in the world?,0,300500,20,1718713339
1323,7382268445573827845,2024-06-19,Skimboarding the most dangerous waves in the world,Skimboarding the most dangerous waves in the world,0,13200,64,1718818317
1324,7382572482391215365,2024-06-20,The liner appeared out of nowhere!,The liner appeared out of nowhere!,0,15000,9,1718889106
1325,7383019091105254661,2024-06-21,The skimboard paradise,The skimboard paradise,0,19200,31,1718993091
1326,7383405128621051142,2024-06-22,The summer combo is here,The summer combo is here,0,12300,9,1719082972
1327,7383852506473975046,2024-06-23,Sliding around in the backyard 🇧🇷 with @Adrien Raza,Sliding around in the backyard 🇧🇷 with @Adrien Raza,0,4400000,12,1719187137
1328,7384788097952730373,2024-06-26,There’s some waves that are priceless! And this is one of them,There’s some waves that are priceless! And this is one of them,0,61000,16,1719404969
1329,7385320329968749830,2024-06-27,The best way to end a wave 🥰,The best way to end a wave 🥰,0,11400,8,1719528891
1330,7385524586772745477,2024-06-28,The most perfect wave for skimboarding,The most perfect wave for skimboarding,0,81800,30,1719576446
1331,7385955726918798598,2024-06-29,Surfing a wave on a mini board (skimboard) best way to do it 🤪,Surfing a wave on a mini board (skimboard) best way to do it 🤪,0,10600,61,1719676829
1332,7386646023373868293,2024-07-01,"The most scary feeling, but necessary to save our teammates! No one is left behind @Red Bull Surfing","The most scary feeling, but necessary to save our teammates! No one is left behind @Red Bull Surfing",0,29500,27,1719837551
1333,7387138925460049157,2024-07-02,"The ocean that we dream of, sometimes those dreams can be nightmares.. but if you make it, it’s a day to remember for rest of your life","The ocean that we dream of, sometimes those dreams can be nightmares.. but if you make it, it’s a day to remember for rest of your life",0,26300,19,1719952316
1334,7387444976885484806,2024-07-03,"Many years of training, proud to have the best teammates @Lucas Chumbo @Red Bull Surfing","Many years of training, proud to have the best teammates @Lucas Chumbo @Red Bull Surfing",0,3900000,61,1720023573
1335,7387757557865188614,2024-07-04,The little sessions sometimes can be the most fun ones!,The little sessions sometimes can be the most fun ones!,0,13200,9,1720096350
1336,7388181979688127749,2024-07-05,You know the wave was good when you finish the wave chatting with the filmer who was on the other side of the beach,You know the wave was good when you finish the wave chatting with the filmer who was on the other side of the beach,0,9747,36,1720195169
1337,7388612400724937989,2024-07-06,The love for these glasses @hot buttered eyewear. ™️ 💞,The love for these glasses @hot buttered eyewear. ™️ 💞,0,15200,20,1720295386
1338,7388923117860654342,2024-07-07,Is this beach from the Avatar?,Is this beach from the Avatar?,0,228900,8,1720367729
1339,7389521272130260230,2024-07-09,The best combination of sports 😌,The best combination of sports 😌,0,179700,10,1720506999
1340,7390261258626288901,2024-07-11,The monstrous Nazaré on a big shorebreak day,The monstrous Nazaré on a big shorebreak day,0,4100000,64,1720679290
1341,7390772013930908934,2024-07-12,The easiest way to surf a wave #skimboarding,The easiest way to surf a wave #skimboarding,0,15000,7,1720798208
1342,7391209096159956229,2024-07-13,Top 3 of my favorites waves ever! All them on a skimboard,Top 3 of my favorites waves ever! All them on a skimboard,0,33900,61,1720899975
1343,7391602917599481093,2024-07-14,The magical way to surf a wave,The magical way to surf a wave,0,180400,8,1720991670
1344,7392187121022373125,2024-07-16,Learning skimboarding is the next step!,Learning skimboarding is the next step!,0,9320,11,1721127689
1345,7392732638559194373,2024-07-17,I found a barrel in paradise 😳,I found a barrel in paradise 😳,0,457100,8,1721254702
1346,7393022609530637573,2024-07-18,"Sometimes you just need to say to gravity, relax","Sometimes you just need to say to gravity, relax",0,36700,9,1721322216
1347,7393424166084496646,2024-07-19,,,0,14100,19,1721415711
1348,7393797187152481541,2024-07-20,How to catch 2 waves in one go,How to catch 2 waves in one go,0,722400,16,1721502563
1349,7394074919237127430,2024-07-21,Flying to the moon 🚀,Flying to the moon 🚀,0,18900,9,1721567226
1350,7394582035341364485,2024-07-22,Spining the board like an helicopter,Spining the board like an helicopter,0,77200,9,1721685300
1351,7394962033944431878,2024-07-23,World contest season is here! 1st stop done 🏆 more to come,World contest season is here! 1st stop done 🏆 more to come,0,16200,35,1721773776
1352,7395923878117149958,2024-07-26,"My first stop is done! Let's go, on to the fourth title!! Let's go team","Minha primeira etapa está feita! Vamos para cima, rumo ao Tetra!! Bora time",1,22100,81,1721997722
1353,7396397098251357445,2024-07-27,Skimboarding in the backyard,Skimboarding in the backyard,0,14000000,8,1722107901
1354,7396787493498031365,2024-07-28,Starting with the right foot 🏆,Starting with the right foot 🏆,0,173500,9,1722198798
1355,7397148669268495621,2024-07-29,How to Skimboard waves made by rocks,How to Skimboard waves made by rocks,0,3300000,16,1722282892
1356,7397489307218480389,2024-07-30,Risking is part of the job 🫡,Risking is part of the job 🫡,0,354800,10,1722362203
1357,7397731208869809413,2024-07-31,Best combo on a wave?,Best combo on a wave?,0,447200,16,1722418524
1358,7398212818773773574,2024-08-01,4 years ago I had just won my first world title and did this hangout with the crew from @3sskaters_oficial showing them what my sport is about,Há 4 anos tinha ganho o meu primeiro mundial e fiz essa resenha com a galera da @3sskaters_oficial mostrando o que era o meu desporto,1,45500,117,1722530657
1359,7398630317914885381,2024-08-02,The most chaotic wave in the world,The most chaotic wave in the world,0,24700,20,1722627863
1360,7398925911589948678,2024-08-03,Combo training at the backyard,Combo training at the backyard,0,31300,7,1722696687
1361,7399333624853646598,2024-08-04,The best way to arrive at the beach,The best way to arrive at the beach,0,1100000,16,1722791615
1362,7399641279082040581,2024-08-05,Going the distance to get that one wave,Going the distance to get that one wave,0,338700,17,1722863246
1363,7400141919881350405,2024-08-06,First time doing a night session on a wave pool 😳,First time doing a night session on a wave pool 😳,0,26400,60,1722979812
1364,7400677644905336070,2024-08-08,The most important part of a competition is adapting to any type of conditions,The most important part of a competition is adapting to any type of conditions,0,50700,13,1723104549
1365,7401229499024641286,2024-08-09,Crazy and perfect for skimboarding 🫢,Crazy and perfect for skimboarding 🫢,0,37900,25,1723233036
1366,7401561058843839749,2024-08-10,What a day for us in Nazare looks like. Always a pleasure to put my friend Lucas Chumbo on these waves,What a day for us in Nazare looks like. Always a pleasure to put my friend Lucas Chumbo on these waves,0,23900,62,1723310229
1367,7402149261229559045,2024-08-12,Big wave competition goes finless for the first time ever,Big wave competition goes finless for the first time ever,0,56400,62,1723447188
1368,7402693342250781957,2024-08-13,Skimboarding California shorebreak 🎥@SoLagLocal,Skimboarding California shorebreak 🎥@SoLagLocal,0,41200,11,1723573862
1369,7403071878606163205,2024-08-14,The feeling of finding that one perfect wave >>,The feeling of finding that one perfect wave >>,0,29100,29,1723661998
1370,7403476087981739270,2024-08-15,Skimboarding the biggest waves in the world,Skimboarding the biggest waves in the world,0,814600,22,1723756109
1371,7403817553287580934,2024-08-16,Skimboarding world championship are on!,Skimboarding world championship are on!,0,269200,18,1723835613
1372,7404089658377768197,2024-08-17,Going the distance for the best swell of the summer,Going the distance for the best swell of the summer,0,675600,11,1723898965
1373,7404465795973074182,2024-08-18,The power of mother nature,The power of mother nature,0,406400,61,1723986543
1374,7405243485093121286,2024-08-20,We can make that happening 😌,We can make that happening 😌,0,37800,8,1724167612
1375,7405660397589499141,2024-08-21,The moment you understand you’ll surf the biggest waves in the world 🫡 video by @gigantesdenazare,The moment you understand you’ll surf the biggest waves in the world 🫡 video by @gigantesdenazare,0,24000,62,1724264685
1376,7405982350137396486,2024-08-22,Sometimes you just need to trust the process,Sometimes you just need to trust the process,0,5700000,13,1724339643
1377,7406730018241432837,2024-08-24,The wave of every skimboarder’s dream,The wave of every skimboarder’s dream,0,189200,14,1724513722
1378,7407117370554158341,2024-08-25,"Going finless with a small board in Nazare it’s probably the hardest way to surf these giant waves, but I couldn’t do it in any other way","Going finless with a small board in Nazare it’s probably the hardest way to surf these giant waves, but I couldn’t do it in any other way",0,130100,60,1724603911
1379,7407452878866107653,2024-08-26,Is this the best wave in the world?,Is this the best wave in the world?,0,28500,12,1724682029
1380,7407954917559733510,2024-08-27,Next contest here we go 💪🏼,Next contest here we go 💪🏼,0,33800,8,1724798919
1381,7408319560866073862,2024-08-28,The process is worthy 🫡,The process is worthy 🫡,0,30300,18,1724883819
1382,7408588368168242438,2024-08-29,"The chaos of big wave surfing can be a nightmare for a few, for us they are a dream come true","The chaos of big wave surfing can be a nightmare for a few, for us they are a dream come true",0,38200,60,1724946404
1383,7409023882004303110,2024-08-30,The trick is to not think and just send!,The trick is to not think and just send!,0,1300000,9,1725047807
1384,7409409452501126405,2024-08-31,Playing around at the backyard,Playing around at the backyard,0,163800,9,1725137579
1385,7409774940645543174,2024-09-01,Skimboard = small board with no fins 🤪,Skimboard = small board with no fins 🤪,0,30400,60,1725222678
1386,7410092539010747654,2024-09-02,"One of them is not a shorebreak, which one is? 🤔👀","One of them is not a shorebreak, which one is? 🤔👀",0,92100,60,1725296628
1387,7411199360815418629,2024-09-05,Backyard skimboarding,Backyard skimboarding,0,53200,22,1725554324
1388,7411514846094740741,2024-09-06,"The best rescue of my life. In big wave surfing, a team is more inportant than anything! You depend always on your teammates","The best rescue of my life. In big wave surfing, a team is more inportant than anything! You depend always on your teammates",0,4200000,61,1725627782
1389,7411903961701174533,2024-09-07,"The reaction said everything, mexico shorebreak in its best","The reaction said everything, mexico shorebreak in its best",0,170600,9,1725718377
1390,7412278479330233606,2024-09-08,Powerful Nazaré almost goes above the city. These are the moments we think twice before we go in to surf these waves. First 2 videos by @gigantesdenazare,Powerful Nazaré almost goes above the city. These are the moments we think twice before we go in to surf these waves. First 2 videos by @gigantesdenazare,0,22000,63,1725805578
1391,7412723550060121349,2024-09-09,The best way to cross a beach 🏖️,The best way to cross a beach 🏖️,0,2000000,26,1725909210
1392,7413043279157071110,2024-09-10,Sometimes you just need to send it! The full session of the craziest shorebreaks in the world,Sometimes you just need to send it! The full session of the craziest shorebreaks in the world,0,138200,61,1725983645
1393,7413463102550740229,2024-09-11,A dream coming true! I had the opportunity to skimboard into a wave of the iconic Kelly Slater ranch,A dream coming true! I had the opportunity to skimboard into a wave of the iconic Kelly Slater ranch,0,24900,52,1726081395
1394,7413805293919882502,2024-09-12,From little wood boards to crazy tricks before and after waves,From little wood boards to crazy tricks before and after waves,0,112000,14,1726161065
1395,7414610116823076101,2024-09-14,One of the scariest sessions I’ve done,One of the scariest sessions I’ve done,0,35800,63,1726348457
1396,7414881138872700165,2024-09-15,There’s no better feeling than sliding out to a wave,There’s no better feeling than sliding out to a wave,0,128000,11,1726411555
1397,7415239605538049286,2024-09-16,We made it!!!! 4x skimboarding world champion 🏆🏆🏆🏆,We made it!!!! 4x skimboarding world champion 🏆🏆🏆🏆,0,12600,38,1726495017
1398,7415630432315788550,2024-09-17,"We’re back to this magical place! Thanks @Red Bull Surfing for the invite, always a dream to skimboarding this wave","We’re back to this magical place! Thanks @Red Bull Surfing for the invite, always a dream to skimboarding this wave",0,43500,61,1726586014
1399,7416078869179944198,2024-09-18,"The world championship is done! We made it again, 4x world champion !!","The world championship is done! We made it again, 4x world champion !!",0,3300000,14,1726690426
1400,7416807905120292101,2024-09-20,Sliding out to a sand barrel,Sliding out to a sand barrel,0,326900,11,1726860171
1401,7416824980790463749,2024-09-20,"Ocean fragrance with an urban touch, this is the … one and only #EnergíaUrbana #SienteLaAdrenalina #AguasSport #VictorioyLucchino #Publi","Fragrância do mar com toque urbano, esse é o … único #EnergíaUrbana #SienteLaAdrenalina #AguasSport #VictorioyLucchino #Publi",1,29200,38,1726864145
1402,7417199519936433413,2024-09-21,We went to the streets! Storm brings the ocean the city of Rio,We went to the streets! Storm brings the ocean the city of Rio,0,22800,61,1726951348
1403,7417591024282782982,2024-09-22,The fastest way to ride a wave,The fastest way to ride a wave,0,68600,12,1727042503
1404,7417859766640282885,2024-09-23,A dream come true! Thanks to everyone involved ❤️,A dream come true! Thanks to everyone involved ❤️,0,14500,62,1727105075
1405,7418331627710844166,2024-09-24,Enjoying the California siders,Enjoying the California siders,0,80000,17,1727214944
1406,7418700250396855557,2024-09-25,Great part of the process is to believe in yourself,Great part of the process is to believe in yourself,0,41400,11,1727300767
1407,7419070947455487238,2024-09-26,The kid disappeared 🫣,The kid disappeared 🫣,0,25800,10,1727387073
1408,7419438954367225093,2024-09-27,I was traveling around Africa and found the most crazy wave ever,I was traveling around Africa and found the most crazy wave ever,0,14800,11,1727472756
1409,7419737357810781445,2024-09-28,Best feeling in the world,Best feeling in the world,0,318300,12,1727542233
1410,7420486132229491974,2024-09-30,Wave that takes you from a beach to another,Wave that takes you from a beach to another,0,18300,11,1727716572
1411,7420921305601428741,2024-10-01,In search for waves in Angola,In search for waves in Angola,0,37100,13,1727817891
1412,7421640739739684102,2024-10-03,It’s about time 🫡 Wave videos: @gigantesdenazare,It’s about time 🫡 Wave videos: @gigantesdenazare,0,16300,61,1727985402
1413,7421822918662917382,2024-10-04,The dream is real 🌊,The dream is real 🌊,0,34500,47,1728027824
1414,7422288391972195590,2024-10-05,Chaotic summer sessions are always fun,Chaotic summer sessions are always fun,0,33000,9,1728136192
1415,7422734375382420742,2024-10-06,Is this the perfect skimboard wave 🤔,Is this the perfect skimboard wave 🤔,0,67800,9,1728240029
1416,7423479100947303685,2024-10-08,"The big wave season is here, and my skimboard is ready","The big wave season is here, and my skimboard is ready",0,28700,18,1728413427
1417,7423899029492256006,2024-10-09,A moment to remember! PS: the ending is the best 😂,A moment to remember! PS: the ending is the best 😂,0,87700,61,1728511202
1418,7424218402899758342,2024-10-10,Is this a dream or reality?,Is this a dream or reality?,0,31700,28,1728585557
1419,7424627346700848389,2024-10-11,Back home for a little session 🇧🇷,Back home for a little session 🇧🇷,0,108900,5,1728680777
1420,7425749066316778757,2024-10-14,When the sun is too strong to handle the session @hot buttered eyewear. ™️,When the sun is too strong to handle the session @hot buttered eyewear. ™️,0,25600,11,1728941945
1421,7426135145322745093,2024-10-15,Testing out our @Red Bull flavor experience @Red Bull Brasil 🇧🇷,Testando a nossa experiência de sabores da @Red Bull @Red Bull Brasil 🇧🇷,1,16500,138,1729031838
1422,7426491968429100293,2024-10-16,When you can’t hold on to get the first wave 🫣,When you can’t hold on to get the first wave 🫣,0,2500000,61,1729114917
1423,7426862165467909381,2024-10-17,The shirt is ready to hold forever 👀 @RESERVA,The shirt is ready to hold forever 👀 @RESERVA,0,20300,12,1729201106
1424,7427444647376506117,2024-10-19,Party wave with my portuguese skim community,Party wave with my portuguese skim community,0,20700,12,1729336730
1425,7427598745665031429,2024-10-19,A special day sharing with the skimboard kids,Um dia especial a partilhar com os crias de skimboard,1,14700,61,1729372606
1426,7427959581801729285,2024-10-20,Nothing like a good slide out,Nothing like a good slide out,0,301700,10,1729456620
1427,7428333991314427141,2024-10-21,Sometimes we need to forget about physics,Sometimes we need to forget about physics,0,32000,11,1729543797
1428,7429018900983008517,2024-10-23,If you fall in the middle of these waves you might get stuck there forever,If you fall in the middle of these waves you might get stuck there forever,0,18900,63,1729703261
1429,7429460043172465925,2024-10-24,What people think when they see us skimboarding,What people think when they see us skimboarding,0,96900,7,1729805972
1430,7429772949688782086,2024-10-25,The scariest moment of our lives,The scariest moment of our lives,0,3600000,28,1729878829
1431,7430180788924058886,2024-10-26,Flying high from the shorebreak,Flying high from the shorebreak,0,475700,7,1729973783
1432,7430577508413754629,2024-10-27,Timing is key 🔑 filmed by @João Serrão,Timing is key 🔑 filmed by @João Serrão,0,17200,26,1730066158
1433,7430961227347627269,2024-10-28,Which angle wins?,Which angle wins?,0,572200,18,1730155498
1434,7431326878033612038,2024-10-29,There’s no good session of skimboard without a good wipeout,There’s no good session of skimboard without a good wipeout,0,49200,7,1730240630
1435,7431689724101676294,2024-10-30,The happiness didn’t fit my body 😂,The happiness didn’t fit my body 😂,0,22000,60,1730325108
1436,7432005306961595653,2024-10-31,How to steal a wave from a longboarder,How to steal a wave from a longboarder,0,62600,11,1730398584
1437,7432405723771915525,2024-11-01,Scary moments that you have to be ready for if you’re surfing big waves,Scary moments that you have to be ready for if you’re surfing big waves,0,47100,61,1730491818
1438,7432784674386119942,2024-11-02,Another day with perfect skim waves in Portugal,Another day with perfect skim waves in Portugal,0,29800,9,1730580046
1439,7433157311411113222,2024-11-03,He reacted with the fall 🐟,He reacted with the fall 🐟,0,20600,16,1730666810
1440,7433560183034432773,2024-11-04,Scoring all time waves in Portugal!,Scoring all time waves in Portugal!,0,306100,14,1730760612
1441,7433929945690295558,2024-11-05,Starting the week with a good splash 💦,Starting the week with a good splash 💦,0,24400,10,1730846707
1442,7434271292603370807,2024-11-06,Witnessing a wave like this in the middle of the cliffs was something special,Witnessing a wave like this in the middle of the cliffs was something special,0,142600,10,1730926182
1443,7434666036374359351,2024-11-07,We went big buddy 🫶🏼 let’s keep going,We went big buddy 🫶🏼 let’s keep going,0,24300,17,1731018091
1444,7434996575312612663,2024-11-08,Making the impossible possible,Making the impossible possible,0,28500,63,1731095047
1445,7435346584059071800,2024-11-09,Sliding out is the best feeling ever,Sliding out is the best feeling ever,0,100100,9,1731176539
1446,7435665504125078840,2024-11-10,Going far for a little fun one,Going far for a little fun one,0,138300,12,1731250792
1447,7436045632252513591,2024-11-11,Last minute session before the light goes away,Last minute session before the light goes away,0,266600,15,1731339299
1448,7436517095401098551,2024-11-12,"A few years ago i told myself i would learn the most difficult trick on a skimboard, inspired by skate, now i can flip too!","A few years ago i told myself i would learn the most difficult trick on a skimboard, inspired by skate, now i can flip too!",0,41700,12,1731449074
1449,7436897820189166903,2024-11-13,We always find that shade 🌊,We always find that shade 🌊,0,34600,11,1731537715
1450,7437242739684674872,2024-11-14,@Exile Skimboards just slides forever,@Exile Skimboards just slides forever,0,715800,12,1731618022
1451,7437848580242541879,2024-11-16,Full session of this novelty wave,Full session of this novelty wave,0,305400,64,1731759080
1452,7438359097373658423,2024-11-17,Who needs to paddle when you can slide out?,Who needs to paddle when you can slide out?,0,224700,10,1731877943
1453,7438713485715967288,2024-11-18,Finding some cool things to do when the waves are small in Nazare,Finding some cool things to do when the waves are small in Nazare,0,53500,61,1731960457
1454,7439106895098531128,2024-11-19,My favorite waves in the world,My favorite waves in the world,0,553200,14,1732052055
1455,7439858134845394231,2024-11-21,"Surfing big waves is the highest level of surfing. For that you have to be fully prepared, body and mind. The Red Bull training week is always fun to keep us in shape for the big swell @Red Bull Surfing","Surfing big waves is the highest level of surfing. For that you have to be fully prepared, body and mind. The Red Bull training week is always fun to keep us in shape for the big swell @Red Bull Surfing",0,57100,64,1732226965
1456,7440223590366072119,2024-11-22,Never let them know your next move,Never let them know your next move,0,43900,10,1732312053
1457,7440542406967184696,2024-11-23,Can’t get much better than this,Can’t get much better than this,0,545200,18,1732386286
1458,7440915679395712312,2024-11-24,Just wanna chill and catch my wave,Just wanna chill and catch my wave,0,293400,16,1732473198
1459,7441346298978094392,2024-11-25,This might be the craziest air I’ve ever done,This might be the craziest air I’ve ever done,0,513600,9,1732573460
1460,7441713309579021624,2024-11-26,The big wave season is here! It’s time to make my skimboard fly,The big wave season is here! It’s time to make my skimboard fly,0,222500,32,1732658905
1461,7442096618322578744,2024-11-27,One second can change everything in big wave surfing Shot by @Yunes Khader,One second can change everything in big wave surfing Shot by @Yunes Khader,0,40400000,18,1732748156
1462,7442686104379133240,2024-11-29,We are ready for everything! How many layers did you count?,We are ready for everything! How many layers did you count?,0,2100000,91,1732885404
1463,7443172047066303800,2024-11-30,You can’t get a better session than this,You can’t get a better session than this,0,124600,62,1732998546
1464,7443580187087949111,2024-12-01,Barrel time hits different on a skimboard 🙂‍↔️🙂‍↕️ Shot by @Yunes Khader,Barrel time hits different on a skimboard 🙂‍↔️🙂‍↕️ Shot by @Yunes Khader,0,48400,19,1733093577
1465,7443951206185110840,2024-12-02,What does skimboarding a moving mountain looks like,What does skimboarding a moving mountain looks like,0,64900,16,1733179962
1466,7444326259556912439,2024-12-03,The surf coliseum,The surf coliseum,0,52800,61,1733267285
1467,7444665891758918967,2024-12-04,You guessed it! @Red Bull got us the best training week possible,You guessed it! @Red Bull got us the best training week possible,0,61700,28,1733346363
1468,7445038693523508536,2024-12-05,"We keep pushing the limit, wondering what would be like in 2025 Video by @Eric Wittkopf","We keep pushing the limit, wondering what would be like in 2025 Video by @Eric Wittkopf",0,36400,65,1733433164
1469,7445428836629548294,2024-12-06,Sliding around and getting barreled without fins Video by @Above Creators,Sliding around and getting barreled without fins Video by @Above Creators,0,63600,24,1733523999
1470,7445750538970467590,2024-12-07,Best feeling in the world: Sliding out for a nice wave,Best feeling in the world: Sliding out for a nice wave,0,162200,11,1733598899
1471,7446182744922541318,2024-12-08,Finless action in the big waves paradise,Finless action in the big waves paradise,0,44400,20,1733699529
1472,7446543472229633285,2024-12-09,Flying out to a perfect liner,Flying out to a perfect liner,0,236900,8,1733783518
1473,7446917557644168454,2024-12-10,Story behind my craziest rescue ever with @willsantana_,Story behind my craziest rescue ever with @willsantana_,0,1100000,61,1733870617
1474,7447239627250928902,2024-12-11,The secret to train my legs,The secret to train my legs,0,2900000,15,1733945602
1475,7447651036203912454,2024-12-12,One of my favorite combos,One of my favorite combos,0,2800000,11,1734041392
1476,7448024453759470853,2024-12-13,Defiying gravity to get the combo,Defiying gravity to get the combo,0,80800,10,1734128336
1477,7448385573347413253,2024-12-14,Sliding far for a novelty shorebreak,Sliding far for a novelty shorebreak,0,370200,11,1734212417
1478,7448770991032962310,2024-12-15,A moment we carry with us for life! Rescuing my friend @willsantana_,Um momento que levamos para a vida! Resgate do meu amigo @willsantana_,1,2200000,60,1734302154
1479,7449085667654520069,2024-12-16,How to lose a wave 🥲,How to lose a wave 🥲,0,200700,17,1734375418
1480,7449506804939164933,2024-12-17,Chasing monstrous shorebreaks,Chasing monstrous shorebreaks,0,1100000,15,1734473474
1481,7450196874440510726,2024-12-19,Skimboard might be the most versatile wave sport 🤔,Skimboard might be the most versatile wave sport 🤔,0,3500000,64,1734634139
1482,7450990258738515206,2024-12-21,The wave of a lifetime 🥹,The wave of a lifetime 🥹,0,1400000,16,1734818866
1483,7451628186309283090,2024-12-23,My favorite way to arrive at the beach 😌,My favorite way to arrive at the beach 😌,0,1500000,18,1734967390
1484,7452119250564566278,2024-12-24,Sometimes you just need to believe,Sometimes you just need to believe,0,12100000,14,1735081730
1485,7452444436593675526,2024-12-25,The scariest waves in the world @gigantesdenazare,The scariest waves in the world @gigantesdenazare,0,1100000,64,1735157441
1486,7452815637979680005,2024-12-26,This is Brasil! 🇧🇷,This is Brasil! 🇧🇷,0,6100000,12,1735243868
1487,7453215210912910598,2024-12-27,Sliding around my favorite shore break,Sliding around my favorite shore break,0,10100000,8,1735336901
1488,7453619081044839686,2024-12-29,One of the my most viral videos of all time and my craziest rescue ever,One of the my most viral videos of all time and my craziest rescue ever,0,1700000,61,1735430936
1489,7453811914481732870,2024-12-29,Best feeling in the world,Best feeling in the world,0,30200000,13,1735475832
1490,7454264887578004741,2024-12-30,This place is not for everyone,This place is not for everyone,0,99900,65,1735581298
1491,7454649023639604486,2024-12-31,Starting the year with a slide for good luck,Starting the year with a slide for good luck,0,21400000,11,1735670736
1492,7455424545122422021,2025-01-02,Skimboarding concept,Skimboarding concept,0,314000,65,1735851303
1493,7455815311573503238,2025-01-03,The revolutionary gear for giant waves!,O equipamento revolucionário para ondas gigantes!,1,246000,61,1735942288
1494,7456203072403033349,2025-01-04,Finding a barrel anywhere,Finding a barrel anywhere,0,251500,9,1736032569
1495,7456569949834710277,2025-01-05,This year was the most challenging competition ever,This year was the most challenging competition ever,0,113300,13,1736117989
1496,7457207112481950982,2025-01-07,Crazy wave during the united skim tour! GoPro angle by @SoLagLocal,Crazy wave during the united skim tour! GoPro angle by @SoLagLocal,0,1400000,22,1736266338
1497,7457630298243616006,2025-01-08,My favorite shuv it combo 💞,My favorite shuv it combo 💞,0,486600,9,1736364867
1498,7457994736155086086,2025-01-09,Glassy Nazare is perfection,Glassy Nazare is perfection,0,95200,12,1736449721
1499,7458387727415856389,2025-01-10,Playing with my favorite tricks,Playing with my favorite tricks,0,373200,8,1736541224
1500,7459096110418758918,2025-01-12,We went all in against the scariest shorebreak,We went all in against the scariest shorebreak,0,3400000,63,1736706157
1501,7459497695837719813,2025-01-13,The magic of the second rescue!,A magia do segundo resgate!,1,87500,61,1736799657
1502,7459883316745948422,2025-01-14,I had to say goodbye to the juris,I had to say goodbye to the juris,0,71500,10,1736889443
1503,7460267140478668037,2025-01-15,The best big wave surfers in the world @Lucas Chumbo and @Justine Dupont tried my skimboard!,The best big wave surfers in the world @Lucas Chumbo and @Justine Dupont tried my skimboard!,0,149300,19,1736978805
1504,7460635545052531973,2025-01-16,"1st part of my skimboard tutorial, basics to get in your board !","1st part of my skimboard tutorial, basics to get in your board !",0,53900,77,1737064582
1505,7460958905695243525,2025-01-17,"Part 2 of my beginner skimboard tutorial, if you want to see part 1 or the ones after it they'll all be on my profile!","Parte 2 do meu tutorial base de skimboard, se quiser ver a parte 1 ou as seguintes elas vão estar no perfil!",1,34900,89,1737139870
1506,7461342676294667526,2025-01-18,I still don’t know which one I prefer 🤔 GoPro angle by @SoLagLocal,I still don’t know which one I prefer 🤔 GoPro angle by @SoLagLocal,0,136400,19,1737229226
1507,7461765658099862789,2025-01-19,From the little shorebreak to the wave of a lifetime at Jaws,From the little shorebreak to the wave of a lifetime at Jaws,0,42500,19,1737327709
1508,7462135890702372101,2025-01-20,I’m addicted to this turn on massive shorebreaks,I’m addicted to this turn on massive shorebreaks,0,680000,11,1737413911
1509,7462503482524716293,2025-01-21,Sliding around the backyard,Sliding around the backyard,0,112000,9,1737499497
1510,7462863931736870149,2025-01-22,"No doubt, the most versatile sport of all time !!","No doubt, the most versatile sport of all time !!",0,122000,61,1737583421
1511,7463151622030560518,2025-01-23,Gold times! One my first skimboard waves with a jetski,Gold times! One my first skimboard waves with a jetski,0,40000,25,1737650401
1512,7463600346321980678,2025-01-24,To more polite guys asking for videos 🙌🏼,To more polite guys asking for videos 🙌🏼,0,258700,13,1737754880
1513,7464003737875467525,2025-01-25,I call it skurf 🤷🏼‍♂️😂,I call it skurf 🤷🏼‍♂️😂,0,382300,15,1737848803
1514,7464336945297116421,2025-01-26,"Yes, that’s a biggerspin on a skimboard, on a big wave :)","Yes, that’s a biggerspin on a skimboard, on a big wave :)",0,49000,16,1737926384
1515,7464718607369653510,2025-01-27,My board just didn’t stop sliding,My board just didn’t stop sliding,0,2300000,11,1738015246
1516,7465088422210817285,2025-01-28,Found a novelty wave in Portugal,Found a novelty wave in Portugal,0,352600,13,1738101350
1517,7465819920761163013,2025-01-30,"Ocean of many dreams, captured by @lucasjavabrito","Ocean of many dreams, captured by @lucasjavabrito",0,530800,32,1738271666
1518,7466156346702925062,2025-01-31,The big differences between my skimboard and traditional tow-in boards,As grandes diferenças entre o meu skimboard e as pranchas tradicionais de towin,1,1200000,62,1738349993
1519,7466590941126626565,2025-02-01,This week we caught one of the craziest swells in Nazare! Video by @katarinaghidirmic,This week we caught one of the craziest swells in Nazare! Video by @katarinaghidirmic,0,104800,18,1738451181
1520,7466923083719331078,2025-02-02,360 + 540 = perfect combo,360 + 540 = perfect combo,0,532700,10,1738528516
1521,7467686843883080965,2025-02-04,Impossible slide out with my @Exile Skimboards,Impossible slide out with my @Exile Skimboards,0,1100000,10,1738706342
1522,7468081639931776262,2025-02-05,The skim playground,The skim playground,0,90000,8,1738798260
1523,7468375661372132613,2025-02-06,Storm Hermínia brought the biggest waves of the season!,Tempestade Hermínia trouxe as maiores ondas da temporada!,1,51400,78,1738866718
1524,7468760642401438982,2025-02-07,Brasil vibes all day 🇧🇷🇧🇷🇧🇷,Brasil vibes all day 🇧🇷🇧🇷🇧🇷,0,3600000,11,1738956355
1525,7469114216306494775,2025-02-08,World record attempt of more 360 Shuv its on a Skimboard in a row! (Finishing with a big spin),World record attempt of more 360 Shuv its on a Skimboard in a row! (Finishing with a big spin),0,26100,37,1739038678
1526,7469510272475041030,2025-02-09,Finding sand barrels,Finding sand barrels,0,52800,7,1739130891
1527,7469900056137698615,2025-02-10,My favorite Skimboarding waves,My favorite Skimboarding waves,0,55100,15,1739221647
1528,7470221835938925830,2025-02-11,Any other way missing 🤔,Any other way missing 🤔,0,215000,61,1739296565
1529,7470481947450445062,2025-02-12,"Once in California, you need to get barreled!","Once in California, you need to get barreled!",0,59900,13,1739357128
1530,7471035208033127686,2025-02-13,California sunsets hit different,California sunsets hit different,0,1200000,10,1739485942
1531,7471332021701184823,2025-02-14,Reaching out to impossible waves,Reaching out to impossible waves,0,292800,12,1739555050
1532,7472069832490421510,2025-02-16,Last one got me dancing on the rocks 😂,Last one got me dancing on the rocks 😂,0,94600,60,1739726835
1533,7472525613727894839,2025-02-17,We gotta love both perspectives,We gotta love both perspectives,0,152400,22,1739832957
1534,7472886015376641285,2025-02-18,My favorite way to finish a wave,My favorite way to finish a wave,0,5400000,10,1739916869
1535,7473146501863066885,2025-02-19,This one made me fly!,This one made me fly!,0,93900,12,1739977514
1536,7473618050693090615,2025-02-20,This one took me away in the end 😂,This one took me away in the end 😂,0,28200,11,1740087308
1537,7474281032896859398,2025-02-22,There’s no best feeling in the world,There’s no best feeling in the world,0,155200,10,1740241670
1538,7474726421777091845,2025-02-23,I forgot my shorts and couldn’t resist the sunset session 🇧🇷,I forgot my shorts and couldn’t resist the sunset session 🇧🇷,0,1300000,6,1740345370
1539,7475134956063165702,2025-02-24,Defying this waves was one of the craziest moments of my life,Defying this waves was one of the craziest moments of my life,0,554200,61,1740440490
1540,7475469630715317510,2025-02-25,Wasn’t expecting that end 🫠,Wasn’t expecting that end 🫠,0,24100,9,1740518412
1541,7475824932488809734,2025-02-26,Always cool to see the skim fans around the beach wherever I go,Always cool to see the skim fans around the beach wherever I go,0,23400,12,1740601138
1542,7476172354599603461,2025-02-27,Trust the process and keep working on yourself!,Trust the process and keep working on yourself!,0,14500,31,1740682026
1543,7476510675943148806,2025-02-28,Mt favorite wave in the world,Mt favorite wave in the world,0,532000,28,1740760799
1544,7476923318130576646,2025-03-01,Skimboard playground,Skimboard playground,0,49200,7,1740856877
1545,7477717464126655749,2025-03-03,These waves were made for skimboarding,These waves were made for skimboarding,0,1700000,11,1741041778
1546,7478092739368766726,2025-03-04,I found a perfect wave in Mexico 🇲🇽,I found a perfect wave in Mexico 🇲🇽,0,28200,12,1741129152
1547,7478413034021539077,2025-03-05,This might be the session of a lifetime!,This might be the session of a lifetime!,0,24100,61,1741203732
1548,7478754032081833271,2025-03-06,,,0,209500,9,1741283121
1549,7479172207940209925,2025-03-07,Competition vibes from 2 different spectators 🤳🏽VS🛸,Competition vibes from 2 different spectators 🤳🏽VS🛸,0,26000,14,1741380485
1550,7479488300785388805,2025-03-08,Skimboarding brought me to the most crazy waves in the world and this one is the most perfect!,Skimboarding brought me to the most crazy waves in the world and this one is the most perfect!,0,124700,18,1741454080
1551,7479917873981295927,2025-03-09,My favorite backyard,My favorite backyard,0,60300,13,1741554099
1552,7480322248209960198,2025-03-10,Skimboard: the most versatile board in the world 🤝🏼,Skimboard: the most versatile board in the world 🤝🏼,0,426500,15,1741648253
1553,7480692359987072262,2025-03-11,Always on the mission to find the perfect shorebreak,Always on the mission to find the perfect shorebreak,0,47000,9,1741734426
1554,7481389712507145477,2025-03-13,Fastest way to go downstairs,Fastest way to go downstairs,0,167300,12,1741896787
1555,7482154485612137734,2025-03-15,Storm days have a different meaning now!,Storm days have a different meaning now!,0,15900,13,1742074853
1556,7482545936858746167,2025-03-16,You just gotta believe !,You just gotta believe !,0,127300,10,1742165996
1557,7482925899701161221,2025-03-17,Might not take another way downstairs,Might not take another way downstairs,0,130000,11,1742254461
1558,7483588563393596677,2025-03-19,We need some maths for this one! Who can help me out?,We need some maths for this one! Who can help me out?,0,13800,40,1742408751
1559,7483984209141337349,2025-03-20,I got my dreams wave this season 🥹 @True Source,I got my dreams wave this season 🥹 @True Source,0,13200,35,1742500864
1560,7484397249326304517,2025-03-21,Happy with the simple things,Feliz no simples,1,22800,13,1742597036
1561,7484733714119806213,2025-03-22,This one was tricky to get!,This one was tricky to get!,0,179800,12,1742675374
1562,7485118157938543878,2025-03-23,The only way to handle a full day in the water! @True Source,The only way to handle a full day in the water! @True Source,0,8971,29,1742764884
1563,7485465601360547127,2025-03-24,This is how we surf waves in Brasil,This is how we surf waves in Brasil,0,29600,16,1742845782
1564,7486161790670359826,2025-03-26,This one broke me in half 😂,This one broke me in half 😂,0,78500,11,1743007874
1565,7486533328791751942,2025-03-27,"After 2 weeks of injury, we’re back stronger than ever! And the reaction says everything 😂","After 2 weeks of injury, we’re back stronger than ever! And the reaction says everything 😂",0,32700,13,1743094379
1566,7486950392178199814,2025-03-28,Could this be a new world record?,Será que temos novo record mundial ?,1,50100,30,1743191486
1567,7487784102247025926,2025-03-31,Impossible is only possible if we believe so!,Impossible is only possible if we believe so!,0,11500000,13,1743385598
1568,7488092929794280759,2025-03-31,You gotta unlock the helicopter trick first 🚁,You gotta unlock the helicopter trick first 🚁,0,31300,10,1743457503
1569,7488465224182304055,2025-04-01,This might be the longest wave of my life! Definitely the longest Skimboard competition wave ever,This might be the longest wave of my life! Definitely the longest Skimboard competition wave ever,0,45500,64,1743544187
1570,7488833959841860870,2025-04-02,The secret is in the timing of the two waves joining 🌊,O segredo está no timiming da junção das duas ondas 🌊,1,30700,12,1743630039
1571,7489482743592602885,2025-04-04,Thanks to my friends who were committed to record 😂🫶🏼,Thanks to my friends who were committed to record 😂🫶🏼,0,24400,61,1743781094
1572,7489813419906862391,2025-04-05,The magic of California barrels,The magic of California barrels,0,545900,14,1743858085
1573,7490664086825340215,2025-04-07,I decided to ask my idol my followers' questions!,Decidi fazer questionário dos meus seguidores ao meu ídolo!,1,7725,54,1744056147
1574,7491010128670428471,2025-04-08,The secret was passed @Italo Ferreira - Surfista @Red Bull Brasil 🇧🇷,The secret was passed @Italo Ferreira - Surfista @Red Bull Brasil 🇧🇷,1,11500,40,1744136719
1575,7491428232575601925,2025-04-09,One of the most dangerous waves on the planet 😳 square waves or X waves!,One of the most dangerous waves on the planet 😳 square waves or X waves!,0,126800,61,1744234064
1576,7491710079041801477,2025-04-10,We love running 🏃🏼,We love running 🏃🏼,0,23600,11,1744299685
1577,7492463348911492358,2025-04-12,What freedom feels like 😌,What freedom feels like 😌,0,661400,22,1744475070
1578,7492913085401828613,2025-04-13,Storm swell in Portugal goes crazy,Storm swell in Portugal goes crazy,0,34800,12,1744579782
1579,7493278757805952311,2025-04-14,Summer time obstacles,Summer time obstacles,0,54600,11,1744664926
1580,7493657811063147782,2025-04-15,My fav combo 😌,My fav combo 😌,0,339300,8,1744753178
1581,7494041017285397815,2025-04-16,No better place to get ready for the championship,No better place to get ready for the championship,0,20400,61,1744842401
1582,7494783693844729094,2025-04-18,Finding little fun ones,Finding little fun ones,0,98500,11,1745015318
1583,7495158195187387654,2025-04-19,I found a Portuguese gem,I found a Portuguese gem,0,68000,10,1745102514
1584,7496158043839696183,2025-04-22,My favorites waves in the world and the most unique!,My favorites waves in the world and the most unique!,0,14600,16,1745335310
1585,7496591859628739895,2025-04-23,Nothing beats the feeling of a perfect slide out,Nothing beats the feeling of a perfect slide out,0,78600,8,1745436313
1586,7496914150959025463,2025-04-24,The most iconic comments on this video,Os comentários mais iconicos desse vídeo,1,28300,66,1745511351
1587,7497260641309281542,2025-04-25,This might be my favorite European wave,This might be my favorite European wave,0,86000,12,1745592026
1588,7497704917197393158,2025-04-26,The craziest shorebreak I’ve ever caught,The craziest shorebreak I’ve ever caught,0,17400,17,1745695466
1589,7498036527700790583,2025-04-27,The square waves are back!,The square waves are back!,0,239300,14,1745772677
1590,7498433412223618359,2025-04-28,Sharing a barrel in competition is not for everyone,Sharing a barrel in competition is not for everyone,0,41500,11,1745865085
1591,7498806872946822455,2025-04-29,Novelty wave was found!,Novelty wave was found!,0,105700,9,1745952037
1592,7499187710851058950,2025-04-30,Cabo de San Lucas is one of the craziest waves on the planet,Cabo de San Lucas is one of the craziest waves on the planet,0,751700,13,1746040707
1593,7499578854395088183,2025-05-01,There’s no better preparation than Portugal ✨,There’s no better preparation than Portugal ✨,0,26400,9,1746131778
1594,7499936441779227909,2025-05-02,"Behind the scenes at the surf contest in Portugal, redbull athetlete zone on top form once again!","Bastidores do campeonato de surf em Portugal, redbull athetlete zone mais uma vez na sua melhor forma!",1,17700,66,1746215038
1595,7500300407378382085,2025-05-03,In search for the best sand barrel,In search for the best sand barrel,0,2100000,11,1746299777
1596,7500676968107494661,2025-05-04,"best coffee table view, morning sessions are always the best","best coffee table view, morning sessions are always the best",0,226400,12,1746387452
1597,7501437953726532869,2025-05-06,Had to develop my own stand up for this one!,Had to develop my own stand up for this one!,0,13000,61,1746564634
1598,7501832927534140677,2025-05-07,Getting used to my wetsuits for Europe cold waters @@mormaiioficial,Getting used to my wetsuits for Europe cold waters @@mormaiioficial,0,1200000,10,1746656595
1599,7502183741477883142,2025-05-08,The world tour started and can’t wait to be back for this one,The world tour started and can’t wait to be back for this one,0,175500,6,1746738274
1600,7502623145963080966,2025-05-10,Definitely one of the hardest waves to catch with a skimboard,Definitely one of the hardest waves to catch with a skimboard,0,39200,28,1746840582
1601,7502987751751535877,2025-05-11,Mexico with magical sunset waves,Mexico with magical sunset waves,0,2500000,18,1746925475
1602,7503341571346042118,2025-05-11,Longest barrel I’ve ever done with my skimboard,Longest barrel I’ve ever done with my skimboard,0,35500,18,1747007854
1603,7503722563567389958,2025-05-13,Doing what I love the most,Doing what I love the most,0,431800,15,1747096563
1604,7504079818263153975,2025-05-13,Only those who really know drop into this one 🇲🇽,Nesse só bota pra dentro quem sabe 🇲🇽,1,51100,60,1747179742
1605,7504465298880253190,2025-05-15,Back to my favorite playground 🇧🇷,Back to my favorite playground 🇧🇷,0,81300,12,1747269490
1606,7505039759429995782,2025-05-16,Why paddling when you can slide to a wave!,Why paddling when you can slide to a wave!,0,222300,11,1747403242
1607,7505607566995639557,2025-05-18,Finding my way through this wave made by the rocks,Finding my way through this wave made by the rocks,0,944400,13,1747535448
1608,7505963601841147141,2025-05-19,Nothing beats a perfect slide out for a wave,Nothing beats a perfect slide out for a wave,0,73300000,11,1747618343
1609,7506958706383392006,2025-05-21,Broke my wetsuit on this one 😂,Broke my wetsuit on this one 😂,0,37000,28,1747850034
1610,7507450078651616518,2025-05-23,The best championship is about to start and the waves are firing!,The best championship is about to start and the waves are firing!,0,52200,15,1747964441
1611,7507804696271277318,2025-05-24,The drone almost got caught in the end 😳,The drone almost got caught in the end 😳,0,244500,26,1748047006
1612,7508110392808180997,2025-05-24,My favorite wave in the world,My favorite wave in the world,0,591400,18,1748118180
1613,7508521731405958405,2025-05-25,Today I won the championship on my favorite beach in the world 🏆,Today I won the championship on my favorite beach in the world 🏆,0,12500000,25,1748213953
1614,7509247240985251078,2025-05-27,What score would you give this wave?,What score would you give this wave?,0,36600,16,1748382875
1615,7509633327184235832,2025-05-28,First wave of the day and it was a good one!,Primeira onda do dia deu bom!,1,34000,60,1748472767
1616,7510039232237325624,2025-05-30,Craziest skimboard competition ever!,Craziest skimboard competition ever!,0,355500,14,1748567275
1617,7510789726471785784,2025-06-01,Getting the craziest air time,Getting the craziest air time,0,112600,9,1748742013
1618,7511119704287759621,2025-06-01,My favorite place in the world for barrels 🫶🏼,My favorite place in the world for barrels 🫶🏼,0,22400,16,1748818840
1619,7511467473041100088,2025-06-02,skim +surf = skurf,skim +surf = skurf,0,169700,30,1748899814
1620,7511921815040642309,2025-06-04,This place is the Meca of skimboarding,This place is the Meca of skimboarding,0,74200,28,1749005599
1621,7512622916287171845,2025-06-06,"It doesn't get better than this one! Sununga, Ubatuba 🇧🇷","Não tem melhor que essa! Sununga, Ubatuba 🇧🇷",1,128700,61,1749168834
1622,7513391771435453702,2025-06-08,My favorite wave in the world,My favorite wave in the world,0,60200,16,1749347847
1623,7514010716987231544,2025-06-09,Last wave made me fly away 😂,Last wave made me fly away 😂,0,2900000,25,1749491956
1624,7514446035264032006,2025-06-10,I dropped the secret to staying as loose as possible in your heats!,Soltei o segredo para o corpo mais solto possível nas baterias!,1,33200,68,1749593313
1625,7514840516140240133,2025-06-11,Is this the craziest wave in the world?,Is this the craziest wave in the world?,0,81400,24,1749685159
1626,7515589945663278342,2025-06-14,Big swell brought me the best wave of the day on the first light,Big swell brought me the best wave of the day on the first light,0,29900,38,1749859652
1627,7516236945127689477,2025-06-15,"World skimboarding tour had the second stop in Brasil, my home 🇧🇷","World skimboarding tour had the second stop in Brasil, my home 🇧🇷",0,81100,60,1750010291
1628,7516742080517999877,2025-06-17,Surfing with a tiny board 🤯,Surfing with a tiny board 🤯,0,39500,25,1750127903
1629,7517039585520520453,2025-06-17,My friends reaction said everything,My friends reaction said everything,0,68400,18,1750197172
1630,7517424877075172614,2025-06-18,The most important process we have in big wave surfing!,O processo mais importante que temos no surf de ondas gigantes!,1,3200000,84,1750286877
1631,7518165962172960006,2025-06-20,My favorite wave in the world,My favorite wave in the world,0,7300000,19,1750459427
1632,7518901852189003013,2025-06-22,Finding a barrel in my last competition wave!,Finding a barrel in my last competition wave!,0,58500,15,1750630765
1633,7519311624172277048,2025-06-24,The worst nightmare in big wave surfing 🥲,The worst nightmare in big wave surfing 🥲,0,3300000,27,1750726172
1634,7519537314188594438,2025-06-24,"The history of our sport goes way, way back!",A história do nosso esporte vem de muitos anos atrás!,1,86900,61,1750778718
1635,7519958567248596280,2025-06-25,Couldn’t let that one pass @Joao Lucas next one is yours!,Couldn’t let that one pass @Joao Lucas next one is yours!,0,326200,18,1750876798
1636,7520393705040235832,2025-06-26,Trying to find the best score for my first wave of the competition!,Trying to find the best score for my first wave of the competition!,0,181100,17,1750978111
1637,7520937424369749254,2025-06-28,My board almost broke with the landing 🫣,My board almost broke with the landing 🫣,0,32600,9,1751104708
1638,7521890377167621432,2025-06-30,"So much vibe in this city, scored so many waves 🌊","Muita vibe nessa cidade, rufou muita onda 🌊",1,36400,17,1751326585
1639,7522500027906919736,2025-07-02,My favorite way to fly 🚀,My favorite way to fly 🚀,0,41600,11,1751468530
1640,7522961998011747589,2025-07-03,Have you ever seen a wave made by rocks?,Have you ever seen a wave made by rocks?,0,411600,20,1751576090
1641,7523675011178302726,2025-07-05,Definitely one of my favorite waves ever!,Definitely one of my favorite waves ever!,0,1600000,19,1751742100
1642,7524053093462445368,2025-07-06,Sometimes you just need to believe!,Sometimes you just need to believe!,0,65400,21,1751830132
1643,7524817583514684677,2025-07-08,I still can’t decide what’s my favorite,I still can’t decide what’s my favorite,0,5600000,60,1752008139
1644,7525195105100107064,2025-07-09,We always find a barrel 😌,We always find a barrel 😌,0,58700,19,1752096026
1645,7525896444251884805,2025-07-11,It’s never too big 🫡,It’s never too big 🫡,0,327400,26,1752259320
1646,7526672645622877445,2025-07-13,The perfect combination doesn’t exis…,The perfect combination doesn’t exis…,0,671400,7,1752440040
1647,7527056980440206648,2025-07-14,Finding shade on a sunny day ☀️,Finding shade on a sunny day ☀️,0,113800,12,1752529528
1648,7527427381062061318,2025-07-15,Time stoped for a second,Time stoped for a second,0,84300,6,1752615769
1649,7528149186940865798,2025-07-17,The most unique wave in the world,The most unique wave in the world,0,74900,23,1752783826
1650,7528499808634572037,2025-07-18,Best competition of the year @Joogsquad @Tfue,Melhor competição do ano @Joogsquad @Tfue,1,66200,95,1752865461
1651,7529082117771382021,2025-07-20,Finding a novelty wave,Finding a novelty wave,0,29000,18,1753001044
1652,7529634989319703813,2025-07-21,The iconic Portuguese beach with perfect conditions for skim!,A iconica praia Portuguesa com condições perfeitas para skim!,1,34300,61,1753129766
1653,7529963464182336773,2025-07-22,Perfect ramp for a slide out,Perfect ramp for a slide out,0,982200,11,1753206246
1654,7530712657742056709,2025-07-24,The most novelty wave I’ve ever saw,The most novelty wave I’ve ever saw,0,29500,12,1753380683
1655,7531093424833891589,2025-07-25,Best feeling in the world!,Best feeling in the world!,0,81600,29,1753469336
1656,7531470710015855928,2025-07-26,Holding on my skimboard,Holding on my skimboard,0,65100,15,1753557177
1657,7531758517099810054,2025-07-27,My new favorite way to finish a wave,My new favorite way to finish a wave,0,110000,11,1753624191
1658,7532231120050769158,2025-07-28,When the beach is just for yourself with perfect waves,When the beach is just for yourself with perfect waves,0,106700,13,1753734227
1659,7532578785141558584,2025-07-29,I think my dog wants to catch waves too,I think my dog wants to catch waves too,0,3600000,9,1753815175
1660,7532989646750387462,2025-07-30,I still dream of missing this wave,I still dream of missing this wave,0,39700,9,1753910834
1661,7533695623221103878,2025-08-01,Sometimes you just need to believe the barrel,Sometimes you just need to believe the barrel,0,97400,10,1754075208
1662,7534098723337522437,2025-08-02,When the waves combine with the best time of the day,When the waves combine with the best time of the day,0,60800,17,1754169062
1663,7534453668335258936,2025-08-03,Dream big 🫡,Dream big 🫡,0,471300,16,1754251703
1664,7535121080315399480,2025-08-05,Sex exchange mid wave 👀,Sex exchange mid wave 👀,0,54400,12,1754407096
1665,7535552186277809464,2025-08-06,One more stop and we make it 🏆🏆🏆🏆🏆,One more stop and we make it 🏆🏆🏆🏆🏆,0,184100,9,1754507471
1666,7535923824634760504,2025-08-07,This little one was fun!,This little one was fun!,0,231900,13,1754594000
1667,7536526845391539462,2025-08-09,How to get 2 barrels in one wave,How to get 2 barrels in one wave,0,49900,20,1754734404
1668,7537469578314583301,2025-08-11,We made it!! 🏆🏆🏆🏆🏆,We made it!! 🏆🏆🏆🏆🏆,0,103400,60,1754953901
1669,7537805991723732230,2025-08-12,Helicopter 🚁 before the wave,Helicopter 🚁 before the wave,0,328200,10,1755032227
1670,7538047321620139269,2025-08-13,What’s the best angle 🧐,What’s the best angle 🧐,0,656100,18,1755088414
1671,7538838730111520006,2025-08-15,Enjoy midsummer waves now with #LoveandDeepspace 🌊 #YouAndMidsummer,Enjoy midsummer waves now with #LoveandDeepspace 🌊 #YouAndMidsummer,0,550800,53,1755272679
1672,7540050396035714309,2025-08-18,I still can’t pick my favorite,I still can’t pick my favorite,0,3000000,68,1755554793
1673,7540397346597752069,2025-08-19,"Sorry buddy, you catch the next one!","Sorry buddy, you catch the next one!",0,46200,13,1755635575
1674,7540694476193303813,2025-08-20,Sometimes you gotta trust yourself and send it!,Sometimes you gotta trust yourself and send it!,0,604000,11,1755704757
1675,7541151054918880518,2025-08-21,The difference between my first board and my board today!,A diferença da minha primeira prancha para a minha prancha atual!,1,263300,67,1755811062
1676,7541884963080179000,2025-08-23,Most unique wave in the world,Most unique wave in the world,0,38000,23,1755981941
1677,7542286195162615045,2025-08-24,I have to go back to this one 👨🏼‍🎨🥐,I have to go back to this one 👨🏼‍🎨🥐,0,331400,14,1756075357
1678,7542832025900813574,2025-08-26,Finding the perfect line down the beach,Finding the perfect line down the beach,0,27600,9,1756202443
1679,7543381695848844550,2025-08-27,Quando a session é de verdade tem que ter aquela pausa pra @True Source Nutrition When I have a long skim session I always make sure to bring my suplements and snacks to have a break between waves,Quando a session é de verdade tem que ter aquela pausa pra @True Source Nutrition When I have a long skim session I always make sure to bring my suplements and snacks to have a break between waves,0,14100,68,1756330422
1680,7543734563026062648,2025-08-28,4th place baby 🫡,4th place baby 🫡,0,45300,17,1756412581
1681,7544081163384605958,2025-08-29,You can’t beat a POV!,You can’t beat a POV!,0,294600,20,1756493282
1682,7544799155139448120,2025-08-31,"Before, during and after the session 🤝🏼 @True Source Nutrition","Before, during and after the session 🤝🏼 @True Source Nutrition",0,8940,43,1756660452
1683,7545153438292708614,2025-09-01,Finding a sider wave in California,Finding a sider wave in California,0,24700,14,1756742938
1684,7545901041695395078,2025-09-03,The difference between my board and the big wave surfers' boards,A diferença entre a minha prancha para as dos surfistas de ondas gigantes,1,189700,62,1756917004
1685,7546260456705363205,2025-09-04,My father-in-law is better than yours!,O meu sogro é melhor que o vosso!,1,157800,87,1757000683
1686,7546994400375704888,2025-09-06,@Exile Skimboards new foamy is ready to shred,@Exile Skimboards new foamy is ready to shred,0,71800,20,1757171570
1687,7547425966688046342,2025-09-07,Combo of the day,Combo of the day,0,65900,10,1757272053
1688,7548213048788602117,2025-09-09,My favorite way to start a session,My favorite way to start a session,0,47100,8,1757455312
1689,7548534092279696645,2025-09-10,We got in!!! Check the result in the end 👀,We got in!!! Check the result in the end 👀,0,54400,62,1757530059
1690,7548909280209030456,2025-09-11,My favorite wave of the competition,My favorite wave of the competition,0,9200000,10,1757617413
1691,7549706911046700344,2025-09-13,Finding the perfect wrap,Finding the perfect wrap,0,495200,8,1757803126
1692,7550352662923988230,2025-09-15,Still dreaming about this wave 💭,Still dreaming about this wave 💭,0,21800,18,1757953481
1693,7550811752393477382,2025-09-16,Sliding for an impossible wave during a competition,Sliding for an impossible wave during a competition,0,1400000,9,1758060372
1694,7551199163921239352,2025-09-17,"One of my favorite waves, caught by @João Serrão","One of my favorite waves, caught by @João Serrão",0,32500,13,1758150569
1695,7551916494666419468,2025-09-19,Skimboarding the biggest waves in Brasil,Skimboarding the biggest waves in Brasil,0,11500,61,1758317585
1696,7552247734951087371,2025-09-20,The barrel of a lifetime,The barrel of a lifetime,0,19500,13,1758394709
1697,7552675021223628044,2025-09-21,The behind the scenes that no one sees,The behind the scenes that no one sees,0,616700,26,1758494194
1698,7553046495956700427,2025-09-22,Messing around in the little channel 🤪,Brincando na valinha 🤪,1,56100,60,1758580689
1699,7553396397597330744,2025-09-23,My dog was trying to catch the wave with me,My dog was trying to catch the wave with me,0,323500,8,1758662155
1700,7554046060142841100,2025-09-25,Everyone always asks me 🤔,Everyone always asks me 🤔,0,399100,23,1758813411
1701,7554516479492836664,2025-09-26,Nothing beats the OG running for me,Nothing beats the OG running for me,0,45300,61,1758922945
1702,7555203544953965836,2025-09-28,Wait for it,Wait for it,0,263800,21,1759082912
1703,7555568995638938891,2025-09-29,My favorite wave in the world,My favorite wave in the world,0,110000,28,1759167998
1704,7556024467437178168,2025-09-30,The best conditions 😌,As melhores condições 😌,1,61400,62,1759274049
1705,7556402349397347640,2025-10-01,The best beach for skim? All of them!,A melhor praia para o skim são todas!,1,17900,62,1759362031
1706,7557082069621493048,2025-10-03,Finally made this one!,Finally made this one!,0,21900,14,1759520295
1707,7557504312893607180,2025-10-04,Sometimes I feel like my board slides forever,Sometimes I feel like my board slides forever,0,21000,12,1759618600
1708,7558232689317317900,2025-10-06,You can’t beat a good sider wave!,You can’t beat a good sider wave!,0,23100,11,1759788193
1709,7558622907652443403,2025-10-07,Big wave season starts soon 🫡,Big wave season starts soon 🫡,0,31200,31,1759879043
1710,7558874859112074507,2025-10-08,I guess I have to stay on the little ones,I guess I have to stay on the little ones,0,210600,20,1759937705
1711,7559656922224414008,2025-10-10,The reason why I learned how to control my board 😂,The reason why I learned how to control my board 😂,0,253400,11,1760119798
1712,7560040848725986572,2025-10-11,Wave playground 🛝,Wave playground 🛝,0,10500,12,1760209186
1713,7560429589726612748,2025-10-12,The place where I learned everything I know!,The place where I learned everything I know!,0,32100,9,1760299696
1714,7560844949961428235,2025-10-13,When the perfect one appears,When the perfect one appears,0,44300,18,1760396408
1715,7561505019997031692,2025-10-15,My type of barrels,My type of barrels,0,14200,11,1760550086
1716,7561841904879488263,2025-10-16,Snow season is here,Snow season is here,0,18500,25,1760628521
1717,7562289186242432263,2025-10-17,Wave took the kid out!,Wave took the kid out!,0,69100,9,1760732669
1718,7562651077380738312,2025-10-18,How to cross the beach with waves made from rocks,How to cross the beach with waves made from rocks,0,925800,15,1760816926
1719,7563058990100385031,2025-10-19,Finding a novelty wave,Finding a novelty wave,0,76200,15,1760911903
1720,7563627554259766536,2025-10-21,Enjoying the local playground 🇧🇷,Enjoying the local playground 🇧🇷,0,21900,9,1761044275
1721,7564062878119054600,2025-10-22,Charging the most dangerous shorebreaks in the world,Charging the most dangerous shorebreaks in the world,0,360100,16,1761145633
1722,7564545578881797394,2025-10-23,Skimboarding rare waves in Europe,Skimboarding rare waves in Europe,0,1100000,16,1761258020
1723,7565220580828400914,2025-10-25,Skimboarding over rocks,Skimboarding over rocks,0,18500,12,1761415182
1724,7565641392886795527,2025-10-26,This one kinda hurt,This one kinda hurt,0,85000,12,1761513166
1725,7566041947421429000,2025-10-27,I guess I need to stick to the little ones,I guess I need to stick to the little ones,0,14500,17,1761606429
1726,7566714617737579794,2025-10-29,The MOST IMPORTANT partner in big wave surfing @Red Bull Surfing @Red Bull,A companheira MAIS IMPORTANTE no surf de ondas gigantes @Red Bull Surfing @Red Bull,1,151400,61,1761763039
1727,7567147995137887506,2025-10-30,Might be the favorite wave of my life,Might be the favorite wave of my life,0,23400,11,1761863946
1728,7567486209237257490,2025-10-31,The sport is on the move! Let's skimboard,O esporte está se movimentando! Vamos skimboard,1,18500,53,1761942692
1729,7568185753864293650,2025-11-02,Doing the impossible on a skimboard 🏄🏼‍♂️ @Red Bull Brasil 🇧🇷,Fazendo o impossível numa prancha de skim 🏄🏼‍♂️ @Red Bull Brasil 🇧🇷,1,210600,83,1762105568
1730,7568567409586539794,2025-11-03,Big wave season is here 🫡,Big wave season is here 🫡,0,123000,28,1762194431
1731,7568978367198858503,2025-11-04,World surf champions try my skimboard in a wave pool! @yagodora @Italo Ferreira - Surfista,Campeões mundiais de surf tentam a minha prancha de skimboard em piscina de ondas! @yagodora @Italo Ferreira - Surfista,1,76200,61,1762290110
1732,7569314525787262215,2025-11-05,My skimboard is ready to break records one more year,My skimboard is ready to break records one more year,0,43600,22,1762368380
1733,7569754271105764626,2025-11-06,Sometimes you just gotta trust your infinite slide,Sometimes you just gotta trust your infinite slide,0,65500,11,1762470767
1734,7570053812346555655,2025-11-07,Skimboarding in my favorite wave in the world 🇧🇷,Skimboarding in my favorite wave in the world 🇧🇷,0,2800000,18,1762540509
1735,7570879338019605778,2025-11-09,The reason why we have to prepare ourselves physical and mentally!,The reason why we have to prepare ourselves physical and mentally!,0,1300000,60,1762732718
1736,7571173479622413576,2025-11-10,The Meca of skimboarding with perfect conditions,The Meca of skimboarding with perfect conditions,0,13400,22,1762801204
1737,7571805550862683410,2025-11-12,First wave of the season on my skimboard!,First wave of the season on my skimboard!,0,1400000,28,1762948363
1738,7572525368268229895,2025-11-14,Testing the vest on day one of the season,Testando o colete no primeiro dia da temporada,1,583400,61,1763115958
1739,7573091311213923591,2025-11-15,Making the impossible possible 🫡,Making the impossible possible 🫡,0,111800,15,1763247730
1740,7573462668258987271,2025-11-16,World championship of skimboarding,World championship of skimboarding,0,1600000,61,1763334195
1741,7573995186875878664,2025-11-18,Sliding out on the backyard,Sliding out on the backyard,0,19600,12,1763458178
1742,7574449488140520722,2025-11-19,I found a novelty wave in Portugal!,I found a novelty wave in Portugal!,0,17100,11,1763563955
1743,7574924820874284295,2025-11-20,"One of my favorite competitions, in Portugal!","One of my favorite competitions, in Portugal!",0,22500,14,1763674626
1744,7575541763184659730,2025-11-22,Stormy days are my favorite!,Stormy days are my favorite!,0,30000,23,1763818270
1745,7576231743376739592,2025-11-24,We proved it wrong 🫡,We proved it wrong 🫡,0,19000,16,1763978918
1746,7576635089057090823,2025-11-25,Helicopter back to the beach 🚁,Helicopter back to the beach 🚁,0,94300,9,1764072830
1747,7577018103616343303,2025-11-26,There’s nothing like this feeling!,There’s nothing like this feeling!,0,22000,34,1764162006
1748,7577717340838677778,2025-11-28,This one took me down in the end,This one took me down in the end,0,1300000,21,1764324811
1749,7578176140066573576,2025-11-29,One of the craziest waves in the world!,One of the craziest waves in the world!,0,80200,27,1764431633
1750,7578514551428107528,2025-11-30,Had to ask for a 10 on this one,Had to ask for a 10 on this one,0,87600,9,1764510425
1751,7578982963547819282,2025-12-01,Two steps for a wave!,Two steps for a wave!,0,20900,11,1764619492
1752,7579673932962352402,2025-12-03,Breaking limits everyday,Breaking limits everyday,0,16700,20,1764780367
1753,7580087089178463506,2025-12-04,The place where all started 🇧🇷,The place where all started 🇧🇷,0,65300,61,1764876562
1754,7580457531978304775,2025-12-05,What does a skimboard competition looks like,What does a skimboard competition looks like,0,110800,13,1764962812
1755,7581027003537591560,2025-12-07,FIRST GIANT DAY OF THE YEAR,PRIMEIRO DIA GIGANTE DO ANO,1,59900,35,1765095400
1756,7581542647207087378,2025-12-08,I guess we have to deal with mountains now 🫡,I guess we have to deal with mountains now 🫡,0,85600,17,1765215462
1757,7581866685381004564,2025-12-09,The wipeout on the last one tho 😱 Tomei mo caldo na última kkkk #nazare #bigwaves #skimboard #surfing,The wipeout on the last one tho 😱 Tomei mo caldo na última kkkk #nazare #bigwaves #skimboard #surfing,0,22600,66,1765290911
1758,7581976705309478151,2025-12-09,Big wave surfing is only possible with a team like this!,O surf de ondas gigantes só é possível com uma equipa dessas!,1,44600,60,1765316525
1759,7582351548345306388,2025-12-10,My favorite wave in the world,My favorite wave in the world,0,46000,21,1765403806
1760,7582644544416566549,2025-12-11,Running + Surf + Skate = skimboarding,Running + Surf + Skate = skimboarding,0,38500,9,1765472017
1761,7583118608285371668,2025-12-12,The wave of my life!,The wave of my life!,0,1300000,26,1765582404
1762,7583918765599886612,2025-12-15,Making history with my skimboard!,Making history with my skimboard!,0,25100,26,1765768698
1763,7584401833645378836,2025-12-16,Wait for the barrel,Wait for the barrel,0,33300,24,1765881171
1764,7585189634750074133,2025-12-18,Best way to start the day,Best way to start the day,0,177300,9,1766064589
1765,7585655879677103380,2025-12-19,We love to fly from the waves!,We love to fly from the waves!,0,33400,14,1766173156
1766,7586034267604536597,2025-12-20,You are never prepared for a wave like this in your head,You are never prepared for a wave like this in your head,0,35000,35,1766261258
1767,7586640490104130837,2025-12-22,There’s no wave better than this,There’s no wave better than this,0,1300000,61,1766402394
1768,7587191492758834452,2025-12-23,People couldn’t believe in this wave,People couldn’t believe in this wave,0,6800000,11,1766530688
1769,7587569173945978132,2025-12-24,Nazaré Christmas hits different 😂 shoutout to the crazy jetsky skydive 🪂 @lukeaikins,Nazaré Christmas hits different 😂 shoutout to the crazy jetsky skydive 🪂 @lukeaikins,0,29800,24,1766618622
1770,7587936860609989909,2025-12-25,More mountains for breakfast please,More mountains for breakfast please,0,31800,15,1766704238
1771,7588638186180594964,2025-12-27,Best reaction of the day ❤️,A melhor reação do dia ❤️,1,58400,11,1766867527
1772,7589053725789015317,2025-12-28,The most anxious problem to solve,The most anxious problem to solve,0,15700,66,1766964280
1773,7589396255307042069,2025-12-29,"Skimboard was made for little waves, they say 🤷🏼‍♂️","Skimboard was made for little waves, they say 🤷🏼‍♂️",0,60000,22,1767044038
1774,7590020148766133524,2025-12-31,My 2025 goal is complete 🫡,My 2025 goal is complete 🫡,0,35900,61,1767189280
1775,7590576496046116117,2026-01-02,One of my favorite tricks,One of my favorite tricks,0,53600,8,1767318827
1776,7590854805799652629,2026-01-02,My most iconic sand barrel wave,My most iconic sand barrel wave,0,255600,7,1767383622
1777,7591255115735092501,2026-01-03,One of the best competitions ever!,One of the best competitions ever!,0,30200,20,1767476824
1778,7591634330623937812,2026-01-04,Doing what a lot of people thought was impossible on a skimboard @Red Bull Brasil 🇧🇷 @Red Bull Surfing,Fazendo o que muitos acharam impossível numa prancha de skim @Red Bull Brasil 🇧🇷 @Red Bull Surfing,1,67200,28,1767565117
1779,7592007992929815829,2026-01-05,European winter is coming and the waves too!,European winter is coming and the waves too!,0,93100,11,1767652126
1780,7592298567012764946,2026-01-06,Skimboarding the most dangerous waves in the planet!,Skimboarding the most dangerous waves in the planet!,0,365900,12,1767719767
1781,7592762481823567111,2026-01-07,The crazies first wave of my life,The crazies first wave of my life,0,160700,62,1767827783
1782,7592925773665783060,2026-01-08,This technique is the secret to me landing every trick hahaha #corteslucasfink #skimboard #surf #parafina,Essa técnica é o segredo pra eu acertar todas as manobras kkkk #corteslucasfink #skimboard #surf #parafina,1,41500,25,1767865803
1783,7593108596938919186,2026-01-08,Testing how far can my board take me,Testing how far can my board take me,0,47600,15,1767908368
1784,7593709203584339207,2026-01-10,"My favorite breakfast, sand barrels 🤪","My favorite breakfast, sand barrels 🤪",0,11400,61,1768048206
1785,7594259947500653832,2026-01-12,My dream wave,My dream wave,0,20800,27,1768176439
1786,7594595298341686546,2026-01-12,European winter is a skim paradise ✨,European winter is a skim paradise ✨,0,19900,16,1768254522
1787,7594981801458715912,2026-01-13,Testing new methods 🤪,Testing new methods 🤪,0,18200000,15,1768344512
1788,7595345166978796808,2026-01-14,This and a croissant per day 🇫🇷🥐✨,This and a croissant per day 🇫🇷🥐✨,0,32800,21,1768429116
1789,7595695442914970898,2026-01-15,Replying to @João Serrão the magic behind the glide!,A responder a @João Serrão a magia por trás do deslize!,1,289400,46,1768510663
1790,7596064518048943378,2026-01-16,I couldn’t believe in the end,I couldn’t believe in the end,0,18400,11,1768596597
1791,7596465480928398600,2026-01-17,First wave first barrel 😌,First wave first barrel 😌,0,253100,16,1768689953
1792,7596830939641138439,2026-01-18,Backyard morning session 🇧🇷,Backyard morning session 🇧🇷,0,75700,15,1768775047
1793,7597182213620370695,2026-01-19,The most important tool in big wave surfing!,A ferramenta mais importante do surf de ondas gigantes!,1,9525,61,1768856835
1794,7597570360959044872,2026-01-20,Clibbing a mountain was worthy for this one 🇲🇽,Clibbing a mountain was worthy for this one 🇲🇽,0,12300,61,1768947208
1795,7597970573687328008,2026-01-22,No need for paddling 🙂‍↔️,No need for paddling 🙂‍↔️,0,27100,12,1769040388
1796,7598302082394787079,2026-01-22,"It’s been a good run 👋🥹❤️ end of an competition era, 5 world titles and many memories!","It’s been a good run 👋🥹❤️ end of an competition era, 5 world titles and many memories!",0,44300,22,1769117577
1797,7598667109853416722,2026-01-23,Couldn’t believe in this backwash!,Couldn’t believe in this backwash!,0,121900,18,1769202563
1798,7599054832409824519,2026-01-24,We survived one of the worst wipeouts in surf history!,Sobrevivemos a um dos piores capotes da história do surf!,1,7956,78,1769292836
1799,7599398287778565383,2026-01-25,The fastest way down 😂,The fastest way down 😂,0,130500,12,1769372799
1800,7599798064601238802,2026-01-26,There’s nothing like the backyard 🇧🇷,There’s nothing like the backyard 🇧🇷,0,160700,16,1769465885
1801,7600121155227487496,2026-01-27,Trick session with friends,Trick session with friends,0,118900,9,1769541108
1802,7600553129179974920,2026-01-28,Just using the most versatile board in the planet,Just using the most versatile board in the planet,0,33500,14,1769641686
1803,7600894925047205128,2026-01-29,This is Nazaré in a very small day,This is Nazaré in a very small day,0,39500,13,1769721265
1804,7601256052436372754,2026-01-30,Full send in black slopes,Full send in black slopes,0,88600,16,1769805345
1805,7601602857808252178,2026-01-31,The shorebreak war continues!,The shorebreak war continues!,0,216000,13,1769886093
1806,7601917496005823751,2026-02-01,Brazilian skimboard competitions always go hard,Brazilian skimboard competitions always go hard,0,30500,16,1769959348
1807,7602352517065755922,2026-02-02,My reaction in the end said everything 🤤,My reaction in the end said everything 🤤,0,103800,22,1770060636
1808,7602718769537895688,2026-02-03,Farming my slide out,Farming my slide out,0,78100,14,1770145910
1809,7603141224945503506,2026-02-04,How to steal waves from surfers,How to steal waves from surfers,0,8732,11,1770244269
1810,7603478577622846738,2026-02-05,Making sure the wave of the day doesn’t escape 🏃🏽💨,Making sure the wave of the day doesn’t escape 🏃🏽💨,0,69800,28,1770322818
1811,7603872972108991752,2026-02-06,Learning the best with the few waves I had in this place 🫡,Learning the best with the few waves I had in this place 🫡,0,158400,18,1770414645
1812,7604261895696059656,2026-02-07,Testing my skimboard aerodynamics,Testing my skimboard aerodynamics,0,39700,8,1770505198
1813,7604639423321345288,2026-02-08,"First time skimboarding a flooded city, thanks for the call @Adrien Raza 🙌🏼 #lisboa #portugal","First time skimboarding a flooded city, thanks for the call @Adrien Raza 🙌🏼 #lisboa #portugal",0,397400,17,1770593096
1814,7604961664143805704,2026-02-09,Best skim session in the rain I've ever had 🙌 What a sick day with the boyss @Adrien Raza @vicentemata @João Serrão,Melhor session de skim na chuva que ja fiz na vida 🙌 Que dia irado com os amigoss @Adrien Raza @vicentemata @João Serrão,1,236300,14,1770668124
1815,7605372416881167624,2026-02-10,Skimboard going viral among the best surfers in the world 🤔,Skimboard viralizando entre os melhores surfistas do mundo 🤔,1,102300,64,1770763762
1816,7605715999060446482,2026-02-11,Counting the days to be back in my backyard 🇧🇷,Counting the days to be back in my backyard 🇧🇷,0,20400,9,1770843757
1817,7606094280020577543,2026-02-12,It’s not everyday you get 2 perfect sider waves at The Wedge,It’s not everyday you get 2 perfect sider waves at The Wedge,0,38700,33,1770931833
1818,7606454463745871111,2026-02-13,Skimboarding or Snowboarding?,Skimboarding or Snowboarding?,0,82700,33,1771015696
1819,7606826968939531541,2026-02-14,The rock was a paid actor,The rock was a paid actor,0,46400,29,1771102431
1820,7607185166288702741,2026-02-15,Slide out training in my Portuguese backyard,Slide out training in my Portuguese backyard,0,3800000,12,1771185838
1821,7607569181764062485,2026-02-16,That’s what you get when you skimboard over rocks,That’s what you get when you skimboard over rocks,0,870900,15,1771275245
1822,7607975963221052692,2026-02-17,"Different beaches shape different waves and you can skimboard them all, you just need to adapt your slide","Different beaches shape different waves and you can skimboard them all, you just need to adapt your slide",0,101400,61,1771369955
1823,7608298649814076692,2026-02-18,My first time shredding this gnarly waves,My first time shredding this gnarly waves,0,39300,26,1771445084
1824,7608720419587099925,2026-02-19,We made this happen in the rain 😂 Filmed by @João Serrão,We made this happen in the rain 😂 Filmed by @João Serrão,0,138900,15,1771543286
1825,7609089517076679956,2026-02-20,Sliding over the white wash to get the wave,Sliding over the white wash to get the wave,0,192500,12,1771629224
1826,7609834350892371221,2026-02-22,"Same wave, 3 different angles and different cameras. Wave of my life","Same wave, 3 different angles and different cameras. Wave of my life",0,29800,25,1771802643
1827,7610188808658619669,2026-02-23,Golden hour VS Early bird,Golden hour VS Early bird,0,34100,16,1771885171
1828,7610560339524062485,2026-02-24,Best way to start the day 😌,Best way to start the day 😌,0,1700000,26,1771971670
1829,7610910170398395668,2026-02-25,"Best moments of the 25/26 Big Wave season Thank you to everyone involved, off to Brazil ✈️ 🇧🇷 and until next time Portugal 🇵🇹 ❤️","Melhores momentos da temporada de Ondas Gigantes 25/26 Obrigado aos envolvidos, partiu Brasil ✈️ 🇧🇷 e até a próxima Portugal 🇵🇹 ❤️",1,37500,13,1772053123
1830,7611191795648613652,2026-02-26,Best skim contest of all time 🇧🇷,Best skim contest of all time 🇧🇷,0,23500,13,1772118692
1831,7611647362607598869,2026-02-27,We're back in our own backyard 🇧🇷,Estamos de volta ao quintal de casa 🇧🇷,1,463200,11,1772224766
1832,7612419551132781844,2026-03-01,The mellowest day in Nazaré,O dia mais tranquilo em Nazaré,1,2800000,62,1772404561
1833,7612677186327350548,2026-03-02,You gotta have both locked in 🔐,You gotta have both locked in 🔐,0,33900,20,1772464538
1834,7613162188739546389,2026-03-03,Searching for secret waves,Searching for secret waves,0,14700,12,1772577468
1835,7613544938709486869,2026-03-04,Sliding out playground,Sliding out playground,0,1100000,13,1772666581
1836,7613847401136442645,2026-03-05,Skimboard in the Olympics soon?,Skimboard nas olimpíadas em breve?,1,67200,35,1772737010
1837,7614238894640434453,2026-03-06,No fins club 😌,No fins club 😌,0,15600,13,1772828160
1838,7614657679830551829,2026-03-07,Sliding to my favorite wave in the world 🇧🇷,Sliding to my favorite wave in the world 🇧🇷,0,13800,24,1772925658
1839,7614972148767100180,2026-03-08,It worked out in the end 😂,Deu certo no fim 😂,1,70300,23,1772998885
1840,7615402636052876565,2026-03-09,Lifetime rides with the contest jersey 🏆❤️,Lifetime rides with the contest jersey 🏆❤️,0,813500,61,1773099108
1841,7615775272343735572,2026-03-10,Fun tow session on the small stuff getting ready for the first swell of the season in Brazil 🇧🇷 🏄‍♂️,Sessao divertida de tow na marola se preparando pro primeiro swell da temporada no Brasil 🇧🇷 🏄‍♂️,1,52400,26,1773185867
1842,7615969010064084245,2026-03-11,"Blind Mismatch - Edition 7 We put together a five-time world champion who drops 30m waves on a board with no fins, a good-looking blind homie who against every possible adversity is absolutely flying - and me, who can wiggle my ears. As if it wasn't enough that our elite marksman managed to ride a skimboard without seeing a thing, he also landed himself a spot in a feature on @bandtv another soap-opera morning wrapped up successfully. if you want part 2 of this day, just ask in the comments. #AtiradorDeElite #SkimboardCego #AindaBemQueNãoToEmSP","Desencontro às cegas - Edição 7 Juntamos um pentacampeão mundial que desce onda de 30m em uma prancha sem quilha, um pretinho gostosinho deficiente visual que contra todas as adversidades possíveis está voando - e eu, que sei mexer a orelha. Não bastou nosso atirador de elite conseguir andar de skimboard sem ver nada, ainda conseguiu carona em uma matéria na @bandtv mais uma manhã de novela concluída com sucesso. se quiser parte 2 desse dia, só pedir nos comentários. #AtiradorDeElite #SkimboardCego #AindaBemQueNãoToEmSP",1,26000,92,1773230973
1843,7616141246595075348,2026-03-11,Sliding in my favorite playground 🇧🇷,Sliding in my favorite playground 🇧🇷,0,92300,7,1773271076
1844,7616511408435432725,2026-03-12,Skimboarding big waves in Brasil 🇧🇷,Skimboarding big waves in Brasil 🇧🇷,0,35800,25,1773357271
1845,7616843722973564181,2026-03-13,Recent tow session with the team 🤝 @Lucas Chumbo 🎥 @Yunes Khader,Recent tow session with the team 🤝 @Lucas Chumbo 🎥 @Yunes Khader,0,67400,35,1773434646
1846,7617153263699234069,2026-03-14,Charging into the biggest shorebreak in the world,Charging into the biggest shorebreak in the world,0,33200,15,1773506703
1847,7617573085645982997,2026-03-15,There’s nothing like RJ 🇧🇷,There’s nothing like RJ 🇧🇷,0,13400,19,1773604460
1848,7618004483691253012,2026-03-16,Testing to see if the boards really came trained up 😂 @Italo Ferreira - Surfista,Testando para ver se as pranchas estão ensinadas mesmo 😂 @Italo Ferreira - Surfista,1,75300,30,1773704896
1849,7618346208465030420,2026-03-17,The secret to paddling into waves on a skimboard 👀 But a perfect wave helps,O segredo pra surfar na remada de skim 👀 Mas a onda perfeita ajuda,1,33300,61,1773784461
1850,7618725666225245460,2026-03-18,A different kind of session at the pool 🏄‍♂️ Today I lived out the dream of using the winch on artificial waves and this was the result on the very first try. Huge thanks to everyone involved in this project - 🎥 @yuneskhader 👨‍✈️ @breno_benevides 🏠 @jhsfinstitucional @boavistavillage @perfectswell,Um rolé diferente na piscina 🏄‍♂️ Hoje realizei o sonho de usar o winch nas ondas artificias e o resultado foi esse já na primeira tentativa. Muito obrigado aos envolvidos nesse projeto - 🎥 @yuneskhader 👨‍✈️ @breno_benevides 🏠 @jhsfinstitucional @boavistavillage @perfectswell,1,349500,25,1773872821
1851,7619117399563832596,2026-03-19,Filmed and narrated by @Italo Ferreira - Surfista 🤳 🗣️ 🤝,Com direito a filmagem e narração do @Italo Ferreira - Surfista 🤳 🗣️ 🤝,1,17000,20,1773964016
1852,7619487192854957332,2026-03-20,Skimboarding in the best playground 🇧🇷,Skimboarding in the best playground 🇧🇷,0,98300,12,1774050119
1853,7619783102839246101,2026-03-21,Getting a little help at this perfect wave,Getting a little help at this perfect wave,0,23000,21,1774119017
1854,7620230838931705109,2026-03-22,POV: skimboarding in RIO 🇧🇷,POV: skimboarding in RIO 🇧🇷,0,6400000,11,1774223261
1855,7620566939722583317,2026-03-23,Skimboard + Winch = unlimited fun,Skimboard + Winch = unlimited fun,0,64600,15,1774301514
1856,7620954129879584021,2026-03-24,Best backyard in the world 🇧🇷,Best backyard in the world 🇧🇷,0,494700,28,1774391680
1857,7621321609185414420,2026-03-25,One of the best sessions I had In California,One of the best sessions I had In California,0,60200,12,1774477239
1858,7621965810344463637,2026-03-27,Skimboarding in Kelly Slater surf ranch,Skimboarding in Kelly Slater surf ranch,0,31300,43,1774627220
1859,7622448669131836692,2026-03-28,Australia skimboarding is next level 🇦🇺,Australia skimboarding is next level 🇦🇺,0,14900,28,1774739645
1860,7622818399516642580,2026-03-29,How far was that slide? 🤔,How far was that slide? 🤔,0,27800,11,1774825739
1861,7623533618765319445,2026-03-31,Skimboarding the top 3 most dangerous waves of the planet!,Skimboarding the top 3 most dangerous waves of the planet!,0,10000,16,1774992250
1862,7623900614015077653,2026-04-01,Strike mission is on 🇦🇺🇦🇺,Strike mission is on 🇦🇺🇦🇺,0,39500,62,1775077701
1863,7624292792675699988,2026-04-02,"First real skim session in Austrália 🇦🇺 Saw some kids playing with their wooden boards and had to give it a try, thanks for sharing 🙌🏼","First real skim session in Austrália 🇦🇺 Saw some kids playing with their wooden boards and had to give it a try, thanks for sharing 🙌🏼",0,87100,34,1775169013
1864,7624655346040098069,2026-04-03,Looks like they approved my skimboard,Looks like they approved my skimboard,0,14100,25,1775253430
1865,7625028383696571669,2026-04-04,Ready to take off,Ready to take off,0,35800,9,1775340280
1866,7625426106262293781,2026-04-05,Riding waves of a lifetime every session in 🇦🇺,Riding waves of a lifetime every session in 🇦🇺,0,18800,14,1775432882
1867,7625785497784175893,2026-04-06,My skimboard is getting used to the ozzy barrels 🤭,My skimboard is getting used to the ozzy barrels 🤭,0,70900,17,1775516553
1868,7626129125790453012,2026-04-07,One of my favorite combos ever,One of my favorite combos ever,0,29800,12,1775596559
1869,7626477891810774293,2026-04-08,The most dangerous wave I’ve ever surfed,The most dangerous wave I’ve ever surfed,0,20000,12,1775677765
1870,7626890255802617109,2026-04-09,I found a lost gem 🌊,I found a lost gem 🌊,0,20500,12,1775773777
1871,7627242677641448724,2026-04-10,A wave to remember forever!,A wave to remember forever!,0,46700,45,1775855830
1872,7627627855169457428,2026-04-11,Skimboarding dangerous X waves,Skimboarding dangerous X waves,0,36300,21,1775945514
1873,7628041630360014101,2026-04-13,How far was that? 🧐,How far was that? 🧐,0,108800,11,1776041851
1874,7628391683603877140,2026-04-13,My favorite way to get back to shore,My favorite way to get back to shore,0,590900,10,1776123361
1875,7628734662692654357,2026-04-14,I guess I stay on these little ones 🫡,I guess I stay on these little ones 🫡,0,23000,39,1776203218
1876,7629133172546063637,2026-04-15,Exploring the African liners,Exploring the African liners,0,24800,13,1776295999
1877,7629388311664282900,2026-04-16,Can’t choose my favorite 🤔,Can’t choose my favorite 🤔,0,98500,64,1776355399
1878,7630582097605971221,2026-04-19,Playing at home 🇧🇷,Jogando em casa 🇧🇷,1,9072,13,1776633355
1879,7630821969880976661,2026-04-20,"Dropping into a new wave! So stoked to announce my partnership with @WAAW by Alok and DJ @alok 🔊 Quality sound is part of my routine, in and out of the water. From the heavy sessions to the post-session on the beach, always on the right beat. This is just the beginning, let's go teamm! 🚀 #waaw #lucasfink #boratime","Dropando uma nova onda! Muito feliz em anunciar minha parecia com a @WAAW by Alok e o DJ @alok 🔊 Som de qualidade faz parte da minha rotina, dentro e fora d’água. Das sessões intensas ao pós-session na praia, sempre no ritmo certo. Isso é só o começo, bora timee! 🚀 #waaw #lucasfink #boratime",1,5761,36,1776689197
1880,7631179774085401877,2026-04-21,World record sliding? 🤔,World record sliding? 🤔,0,13100,12,1776772508
1881,7631335770057428244,2026-04-21,What people think when they see my skimboard,What people think when they see my skimboard,0,14400,18,1776808837
1882,7631741448383221013,2026-04-23,Best way to start a session,Best way to start a session,0,72500,12,1776903292
1883,7632078123978280213,2026-04-23,It's incredible to look back and see how much #skimboard has grown across Brazil and around the world 🙌 An honor to be part of this history,É incrível poder olhar pra trás e notar o crescimento notório do #skimboard pelo Brasil e pelo mundo 🙌 Uma honra fazer parte dessa história,1,34300,62,1776981669
1884,7632450384342174996,2026-04-24,Nothing better than a session at home 🇧🇷,Nothing better than a session at home 🇧🇷,0,75400,20,1777068352
1885,7633168681664646421,2026-04-26,The disc that changed everything!,O disco que mudou tudo!,1,273900,60,1777235595
1886,7633608795939278100,2026-04-28,Novelty wave at home 🇧🇷,Novelty wave at home 🇧🇷,0,20100,14,1777338060
1887,7633941747713740052,2026-04-28,Which trick should I try next? 🤔,Which trick should I try next? 🤔,0,37100,34,1777415578
1888,7634320518866406676,2026-04-29,Found the best way to enjoy a rainy day,Found the best way to enjoy a rainy day,0,173300,13,1777503768
1889,7635054131039833365,2026-05-01,Which one do you guys prefer? 🤔,Qual delas vcs preferem? 🤔,1,245100,23,1777674579
1890,7635440406553038100,2026-05-02,Falling makes it real 🫡,Falling makes it real 🫡,0,4713,14,1777764514
1891,7635804854354562325,2026-05-03,,,0,88700,63,1777849369
1892,7636168293342121236,2026-05-04,Caldo da season 🫡 🎥 @Lucca Biot,Caldo da season 🫡 🎥 @Lucca Biot,0,43100,11,1777933997
1893,7636461751457910036,2026-05-05,"It all worked out guys, ready for the next one!","Deu tudo certo galera, pronto para a próxima!",1,63900,76,1778002312
1894,7636538939989380372,2026-05-05,Yesterday was the biggest wipeout day of my life,Yesterday was the biggest wipeout day of my life,0,66700,28,1778020289
1895,7636906326068661525,2026-05-06,The art of skimboarding big waves,The art of skimboarding big waves,0,79500,16,1778105829
1896,7637285605319200021,2026-05-07,Worst or best? 🤔,Worst or best? 🤔,0,21200,63,1778194134
1897,7637636645054860565,2026-05-08,It exploded at the end 🤯,Ela explodiu no final 🤯,1,203300,66,1778275863
1898,7638004714730294549,2026-05-09,Skimboard 🤝 infinite possibilities,Skimboard 🤝 infinitas possibilidades,1,108800,81,1778361565
1899,7638378108042644756,2026-05-10,Here we go for another week of giant waves 🤯 🇧🇷 🔛,Lá vamos nós pra mais uma semana de ondas gigantes 🤯 🇧🇷 🔛,1,59200,66,1778448506
1900,7638758970877807893,2026-05-11,GRWM for giant waves,GRWM para ondas gigantes,1,97800,84,1778537181
1901,7639474956186701076,2026-05-13,The most intense moments I've had with giant waves!,Momentos mais tensos que tive com ondas gigantes!,1,484600,85,1778703882
1902,7639863299332525332,2026-05-14,My board was not so happy with these waves 🥲,My board was not so happy with these waves 🥲,0,12000,61,1778794314
1903,7640264412359675157,2026-05-15,The swell has arrived 🇧🇷 @Red Bull Surfing @Red Bull Brasil 🇧🇷,O swell chegou 🇧🇷 @Red Bull Surfing @Red Bull Brasil 🇧🇷,1,82800,33,1778887693
1904,7640589259799285013,2026-05-16,Chasing the biggest in Brasil 🇧🇷,Chasing the biggest in Brasil 🇧🇷,0,32900,18,1778963324
1905,7640914893784370453,2026-05-17,Skimboarding the most dangerous waves in Brasil 🇧🇷,Skimboarding the most dangerous waves in Brasil 🇧🇷,0,452500,13,1779039145
1906,7641360000803245333,2026-05-18,He really jumped over me 😂,He really jumped over me 😂,0,8492,19,1779142775
1907,7641661522707582228,2026-05-19,This is my top 3 most insane side waves in the world!,Esse é o meu top 3 das ondas laterais mais insanas do mundo!,1,371200,95,1779212984
1908,7641911626098232596,2026-05-20,The swell doesn't stop 🇧🇷⚠️,O swell não pára 🇧🇷⚠️,1,16300,61,1779271208
1909,7642428641078889749,2026-05-21,From giant waves straight to the streets! Skimboard killed it once again,De ondas gigantes diretamente para as ruas! Skimboard rufou mais uma vez,1,90600,62,1779391587
1910,7642884461738102037,2026-05-23,I took my skimboard to the wake waves! @pepe.wake,Levei a minha prancha de skim para as ondas de wake! @pepe.wake,1,31500,64,1779497715
1911,7643229307774536980,2026-05-23,These are the real layers for giant waves,Essas são as verdadeiras camadas para ondas gigantes,1,137400,71,1779578011
1912,7643634332598275348,2026-05-25,Most intense moment of my life,Momento mais tenso da minha vida,1,25500,63,1779672313
1913,7643944749656853780,2026-05-25,Best smiles in the water! @Orthopride,Melhores sorrisos na água! @Orthopride,1,7018,79,1779744590
1914,7643983418736299284,2026-05-25,Brought the brothers into skim! @lemiska_twins,Trouxe os irmãos para o skim! @lemiska_twins,1,89400,66,1779753588
1915,7644317427114757396,2026-05-26,Top 3 waves on my skimboard!,Top 3 ondas com meu skimboard!,1,170600,87,1779831356
1916,7644726946999586069,2026-05-28,Sununga is back!,Sununga is back!,0,1700000,22,1779926704
1917,7645425240603921684,2026-05-29,The board came already trained 🤪 @Exile Skimboards,Prancha veio ensinada 🤪 @Exile Skimboards,1,23000,27,1780089291
1918,7645839134518480149,2026-05-31,Sliding out to best connection of the day,Sliding out to best connection of the day,0,64700,13,1780185656
1919,7646522646309473556,2026-06-01,Sliding till the sunset,Sliding till the sunset,0,15700,12,1780344805
1920,7646926844675067157,2026-06-02,One less board for the quiver,One less board for the quiver,0,32700,13,1780438914
1921,7647252862455549204,2026-06-03,Sending it to the biggest shorebreak in the world,Sending it to the biggest shorebreak in the world,0,241100,13,1780514814
1922,7647677342415883541,2026-06-04,This is how we skimboard in 🇧🇷,This is how we skimboard in 🇧🇷,0,17900,15,1780613646
1923,7648048751222787349,2026-06-05,European summer hits different ☀️,European summer hits different ☀️,0,22500,18,1780700121
1924,7648366129878027541,2026-06-06,Slide out season is back,Slide out season is back,0,123600,14,1780774023
1925,7648770981250469140,2026-06-07,Sunset session in my Portuguese backyard 🇵🇹,Sunset session in my Portuguese backyard 🇵🇹,0,167000,12,1780868281
1926,7649167654208589076,2026-06-08,Sometimes you just gotta go,Sometimes you just gotta go,0,11700000,17,1780960635
1927,7649911222191639829,2026-06-10,Best coffee view?,Best coffee view?,0,199300,8,1781133762
1928,7650282678691974421,2026-06-11,Lifeguard approved,Lifeguard approved,0,220900,13,1781220249
1929,7650551159958146325,2026-06-12,Ipanema turned into a movie screen!,Ipanema virou tela de cinema!,1,29400,19,1781282756
1930,7651376946021960980,2026-06-14,She got a bit wet in the end,She got a bit wet in the end,0,170100,11,1781475032
1931,7651722180258008341,2026-06-15,I couldn’t believe in these waves,I couldn’t believe in these waves,0,9898,61,1781555411
1932,7652508221600484629,2026-06-17,We're back in the surf capital,Estamos de volta à capital do surf,1,8981,36,1781738428
1933,7652860750611975444,2026-06-18,Bringing skimboard to the biggest surf contest in the world,Trazendo o skimboard para o maior campeonato de surf do mundo,1,279100,16,1781820501
1934,7653257277410987284,2026-06-19,Skim session in the surf capital,Skim session in the surf capital,0,275500,12,1781912829
1935,7654005285836721429,2026-06-22,"Dream come true! The film of the trip of a lifetime, Chumbo and Fink Slab tour, coming soon for you all to watch","Sonho realizado! O filme da trip de uma vida, Chumbo e Fink Slab tour em breve disponível para vcs assistirem",1,17800,18,1782086985
1936,7654345243017399573,2026-06-22,Behind the scenes in the athletes' area in Saquarema,Bastidores da área dos atletas em Saquarema,1,135600,87,1782166137
1937,7654698177500663060,2026-06-23,What else can I test besides these two boards?,O que posso testar além dessas duas pranchas?,1,52000,66,1782248313
1938,7655109902460833045,2026-06-24,The worst moment of my life,The worst moment of my life,0,86700,61,1782344178
1939,7655464990224289045,2026-06-25,I swapped boards with a skim grom,Troquei a minha prancha com a de um skim cria,1,42800,61,1782426851
1940,7655798371831303445,2026-06-26,"Saquarema 2026, another historic year of surf and skimboard","Saquarema 2026, mais um ano histórico de muito surf e skimboard",1,8434,61,1782504476
1941,7656194528222678292,2026-06-27,What’s your favorite color?,What’s your favorite color?,0,2100000,61,1782596710
1942,7656489343938284820,2026-06-28,I found the altinha monster and took him skimboarding! @arthurzinnv,Encontrei o monstro da altinha e levei ele para o skim! @arthurzinnv,1,128000,67,1782665351
1943,7656998691529657620,2026-06-30,Part 1 of the big wave contest,Parte 1 do campeonato de ondas gigantes,1,47200,72,1782783944
1944,7657158260583271701,2026-06-30,Flowing on the waves of Saquarema,Fluindo nas ondas de Saquarema,1,256400,9,1782821090
1945,7657613752107322645,2026-07-01,Really living Saquarema @True,Vivendo de verdade Saquarema @True,1,18100,60,1782927144
1946,7658331573896400148,2026-07-03,"One board, every wave!","One board, every wave!",0,1800000,62,1783094275
1947,7658791403996073237,2026-07-04,Surfing + Skating + Running = Skimboarding,Surfing + Skating + Running = Skimboarding,0,95900,65,1783201342
1948,7659220268207885588,2026-07-06,Mexican shorebreak is the craziest!,Mexican shorebreak is the craziest!,0,138600,61,1783301199
1949,7659589442897841428,2026-07-07,Which one is your favorite?,Which one is your favorite?,0,71500,61,1783387151
1950,7659969625295211796,2026-07-08,Skimboard taking over Brasil big waves!,Skimboard taking over Brasil big waves!,0,10900,61,1783475668
1951,7660334835604442388,2026-07-09,The best thing you can do in the rain!,O melhor que vc pode fazer na chuva!,1,43400,15,1783560698
1952,7660638780826733844,2026-07-09,The question I get asked the most!,A pergunta que mais me fazem!,1,15200,62,1783631465
1953,7661043622992710933,2026-07-10,"Winter in Rio = huge sunny days, beach and epic waves for skimboard 🍇🍯","Inverno no RJ = diazão de sol, praia e altas ondas pra skimboard 🍇🍯",1,17500,61,1783725729
1954,7661461467417283860,2026-07-12,My nightmares became reality!,My nightmares became reality!,0,9345,61,1783823017
1955,7661776900112665877,2026-07-12,"I showed up by surprise today at @escolacariocadeskimboard and the SkimCrias' reaction already made my day 🙌 So good to see the new generation fired up on #Skimboard , they were killing it in today's class 🏄‍♂️","Apareci de surpresa hoje na @escolacariocadeskimboard e já ganhei meu dia com a reação dos SkimCrias 🙌 Muito bom ver a nova geração instigada no #Skimboard , eles estavam arrasando na aula de hoje 🏄‍♂️",1,35500,61,1783896456
1956,7662115916892704021,2026-07-13,Giving him the chance to surf the best wave pool in the world all to himself!,Dando a oportunidade de surfar a melhor piscina de ondas do mundo só para ele!,1,68700,71,1783975392
1957,7662576039532678420,2026-07-15,Nothing better than a backward session 🇧🇷,Nothing better than a backward session 🇧🇷,0,20300,63,1784082520
1958,7662917570697121045,2026-07-16,The day I saved my friend's life surfing giant waves!,O dia que salvei a vida do meu amigo surfando ondas gigantes!,1,117000,62,1784162040
1959,7663215101905866005,2026-07-16,Uncovering the best skim spots in Rio de Janeiro 🇧🇷,Desvendando os melhores lugares para skim no Rio de Janeiro 🇧🇷,1,299300,61,1784231311
1960,7663620096937512213,2026-07-17,Sliding for a perfect connection in my backyard,Sliding for a perfect connection in my backyard,0,23900,10,1784325614
1961,7664047903979130132,2026-07-19,World record!,World record!,0,13300,61,1784425214
1962,7664345845910850837,2026-07-19,The Skimboard Challenge went off 🤪 Comment who won the heat 🤔,Desafio do Skimboard rufou 🤪 Comenta aí quem ganhou a bateria 🤔,1,105600,61,1784494593
1963,7664759491946138901,2026-07-20,The secret to surfing on a skimboard!,O segredo para surfar com prancha de skim!,1,28600,61,1784590896
1964,7665461800065961237,2026-07-22,My favorite playground 🇧🇷,My favorite playground 🇧🇷,0,17100,11,1784754421
1965,7665864941546654996,2026-07-23,Skimboard 🤝🏼 most versatile board in the world,Skimboard 🤝🏼 prancha mais versátil do mundo,1,53400,64,1784848282
1966,7666206441480490261,2026-07-24,The biggest side mission I've ever had!,A major side mission que já tive!,1,20800,63,1784927789
1967,7666608988796095764,2026-07-25,Which one should I go next? 🤔,Which one should I go next? 🤔,0,15700,28,1785021512
1968,7666945778035739924,2026-07-26,Without a doubt the most dangerous wave of my life!,Sem dúvida onda mais perigosa da minha vida!,1,17900,20,1785099928
1969,7667356136395377940,2026-07-27,One of the most fun waves in Rio de Janeiro,One of the most fun waves in Rio de Janeiro,0,19200,11,1785195478
1970,7667709970791763220,2026-07-28,Which one of these do you think it was the worst ⁉️,Which one of these do you think it was the worst ⁉️,0,12900,61,1785277863
1971,7668088183384493333,2026-07-29,That one session I won’t forget 🫶🏼,That one session I won’t forget 🫶🏼,0,7300000,68,1785365927
1972,7668456469339163924,2026-07-30,What’s your favorite view?,What’s your favorite view?,0,18100,17,1785451665
1973,7668787496372669716,2026-07-31,The legacy that needs to happen! 🫡 @skimcenter,O legado que é necessário! 🫡 @skimcenter,1,14800,67,1785528745
1974,7669165515675307285,2026-08-01,Best wave takes the cash! 💰,Best wave takes the cash! 💰,0,144000,86,1785616752
1975,7669880477024652565,2026-08-03,One second can change everything!,One second can change everything!,0,351100,60,1785783227
1976,7670304866278935829,2026-08-04,THIS is the MOST versatile board in the world!,A prancha MAIS versátil do mundo é essa!,1,16300,81,1785882031
1977,7670577836217879828,2026-08-05,Can’t take these Aussie waves from my head!,Can’t take these Aussie waves from my head!,0,8026,20,1785945581
1978,7671044602706709780,2026-08-06,Which one's next?,Qual será a próxima?,1,17700,87,1786054257
1979,7671466628575464725,2026-08-08,Sliding out to the Mexican shorebreak 🇲🇽,Sliding out to the Mexican shorebreak 🇲🇽,0,71000,10,1786152520
1980,7671791322512117013,2026-08-08,What’s the next one that I should bring my skimboard?,What’s the next one that I should bring my skimboard?,0,27000,61,1786228123
1981,7672103794926161173,2026-08-09,Skimboarding floods in Brasil 🇧🇷,Skimboarding floods in Brasil 🇧🇷,0,20000,61,1786300871
1982,7672583606786673941,2026-08-11,One of my favorite 720 of all time,One of my favorite 720 of all time,0,32400,14,1786412585
1983,7672904569730419988,2026-08-11,Too few layers?,Será poucas camadas?,1,178600,102,1786487322
1984,7673286382307101972,2026-08-12,BIG WAVE CONTEST IN RIO!,CAMPEONATO DE ONDAS GIGANTES NO RIO!,1,28600,61,1786576221
1985,7673656737861291285,2026-08-13,My country is the most iconic for Skimboarding 🇧🇷🤝🏼,My country is the most iconic for Skimboarding 🇧🇷🤝🏼,0,24800,63,1786662450
1986,7674032780174576917,2026-08-14,Broken nose and a trophy 🏆,Broken nose and a trophy 🏆,0,53200,61,1786750001
1987,7674703648202493204,2026-08-16,Still trying to understand what this wave did to me 🤕,Still trying to understand what this wave did to me 🤕,0,7899,74,1786906198
1988,7675096715917020436,2026-08-17,This one was on my checklist for a while!,This one was on my checklist for a while!,0,8524,17,1786997716
1989,7675446782381296916,2026-08-18,First steps on a skimboard!,Primeiros passos no skimboard!,1,24100,326,1787079222
1990,7675887573117521173,2026-08-19,Had to trust him 1000% on this one 😂,Had to trust him 1000% on this one 😂,0,14000,22,1787181855
1991,7676619405295455509,2026-08-21,What’s your favorite 🤔,What’s your favorite 🤔,0,24900,61,1787352246
1992,7676971927449226516,2026-08-22,Sometimes you gotta risk it for the biscuit,Sometimes you gotta risk it for the biscuit,0,11300,61,1787434325
1993,7677369496755014933,2026-08-23,Sliding for a perfect combo,Sliding for a perfect combo,0,102700,8,1787526892
